run_id,dataset,backbone,method,family,seed,delay,proto_v,bbv,n_online,mse
5d51a94c4b4b,ETTh2,dlinear,elf_linear,elf,0.0,1,3,,12170,0.9314390420913696
9fc4096ff5c5,ETTh2,dlinear,elf_mix,elf,0.0,1,3,,12170,0.9210317730903625
cc1f5a592080,ETTh2,dlinear,gd_feat_sgddec0.001,gd,0.0,1,3,,12170,0.8021641969680786
da9a988849ec,ETTh2,dlinear,gd_feat_sgddec0.01,gd,0.0,1,3,,12170,
5272c6eae267,ETTh2,dlinear,gd_feat_sgddec0.1,gd,0.0,1,3,,12170,
07f8affec4fe,ETTh2,dlinear,nlms_feat_mu0.02,classic,0.0,1,3,,12170,5.304016590118408
43bdfbc9d1d7,ETTh2,dlinear,nlms_feat_mu0.05,classic,0.0,1,3,,12170,8.320165634155273
6c16226581f3,ETTh2,dlinear,nlms_feat_mu0.3,classic,0.0,1,3,,12170,4.527521133422852
ab0bb8ae78c3,ETTh2,dlinear,rls_bank_dftl,rls_ablation,0.0,1,3,,12170,0.9134921431541443
2585f5f3aecf,ETTh2,dlinear,rls_bank_ftl,rls_ablation,0.0,1,3,,12170,0.9262028336524963
6966ebf7091e,ETTh2,dlinear,rls_bank_med,rls,0.0,1,3,,12170,1.0053542852401733
a57a532a7df6,ETTh2,dlinear,rls_bank_med_noclip,rls_ablation,0.0,1,3,,12170,1.0025590658187866
db5c0becdc2f,ETTh2,dlinear,rls_feat_l0.9995,rls_sweep,0.0,1,3,,12170,1.0282726287841797
69bd9351d0d8,ETTh2,dlinear,rls_feat_l0.9999,rls_sweep,0.0,1,3,,12170,1.0626330375671387
703dc24fe078,ETTh2,dlinear,rls_feat_noclip,rls_ablation,0.0,1,3,,12170,0.9975408911705017
aae19d8fdc15,ETTh2,dlinear,elf_linear,elf,0.0,24,3,,12170,1.187725305557251
2834abe891d1,ETTh2,dlinear,elf_mix,elf,0.0,24,3,,12170,1.0436930656433105
7e8b4b6d38c8,ETTh2,dlinear,gd_feat_sgddec0.001,gd,0.0,24,3,,12170,1.1343036890029907
c2df79152328,ETTh2,dlinear,gd_feat_sgddec0.01,gd,0.0,24,3,,12170,
46e731880917,ETTh2,dlinear,gd_feat_sgddec0.1,gd,0.0,24,3,,12170,
52723e93ad0d,ETTh2,dlinear,nlms_feat_mu0.02,classic,0.0,24,3,,12170,8.651583671569824
71078fd8c299,ETTh2,dlinear,nlms_feat_mu0.05,classic,0.0,24,3,,12170,21.199634552001953
093e48743fb1,ETTh2,dlinear,nlms_feat_mu0.3,classic,0.0,24,3,,12170,65.75865173339844
9371886cc293,ETTh2,dlinear,rls_bank_dftl,rls_ablation,0.0,24,3,,12170,2.7069578170776367
8584adac0c66,ETTh2,dlinear,rls_bank_ftl,rls_ablation,0.0,24,3,,12170,2.7495269775390625
80aaba9ffee4,ETTh2,dlinear,rls_bank_med,rls,0.0,24,3,,12170,1.171492576599121
21f4e57e4631,ETTh2,dlinear,rls_bank_med_noclip,rls_ablation,0.0,24,3,,12170,1.1685523986816406
b4db673b2a32,ETTh2,dlinear,rls_feat_l0.9995,rls_sweep,0.0,24,3,,12170,1.1862802505493164
e7eef12753c1,ETTh2,dlinear,rls_feat_l0.9999,rls_sweep,0.0,24,3,,12170,1.2200534343719482
3c8d59451bd9,ETTh2,dlinear,rls_feat_noclip,rls_ablation,0.0,24,3,,12170,1.162734866142273
4d5c21f018d7,ETTh2,dlinear,elf_linear,elf,0.0,48,3,,12170,1.2672398090362549
c8fc3590ae9d,ETTh2,dlinear,elf_mix,elf,0.0,48,3,,12170,1.0748040676116943
be13732bb458,ETTh2,dlinear,gd_feat_sgddec0.001,gd,0.0,48,3,,12170,1.1946196556091309
5acb38734116,ETTh2,dlinear,gd_feat_sgddec0.01,gd,0.0,48,3,,12170,
e2b9da71c47f,ETTh2,dlinear,gd_feat_sgddec0.1,gd,0.0,48,3,,12170,
1205713dc00b,ETTh2,dlinear,nlms_feat_mu0.02,classic,0.0,48,3,,12170,9.904850959777832
dbdd79497a25,ETTh2,dlinear,nlms_feat_mu0.05,classic,0.0,48,3,,12170,24.69131851196289
bfd4e6f2d3b9,ETTh2,dlinear,nlms_feat_mu0.3,classic,0.0,48,3,,12170,85.26190948486328
4665e33f97ac,ETTh2,dlinear,rls_bank_dftl,rls_ablation,0.0,48,3,,12170,4.298521041870117
58b207fa296f,ETTh2,dlinear,rls_bank_ftl,rls_ablation,0.0,48,3,,12170,4.36541748046875
22ed4d071be5,ETTh2,dlinear,rls_bank_med,rls,0.0,48,3,,12170,1.266758918762207
f13e4dd51b22,ETTh2,dlinear,rls_bank_med_noclip,rls_ablation,0.0,48,3,,12170,1.2641620635986328
e7ec60472a5a,ETTh2,dlinear,rls_feat_l0.9995,rls_sweep,0.0,48,3,,12170,1.2803925275802612
3e4f7e72096f,ETTh2,dlinear,rls_feat_l0.9999,rls_sweep,0.0,48,3,,12170,1.310826301574707
10db626f78cb,ETTh2,dlinear,rls_feat_noclip,rls_ablation,0.0,48,3,,12170,1.2648942470550537
fb806984e2c6,ETTh2,dlinear,elf_linear,elf,0.0,96,3,,12170,1.4441683292388916
6146df05c915,ETTh2,dlinear,elf_mix,elf,0.0,96,3,,12170,1.1482254266738892
2770bea4fdc0,ETTh2,dlinear,gd_feat_sgddec0.001,gd,0.0,96,3,,12170,1.3094305992126465
7f9fff042de2,ETTh2,dlinear,gd_feat_sgddec0.01,gd,0.0,96,3,,12170,
fadf024a8df3,ETTh2,dlinear,gd_feat_sgddec0.1,gd,0.0,96,3,,12170,
e6e3202e8be0,ETTh2,dlinear,nlms_feat_mu0.02,classic,0.0,96,3,,12170,12.833938598632812
c0ffafb814f0,ETTh2,dlinear,nlms_feat_mu0.05,classic,0.0,96,3,,12170,32.86994934082031
f0fe532d2234,ETTh2,dlinear,nlms_feat_mu0.3,classic,0.0,96,3,,12170,102.83357238769531
e6dda7bba6f2,ETTh2,dlinear,rls_bank_dftl,rls_ablation,0.0,96,3,,12170,5.472986221313477
e0f5156f5c0a,ETTh2,dlinear,rls_bank_ftl,rls_ablation,0.0,96,3,,12170,5.558276176452637
05ab53efb4f2,ETTh2,dlinear,rls_bank_med,rls,0.0,96,3,,12170,1.4168307781219482
7ddb10fa25a2,ETTh2,dlinear,rls_bank_med_noclip,rls_ablation,0.0,96,3,,12170,1.414575219154358
b3a6800a235b,ETTh2,dlinear,rls_feat_l0.9995,rls_sweep,0.0,96,3,,12170,1.4298213720321655
5e6d61b10219,ETTh2,dlinear,rls_feat_l0.9999,rls_sweep,0.0,96,3,,12170,1.4585243463516235
02362f8ac424,ETTh2,dlinear,rls_feat_noclip,rls_ablation,0.0,96,3,,12170,1.418926477432251
2b0e930633d9,ETTh2,dlinear,bias_ema,simple,,1,3,,12170,0.7805173993110657
04f3ae305b42,ETTh2,dlinear,frozen,frozen,,1,3,,12170,1.2893989086151123
8997cb765f7b,ETTh2,dlinear,gd_calib_sgd0.0001,gd,,1,3,,12170,1.0200040340423584
49de2ad4f247,ETTh2,dlinear,gd_calib_sgd0.001,gd,,1,3,,12170,0.7906764149665833
9b21016bd454,ETTh2,dlinear,gd_calib_sgd0.01,gd,,1,3,,12170,
72758fb00483,ETTh2,dlinear,gd_calib_sgd0.1,gd,,1,3,,12170,
aad74fbf4d49,ETTh2,dlinear,gd_feat_adam0.01,gd,,1,3,,12170,0.9358517527580261
540f8ea8b550,ETTh2,dlinear,gd_feat_sgd0.0001,gd,,1,3,,12170,0.9649806022644043
d94c5066ada3,ETTh2,dlinear,gd_feat_sgd0.001,gd,,1,3,,12170,13.512853622436523
262f85f7fa27,ETTh2,dlinear,gd_feat_sgd0.01,gd,,1,3,,12170,
3ff0c85aba4e,ETTh2,dlinear,gd_feat_sgd0.1,gd,,1,3,,12170,
825543ef4896,ETTh2,dlinear,naive,naive,,1,3,,12170,1.1195809841156006
a8dc82165f1c,ETTh2,dlinear,nlms_feat,classic,,1,3,,12170,8.803586959838867
5249f9a9dd01,ETTh2,dlinear,rls_calib,rls,,1,3,,12170,1.1536000967025757
e0bee262f309,ETTh2,dlinear,rls_feat,rls,,1,3,,12170,1.0026930570602417
5f8420bf11fd,ETTh2,dlinear,rls_feat_l0.99,rls_sweep,,1,3,,12170,0.9240376353263855
a53751464844,ETTh2,dlinear,rls_feat_l0.995,rls_sweep,,1,3,,12170,0.91880863904953
23651a0b6cfb,ETTh2,dlinear,rls_feat_l1,rls_sweep,,1,3,,12170,1.0735117197036743
050bdd1adb07,ETTh2,dlinear,snaive,naive,,1,3,,12170,1.483655571937561
ddafeebd061b,ETTh2,dlinear,bias_ema,simple,,24,3,,12170,1.4243215322494507
178e2ab1f3ad,ETTh2,dlinear,frozen,frozen,,24,3,,12170,1.2893989086151123
7b569a70ebf1,ETTh2,dlinear,gd_calib_sgd0.0001,gd,,24,3,,12170,1.2406246662139893
c4d68d0c8e52,ETTh2,dlinear,gd_calib_sgd0.001,gd,,24,3,,12170,1.2512294054031372
59f4699c2611,ETTh2,dlinear,gd_calib_sgd0.01,gd,,24,3,,12170,
11c9ddb09f1a,ETTh2,dlinear,gd_calib_sgd0.1,gd,,24,3,,12170,
5b9d9a761b4a,ETTh2,dlinear,gd_feat_adam0.01,gd,,24,3,,12170,1.3117945194244385
37a0e9c42b32,ETTh2,dlinear,gd_feat_sgd0.0001,gd,,24,3,,12170,1.1689811944961548
8b7737dfa302,ETTh2,dlinear,gd_feat_sgd0.001,gd,,24,3,,12170,10.073993682861328
5f3f60e35161,ETTh2,dlinear,gd_feat_sgd0.01,gd,,24,3,,12170,
eb293a3082e7,ETTh2,dlinear,gd_feat_sgd0.1,gd,,24,3,,12170,
97eae9dea91b,ETTh2,dlinear,naive,naive,,24,3,,12170,1.1195809841156006
7ac59e0f5bf7,ETTh2,dlinear,nlms_feat,classic,,24,3,,12170,37.96753692626953
e5748c3e9f6a,ETTh2,dlinear,rls_calib,rls,,24,3,,12170,1.4909451007843018
08895497a256,ETTh2,dlinear,rls_feat,rls,,24,3,,12170,1.166815161705017
b06a9643b6cd,ETTh2,dlinear,rls_feat_l0.99,rls_sweep,,24,3,,12170,4.250573635101318
e0426cc93fc0,ETTh2,dlinear,rls_feat_l0.995,rls_sweep,,24,3,,12170,1.5043224096298218
86dd65786011,ETTh2,dlinear,rls_feat_l1,rls_sweep,,24,3,,12170,1.2312896251678467
6066e7edbfb1,ETTh2,dlinear,snaive,naive,,24,3,,12170,1.483655571937561
35e01a5a4eb4,ETTh2,dlinear,bias_ema,simple,,48,3,,12170,1.5318368673324585
7605ce94e22b,ETTh2,dlinear,frozen,frozen,,48,3,,12170,1.2893989086151123
b1fc09c949a7,ETTh2,dlinear,gd_calib_sgd0.0001,gd,,48,3,,12170,1.2855421304702759
91f872779482,ETTh2,dlinear,gd_calib_sgd0.001,gd,,48,3,,12170,1.4117403030395508
532ca1657f76,ETTh2,dlinear,gd_calib_sgd0.01,gd,,48,3,,12170,
78cc0d3b014f,ETTh2,dlinear,gd_calib_sgd0.1,gd,,48,3,,12170,
17499bc359c6,ETTh2,dlinear,gd_feat_adam0.01,gd,,48,3,,12170,1.6178826093673706
9af5b9417c89,ETTh2,dlinear,gd_feat_sgd0.0001,gd,,48,3,,12170,1.207004427909851
9fd3c0f5712e,ETTh2,dlinear,gd_feat_sgd0.001,gd,,48,3,,12170,9.720311164855957
a828f68c4c36,ETTh2,dlinear,gd_feat_sgd0.01,gd,,48,3,,12170,
32d6bbeb7faf,ETTh2,dlinear,gd_feat_sgd0.1,gd,,48,3,,12170,
f60bf06f2f30,ETTh2,dlinear,naive,naive,,48,3,,12170,1.1195809841156006
0cb94c230ff7,ETTh2,dlinear,nlms_feat,classic,,48,3,,12170,46.696006774902344
55cb0d394244,ETTh2,dlinear,rls_calib,rls,,48,3,,12170,1.7380797863006592
00e753889334,ETTh2,dlinear,rls_feat,rls,,48,3,,12170,1.2681219577789307
722b55e5d700,ETTh2,dlinear,rls_feat_l0.99,rls_sweep,,48,3,,12170,6.107427597045898
94b4b7bf3dcf,ETTh2,dlinear,rls_feat_l0.995,rls_sweep,,48,3,,12170,1.8253082036972046
b907232bfd1a,ETTh2,dlinear,rls_feat_l1,rls_sweep,,48,3,,12170,1.3215680122375488
5cf095420bfc,ETTh2,dlinear,snaive,naive,,48,3,,12170,1.483655571937561
de0c4cedd6df,ETTh2,dlinear,bias_ema,simple,,96,3,,12170,1.7151813507080078
37d906d4b3b0,ETTh2,dlinear,frozen,frozen,,96,3,,12170,1.2893989086151123
af13f36a0e52,ETTh2,dlinear,gd_calib_sgd0.0001,gd,,96,3,,12170,1.3578526973724365
9ccea0db7526,ETTh2,dlinear,gd_calib_sgd0.001,gd,,96,3,,12170,1.624779224395752
57cfe698a84a,ETTh2,dlinear,gd_calib_sgd0.01,gd,,96,3,,12170,
69e3d004fc8a,ETTh2,dlinear,gd_calib_sgd0.1,gd,,96,3,,12170,
cf7e30d6386a,ETTh2,dlinear,gd_feat_adam0.01,gd,,96,3,,12170,2.0543453693389893
09ab44863935,ETTh2,dlinear,gd_feat_sgd0.0001,gd,,96,3,,12170,1.2582231760025024
62bc55485d6f,ETTh2,dlinear,gd_feat_sgd0.001,gd,,96,3,,12170,9.546628952026367
9ade14e5122e,ETTh2,dlinear,gd_feat_sgd0.01,gd,,96,3,,12170,
2e397305718c,ETTh2,dlinear,gd_feat_sgd0.1,gd,,96,3,,12170,
06f047169acc,ETTh2,dlinear,naive,naive,,96,3,,12170,1.1195809841156006
94048816e825,ETTh2,dlinear,nlms_feat,classic,,96,3,,12170,59.720462799072266
0753144cb54a,ETTh2,dlinear,rls_calib,rls,,96,3,,12170,2.094480276107788
6c530f135df6,ETTh2,dlinear,rls_feat,rls,,96,3,,12170,1.421309471130371
5b68dce6892c,ETTh2,dlinear,rls_feat_l0.99,rls_sweep,,96,3,,12170,7.395863056182861
b98619df1942,ETTh2,dlinear,rls_feat_l0.995,rls_sweep,,96,3,,12170,2.1068809032440186
44333d676752,ETTh2,dlinear,rls_feat_l1,rls_sweep,,96,3,,12170,1.4690114259719849
ca4c9d0c5626,ETTh2,dlinear,snaive,naive,,96,3,,12170,1.483655571937561
a38f6f77e979,ETTh2,patchtst,bias_ema,simple,0.0,1,3,pt_d128l3h8p16s8ep20lr0.0001,12170,0.6264769434928894
3448efea5274,ETTh2,patchtst,elf_linear,elf,0.0,1,3,pt_d128l3h8p16s8ep20lr0.0001,12170,0.9314390420913696
bdabbf8246cc,ETTh2,patchtst,elf_mix,elf,0.0,1,3,pt_d128l3h8p16s8ep20lr0.0001,12170,0.9270763993263245
ce6a4c08389f,ETTh2,patchtst,frozen,frozen,0.0,1,3,pt_d128l3h8p16s8ep20lr0.0001,12170,7.061860084533691
2e40ccdbfce3,ETTh2,patchtst,gd_calib_sgd0.0001,gd,0.0,1,3,pt_d128l3h8p16s8ep20lr0.0001,12170,1.726412057876587
60ad627f1d1f,ETTh2,patchtst,gd_calib_sgd0.001,gd,0.0,1,3,pt_d128l3h8p16s8ep20lr0.0001,12170,0.9425504803657532
933710a8e84c,ETTh2,patchtst,gd_calib_sgd0.01,gd,0.0,1,3,pt_d128l3h8p16s8ep20lr0.0001,12170,
c848a5343c83,ETTh2,patchtst,gd_calib_sgd0.1,gd,0.0,1,3,pt_d128l3h8p16s8ep20lr0.0001,12170,
26395f239bd6,ETTh2,patchtst,gd_feat_adam0.01,gd,0.0,1,3,pt_d128l3h8p16s8ep20lr0.0001,12170,1.189336895942688
6858008c48d9,ETTh2,patchtst,gd_feat_sgd0.0001,gd,0.0,1,3,pt_d128l3h8p16s8ep20lr0.0001,12170,1.6619433164596558
d18c22474e7e,ETTh2,patchtst,gd_feat_sgd0.001,gd,0.0,1,3,pt_d128l3h8p16s8ep20lr0.0001,12170,0.8822444081306458
809c40e2ce31,ETTh2,patchtst,gd_feat_sgd0.01,gd,0.0,1,3,pt_d128l3h8p16s8ep20lr0.0001,12170,
dca784ef5ae6,ETTh2,patchtst,gd_feat_sgd0.1,gd,0.0,1,3,pt_d128l3h8p16s8ep20lr0.0001,12170,
dc099f90e813,ETTh2,patchtst,gd_feat_sgddec0.001,gd,0.0,1,3,pt_d128l3h8p16s8ep20lr0.0001,12170,1.0215024948120117
3677cbb59a68,ETTh2,patchtst,gd_feat_sgddec0.01,gd,0.0,1,3,pt_d128l3h8p16s8ep20lr0.0001,12170,
76bf64e115bf,ETTh2,patchtst,gd_feat_sgddec0.1,gd,0.0,1,3,pt_d128l3h8p16s8ep20lr0.0001,12170,
86c1d3be45dc,ETTh2,patchtst,naive,naive,0.0,1,3,pt_d128l3h8p16s8ep20lr0.0001,12170,1.1195809841156006
75678a74720a,ETTh2,patchtst,nlms_feat,classic,0.0,1,3,pt_d128l3h8p16s8ep20lr0.0001,12170,3.3860878944396973
b63031da2e19,ETTh2,patchtst,nlms_feat_mu0.02,classic,0.0,1,3,pt_d128l3h8p16s8ep20lr0.0001,12170,1.7470195293426514
7f24fae4693c,ETTh2,patchtst,nlms_feat_mu0.05,classic,0.0,1,3,pt_d128l3h8p16s8ep20lr0.0001,12170,2.9996273517608643
71fbf8ef10d4,ETTh2,patchtst,nlms_feat_mu0.3,classic,0.0,1,3,pt_d128l3h8p16s8ep20lr0.0001,12170,2.183408737182617
08f40f9066f2,ETTh2,patchtst,rls_bank_dftl,rls_ablation,0.0,1,3,pt_d128l3h8p16s8ep20lr0.0001,12170,1.0028815269470215
db267c18b6c1,ETTh2,patchtst,rls_bank_ftl,rls_ablation,0.0,1,3,pt_d128l3h8p16s8ep20lr0.0001,12170,1.0206400156021118
5c9e49e94c5b,ETTh2,patchtst,rls_bank_med,rls,0.0,1,3,pt_d128l3h8p16s8ep20lr0.0001,12170,1.4696886539459229
efe57a023ac0,ETTh2,patchtst,rls_bank_med_noclip,rls_ablation,0.0,1,3,pt_d128l3h8p16s8ep20lr0.0001,12170,1.4617539644241333
bb96960cf0cf,ETTh2,patchtst,rls_calib,rls,0.0,1,3,pt_d128l3h8p16s8ep20lr0.0001,12170,1.5727800130844116
e9c1ad73ac0f,ETTh2,patchtst,rls_feat,rls,0.0,1,3,pt_d128l3h8p16s8ep20lr0.0001,12170,1.4712263345718384
912a8528be99,ETTh2,patchtst,rls_feat_l0.99,rls_sweep,0.0,1,3,pt_d128l3h8p16s8ep20lr0.0001,12170,1.0123363733291626
44da638bdba1,ETTh2,patchtst,rls_feat_l0.995,rls_sweep,0.0,1,3,pt_d128l3h8p16s8ep20lr0.0001,12170,1.0869249105453491
c7763738a0eb,ETTh2,patchtst,rls_feat_l0.9995,rls_sweep,0.0,1,3,pt_d128l3h8p16s8ep20lr0.0001,12170,1.6032577753067017
375f47f75e6e,ETTh2,patchtst,rls_feat_l0.9999,rls_sweep,0.0,1,3,pt_d128l3h8p16s8ep20lr0.0001,12170,1.7973217964172363
99be25f67c3d,ETTh2,patchtst,rls_feat_l1,rls_sweep,0.0,1,3,pt_d128l3h8p16s8ep20lr0.0001,12170,1.8734279870986938
e38c51cf9bb1,ETTh2,patchtst,rls_feat_noclip,rls_ablation,0.0,1,3,pt_d128l3h8p16s8ep20lr0.0001,12170,1.460103154182434
ee018da2c825,ETTh2,patchtst,snaive,naive,0.0,1,3,pt_d128l3h8p16s8ep20lr0.0001,12170,1.4836547374725342
fd5d4972c689,ETTh2,patchtst,bias_ema,simple,0.0,24,3,pt_d128l3h8p16s8ep20lr0.0001,12170,1.3065606355667114
b41af14ee6c6,ETTh2,patchtst,elf_linear,elf,0.0,24,3,pt_d128l3h8p16s8ep20lr0.0001,12170,1.187725305557251
0f2f6d35231e,ETTh2,patchtst,elf_mix,elf,0.0,24,3,pt_d128l3h8p16s8ep20lr0.0001,12170,1.1105055809020996
5563c1643f73,ETTh2,patchtst,frozen,frozen,0.0,24,3,pt_d128l3h8p16s8ep20lr0.0001,12170,7.061860084533691
0ed4c99895c4,ETTh2,patchtst,gd_calib_sgd0.0001,gd,0.0,24,3,pt_d128l3h8p16s8ep20lr0.0001,12170,1.9608498811721802
7ff0635802be,ETTh2,patchtst,gd_calib_sgd0.001,gd,0.0,24,3,pt_d128l3h8p16s8ep20lr0.0001,12170,1.470471739768982
d936a382b8c3,ETTh2,patchtst,gd_calib_sgd0.01,gd,0.0,24,3,pt_d128l3h8p16s8ep20lr0.0001,12170,
b381475af932,ETTh2,patchtst,gd_calib_sgd0.1,gd,0.0,24,3,pt_d128l3h8p16s8ep20lr0.0001,12170,
110f59ae5976,ETTh2,patchtst,gd_feat_adam0.01,gd,0.0,24,3,pt_d128l3h8p16s8ep20lr0.0001,12170,1.6316287517547607
0c5e7d1d675b,ETTh2,patchtst,gd_feat_sgd0.0001,gd,0.0,24,3,pt_d128l3h8p16s8ep20lr0.0001,12170,1.9897381067276
d99da1d3655b,ETTh2,patchtst,gd_feat_sgd0.001,gd,0.0,24,3,pt_d128l3h8p16s8ep20lr0.0001,12170,1.441927194595337
64bccd899c30,ETTh2,patchtst,gd_feat_sgd0.01,gd,0.0,24,3,pt_d128l3h8p16s8ep20lr0.0001,12170,
e7efa51a2c1d,ETTh2,patchtst,gd_feat_sgd0.1,gd,0.0,24,3,pt_d128l3h8p16s8ep20lr0.0001,12170,
71fbce1aeea4,ETTh2,patchtst,gd_feat_sgddec0.001,gd,0.0,24,3,pt_d128l3h8p16s8ep20lr0.0001,12170,1.5618739128112793
5c0ba2a09c29,ETTh2,patchtst,gd_feat_sgddec0.01,gd,0.0,24,3,pt_d128l3h8p16s8ep20lr0.0001,12170,
896e13664d36,ETTh2,patchtst,gd_feat_sgddec0.1,gd,0.0,24,3,pt_d128l3h8p16s8ep20lr0.0001,12170,
b391e396da94,ETTh2,patchtst,naive,naive,0.0,24,3,pt_d128l3h8p16s8ep20lr0.0001,12170,1.1195809841156006
3d4dc2fdd764,ETTh2,patchtst,nlms_feat,classic,0.0,24,3,pt_d128l3h8p16s8ep20lr0.0001,12170,16.00408172607422
605b72a8ad93,ETTh2,patchtst,nlms_feat_mu0.02,classic,0.0,24,3,pt_d128l3h8p16s8ep20lr0.0001,12170,2.803072214126587
b92bd33a165d,ETTh2,patchtst,nlms_feat_mu0.05,classic,0.0,24,3,pt_d128l3h8p16s8ep20lr0.0001,12170,8.098050117492676
d417f5e53ef4,ETTh2,patchtst,nlms_feat_mu0.3,classic,0.0,24,3,pt_d128l3h8p16s8ep20lr0.0001,12170,28.38068962097168
a8d85a9db0f8,ETTh2,patchtst,rls_bank_dftl,rls_ablation,0.0,24,3,pt_d128l3h8p16s8ep20lr0.0001,12170,2.127941370010376
889267de2ea6,ETTh2,patchtst,rls_bank_ftl,rls_ablation,0.0,24,3,pt_d128l3h8p16s8ep20lr0.0001,12170,2.1366140842437744
c8604058294c,ETTh2,patchtst,rls_bank_med,rls,0.0,24,3,pt_d128l3h8p16s8ep20lr0.0001,12170,1.8251045942306519
99bedb58ddf9,ETTh2,patchtst,rls_bank_med_noclip,rls_ablation,0.0,24,3,pt_d128l3h8p16s8ep20lr0.0001,12170,1.816925287246704
0b8b509e069c,ETTh2,patchtst,rls_calib,rls,0.0,24,3,pt_d128l3h8p16s8ep20lr0.0001,12170,2.059324264526367
5448c7b8a941,ETTh2,patchtst,rls_feat,rls,0.0,24,3,pt_d128l3h8p16s8ep20lr0.0001,12170,1.8174601793289185
786bc95b914e,ETTh2,patchtst,rls_feat_l0.99,rls_sweep,0.0,24,3,pt_d128l3h8p16s8ep20lr0.0001,12170,2.990485906600952
946818c1bde6,ETTh2,patchtst,rls_feat_l0.995,rls_sweep,0.0,24,3,pt_d128l3h8p16s8ep20lr0.0001,12170,1.593463659286499
794ce26ca7f6,ETTh2,patchtst,rls_feat_l0.9995,rls_sweep,0.0,24,3,pt_d128l3h8p16s8ep20lr0.0001,12170,1.945945382118225
710983c8f3dc,ETTh2,patchtst,rls_feat_l0.9999,rls_sweep,0.0,24,3,pt_d128l3h8p16s8ep20lr0.0001,12170,2.1402974128723145
998d8c454b99,ETTh2,patchtst,rls_feat_l1,rls_sweep,0.0,24,3,pt_d128l3h8p16s8ep20lr0.0001,12170,2.2168140411376953
fd2157dceb5e,ETTh2,patchtst,rls_feat_noclip,rls_ablation,0.0,24,3,pt_d128l3h8p16s8ep20lr0.0001,12170,1.8068348169326782
c485d33750a4,ETTh2,patchtst,snaive,naive,0.0,24,3,pt_d128l3h8p16s8ep20lr0.0001,12170,1.4836547374725342
1b404b96ab82,ETTh2,patchtst,bias_ema,simple,0.0,48,3,pt_d128l3h8p16s8ep20lr0.0001,12170,1.5654332637786865
6a23bacf7fe1,ETTh2,patchtst,elf_linear,elf,0.0,48,3,pt_d128l3h8p16s8ep20lr0.0001,12170,1.2672398090362549
2744b7014f17,ETTh2,patchtst,elf_mix,elf,0.0,48,3,pt_d128l3h8p16s8ep20lr0.0001,12170,1.1939157247543335
44a8f06c7082,ETTh2,patchtst,frozen,frozen,0.0,48,3,pt_d128l3h8p16s8ep20lr0.0001,12170,7.061860084533691
04fed76c3f97,ETTh2,patchtst,gd_calib_sgd0.0001,gd,0.0,48,3,pt_d128l3h8p16s8ep20lr0.0001,12170,2.151850461959839
3760ce7c242c,ETTh2,patchtst,gd_calib_sgd0.001,gd,0.0,48,3,pt_d128l3h8p16s8ep20lr0.0001,12170,1.6990127563476562
4d8bc5ae58af,ETTh2,patchtst,gd_calib_sgd0.01,gd,0.0,48,3,pt_d128l3h8p16s8ep20lr0.0001,12170,
e901f278b851,ETTh2,patchtst,gd_calib_sgd0.1,gd,0.0,48,3,pt_d128l3h8p16s8ep20lr0.0001,12170,
45ba2d6e72f7,ETTh2,patchtst,gd_feat_adam0.01,gd,0.0,48,3,pt_d128l3h8p16s8ep20lr0.0001,12170,2.033146858215332
ecb9274fd686,ETTh2,patchtst,gd_feat_sgd0.0001,gd,0.0,48,3,pt_d128l3h8p16s8ep20lr0.0001,12170,2.1770079135894775
d56fc2a57c56,ETTh2,patchtst,gd_feat_sgd0.001,gd,0.0,48,3,pt_d128l3h8p16s8ep20lr0.0001,12170,1.6955384016036987
21636c19bf6b,ETTh2,patchtst,gd_feat_sgd0.01,gd,0.0,48,3,pt_d128l3h8p16s8ep20lr0.0001,12170,
a28f5e0a777a,ETTh2,patchtst,gd_feat_sgd0.1,gd,0.0,48,3,pt_d128l3h8p16s8ep20lr0.0001,12170,
a0144cac8837,ETTh2,patchtst,gd_feat_sgddec0.001,gd,0.0,48,3,pt_d128l3h8p16s8ep20lr0.0001,12170,1.7984782457351685
b0fd46faf562,ETTh2,patchtst,gd_feat_sgddec0.01,gd,0.0,48,3,pt_d128l3h8p16s8ep20lr0.0001,12170,
ebf907b45acc,ETTh2,patchtst,gd_feat_sgddec0.1,gd,0.0,48,3,pt_d128l3h8p16s8ep20lr0.0001,12170,
928e8a2d3ebe,ETTh2,patchtst,naive,naive,0.0,48,3,pt_d128l3h8p16s8ep20lr0.0001,12170,1.1195809841156006
bac580ead3af,ETTh2,patchtst,nlms_feat,classic,0.0,48,3,pt_d128l3h8p16s8ep20lr0.0001,12170,15.032975196838379
f0475fa88631,ETTh2,patchtst,nlms_feat_mu0.02,classic,0.0,48,3,pt_d128l3h8p16s8ep20lr0.0001,12170,2.657616138458252
2d373f520aa8,ETTh2,patchtst,nlms_feat_mu0.05,classic,0.0,48,3,pt_d128l3h8p16s8ep20lr0.0001,12170,7.169766902923584
ae09a27a1ee4,ETTh2,patchtst,nlms_feat_mu0.3,classic,0.0,48,3,pt_d128l3h8p16s8ep20lr0.0001,12170,31.397594451904297
ca629d05463e,ETTh2,patchtst,rls_bank_dftl,rls_ablation,0.0,48,3,pt_d128l3h8p16s8ep20lr0.0001,12170,2.947458505630493
06ea760983f7,ETTh2,patchtst,rls_bank_ftl,rls_ablation,0.0,48,3,pt_d128l3h8p16s8ep20lr0.0001,12170,2.9513888359069824
4d2cb66adce1,ETTh2,patchtst,rls_bank_med,rls,0.0,48,3,pt_d128l3h8p16s8ep20lr0.0001,12170,2.043443441390991
fd3d4106b9d6,ETTh2,patchtst,rls_bank_med_noclip,rls_ablation,0.0,48,3,pt_d128l3h8p16s8ep20lr0.0001,12170,2.0350992679595947
1f124898b344,ETTh2,patchtst,rls_calib,rls,0.0,48,3,pt_d128l3h8p16s8ep20lr0.0001,12170,2.1404569149017334
dfc46e6fb57f,ETTh2,patchtst,rls_feat,rls,0.0,48,3,pt_d128l3h8p16s8ep20lr0.0001,12170,2.033935308456421
c161ca7dcdf9,ETTh2,patchtst,rls_feat_l0.99,rls_sweep,0.0,48,3,pt_d128l3h8p16s8ep20lr0.0001,12170,3.9600417613983154
4d3e5bab3a93,ETTh2,patchtst,rls_feat_l0.995,rls_sweep,0.0,48,3,pt_d128l3h8p16s8ep20lr0.0001,12170,1.8612552881240845
5c615832e535,ETTh2,patchtst,rls_feat_l0.9995,rls_sweep,0.0,48,3,pt_d128l3h8p16s8ep20lr0.0001,12170,2.162201404571533
4e29e4bf471f,ETTh2,patchtst,rls_feat_l0.9999,rls_sweep,0.0,48,3,pt_d128l3h8p16s8ep20lr0.0001,12170,2.3571231365203857
6cdfa7741747,ETTh2,patchtst,rls_feat_l1,rls_sweep,0.0,48,3,pt_d128l3h8p16s8ep20lr0.0001,12170,2.433746099472046
26fa317f0a36,ETTh2,patchtst,rls_feat_noclip,rls_ablation,0.0,48,3,pt_d128l3h8p16s8ep20lr0.0001,12170,2.0230698585510254
7d7ba1edd8a7,ETTh2,patchtst,snaive,naive,0.0,48,3,pt_d128l3h8p16s8ep20lr0.0001,12170,1.4836547374725342
e58105649231,ETTh2,patchtst,bias_ema,simple,0.0,96,3,pt_d128l3h8p16s8ep20lr0.0001,12170,2.1214404106140137
362c9006d146,ETTh2,patchtst,elf_linear,elf,0.0,96,3,pt_d128l3h8p16s8ep20lr0.0001,12170,1.4441683292388916
b2e3e87cbd09,ETTh2,patchtst,elf_mix,elf,0.0,96,3,pt_d128l3h8p16s8ep20lr0.0001,12170,1.3674983978271484
94ef91a09bd1,ETTh2,patchtst,frozen,frozen,0.0,96,3,pt_d128l3h8p16s8ep20lr0.0001,12170,7.061860084533691
5195dbfe3be2,ETTh2,patchtst,gd_calib_sgd0.0001,gd,0.0,96,3,pt_d128l3h8p16s8ep20lr0.0001,12170,2.5073695182800293
cc3aa586727f,ETTh2,patchtst,gd_calib_sgd0.001,gd,0.0,96,3,pt_d128l3h8p16s8ep20lr0.0001,12170,2.168036937713623
999ca4378a88,ETTh2,patchtst,gd_calib_sgd0.01,gd,0.0,96,3,pt_d128l3h8p16s8ep20lr0.0001,12170,
ea4a8679c677,ETTh2,patchtst,gd_calib_sgd0.1,gd,0.0,96,3,pt_d128l3h8p16s8ep20lr0.0001,12170,
2c4ecc26b1e6,ETTh2,patchtst,gd_feat_adam0.01,gd,0.0,96,3,pt_d128l3h8p16s8ep20lr0.0001,12170,2.7658331394195557
556da243c874,ETTh2,patchtst,gd_feat_sgd0.0001,gd,0.0,96,3,pt_d128l3h8p16s8ep20lr0.0001,12170,2.5313923358917236
cf07c81ecb7c,ETTh2,patchtst,gd_feat_sgd0.001,gd,0.0,96,3,pt_d128l3h8p16s8ep20lr0.0001,12170,2.170252561569214
173030e5a517,ETTh2,patchtst,gd_feat_sgd0.01,gd,0.0,96,3,pt_d128l3h8p16s8ep20lr0.0001,12170,
2ff8106dc3c7,ETTh2,patchtst,gd_feat_sgd0.1,gd,0.0,96,3,pt_d128l3h8p16s8ep20lr0.0001,12170,
c850becf0969,ETTh2,patchtst,gd_feat_sgddec0.001,gd,0.0,96,3,pt_d128l3h8p16s8ep20lr0.0001,12170,2.238391637802124
1978afa92e7b,ETTh2,patchtst,gd_feat_sgddec0.01,gd,0.0,96,3,pt_d128l3h8p16s8ep20lr0.0001,12170,
40eec2e20b16,ETTh2,patchtst,gd_feat_sgddec0.1,gd,0.0,96,3,pt_d128l3h8p16s8ep20lr0.0001,12170,
357d875261a5,ETTh2,patchtst,naive,naive,0.0,96,3,pt_d128l3h8p16s8ep20lr0.0001,12170,1.1195809841156006
5494b741165d,ETTh2,patchtst,nlms_feat,classic,0.0,96,3,pt_d128l3h8p16s8ep20lr0.0001,12170,11.905525207519531
a95a0d1fe8b0,ETTh2,patchtst,nlms_feat_mu0.02,classic,0.0,96,3,pt_d128l3h8p16s8ep20lr0.0001,12170,2.8620920181274414
d222d170cf7d,ETTh2,patchtst,nlms_feat_mu0.05,classic,0.0,96,3,pt_d128l3h8p16s8ep20lr0.0001,12170,6.238398551940918
24a78b3b4f46,ETTh2,patchtst,nlms_feat_mu0.3,classic,0.0,96,3,pt_d128l3h8p16s8ep20lr0.0001,12170,23.764638900756836
16f735046c15,ETTh2,patchtst,rls_bank_dftl,rls_ablation,0.0,96,3,pt_d128l3h8p16s8ep20lr0.0001,12170,3.101466178894043
87e93f677bec,ETTh2,patchtst,rls_bank_ftl,rls_ablation,0.0,96,3,pt_d128l3h8p16s8ep20lr0.0001,12170,3.0855960845947266
65295c948407,ETTh2,patchtst,rls_bank_med,rls,0.0,96,3,pt_d128l3h8p16s8ep20lr0.0001,12170,2.504810094833374
db550d11395c,ETTh2,patchtst,rls_bank_med_noclip,rls_ablation,0.0,96,3,pt_d128l3h8p16s8ep20lr0.0001,12170,2.496609926223755
87b73f58ffcd,ETTh2,patchtst,rls_calib,rls,0.0,96,3,pt_d128l3h8p16s8ep20lr0.0001,12170,2.560445547103882
2cc00e4a49e0,ETTh2,patchtst,rls_feat,rls,0.0,96,3,pt_d128l3h8p16s8ep20lr0.0001,12170,2.5034682750701904
e1f236ce5208,ETTh2,patchtst,rls_feat_l0.99,rls_sweep,0.0,96,3,pt_d128l3h8p16s8ep20lr0.0001,12170,4.027303695678711
aa11dc9a610e,ETTh2,patchtst,rls_feat_l0.995,rls_sweep,0.0,96,3,pt_d128l3h8p16s8ep20lr0.0001,12170,2.3902409076690674
702e3120278f,ETTh2,patchtst,rls_feat_l0.9995,rls_sweep,0.0,96,3,pt_d128l3h8p16s8ep20lr0.0001,12170,2.621145486831665
5e6637eb95b1,ETTh2,patchtst,rls_feat_l0.9999,rls_sweep,0.0,96,3,pt_d128l3h8p16s8ep20lr0.0001,12170,2.80798602104187
7539bc79abf5,ETTh2,patchtst,rls_feat_l1,rls_sweep,0.0,96,3,pt_d128l3h8p16s8ep20lr0.0001,12170,2.882507801055908
c426f69a9a4d,ETTh2,patchtst,rls_feat_noclip,rls_ablation,0.0,96,3,pt_d128l3h8p16s8ep20lr0.0001,12170,2.4930214881896973
295b78358c83,ETTh2,patchtst,snaive,naive,0.0,96,3,pt_d128l3h8p16s8ep20lr0.0001,12170,1.4836547374725342
8064830382e6,ETTh2,patchtst,bias_ema,simple,1.0,1,3,pt_d128l3h8p16s8ep20lr0.0001,12170,0.6342415809631348
b5f9fd84c6b2,ETTh2,patchtst,elf_linear,elf,1.0,1,3,pt_d128l3h8p16s8ep20lr0.0001,12170,0.9314390420913696
15ba23150f01,ETTh2,patchtst,elf_mix,elf,1.0,1,3,pt_d128l3h8p16s8ep20lr0.0001,12170,0.9272646903991699
ff5d8f18785a,ETTh2,patchtst,frozen,frozen,1.0,1,3,pt_d128l3h8p16s8ep20lr0.0001,12170,6.795894622802734
492b9f51ffd7,ETTh2,patchtst,gd_calib_sgd0.0001,gd,1.0,1,3,pt_d128l3h8p16s8ep20lr0.0001,12170,1.7428423166275024
7fd53bd13662,ETTh2,patchtst,gd_calib_sgd0.001,gd,1.0,1,3,pt_d128l3h8p16s8ep20lr0.0001,12170,1.0804988145828247
9d0145210e96,ETTh2,patchtst,gd_calib_sgd0.01,gd,1.0,1,3,pt_d128l3h8p16s8ep20lr0.0001,12170,
1331916ed90a,ETTh2,patchtst,gd_calib_sgd0.1,gd,1.0,1,3,pt_d128l3h8p16s8ep20lr0.0001,12170,
340d79bd0cde,ETTh2,patchtst,gd_feat_adam0.01,gd,1.0,1,3,pt_d128l3h8p16s8ep20lr0.0001,12170,1.3012232780456543
7dceb87a3d68,ETTh2,patchtst,gd_feat_sgd0.0001,gd,1.0,1,3,pt_d128l3h8p16s8ep20lr0.0001,12170,1.6531896591186523
cf3939bfc659,ETTh2,patchtst,gd_feat_sgd0.001,gd,1.0,1,3,pt_d128l3h8p16s8ep20lr0.0001,12170,1.007490634918213
20b3b67eb669,ETTh2,patchtst,gd_feat_sgd0.01,gd,1.0,1,3,pt_d128l3h8p16s8ep20lr0.0001,12170,
0bd55460653b,ETTh2,patchtst,gd_feat_sgd0.1,gd,1.0,1,3,pt_d128l3h8p16s8ep20lr0.0001,12170,
85d922d1302e,ETTh2,patchtst,gd_feat_sgddec0.001,gd,1.0,1,3,pt_d128l3h8p16s8ep20lr0.0001,12170,1.154273271560669
b1451ec9e383,ETTh2,patchtst,gd_feat_sgddec0.01,gd,1.0,1,3,pt_d128l3h8p16s8ep20lr0.0001,12170,
2301e7c9c1b1,ETTh2,patchtst,gd_feat_sgddec0.1,gd,1.0,1,3,pt_d128l3h8p16s8ep20lr0.0001,12170,
f91d26943eab,ETTh2,patchtst,naive,naive,1.0,1,3,pt_d128l3h8p16s8ep20lr0.0001,12170,1.1195809841156006
9925e4cff491,ETTh2,patchtst,nlms_feat,classic,1.0,1,3,pt_d128l3h8p16s8ep20lr0.0001,12170,3.172391891479492
6a7a188deab9,ETTh2,patchtst,nlms_feat_mu0.02,classic,1.0,1,3,pt_d128l3h8p16s8ep20lr0.0001,12170,1.6551902294158936
b06c58d2d78e,ETTh2,patchtst,nlms_feat_mu0.05,classic,1.0,1,3,pt_d128l3h8p16s8ep20lr0.0001,12170,2.7989978790283203
ec61cac40c17,ETTh2,patchtst,nlms_feat_mu0.3,classic,1.0,1,3,pt_d128l3h8p16s8ep20lr0.0001,12170,2.0815975666046143
a2d35ac02aaf,ETTh2,patchtst,rls_bank_dftl,rls_ablation,1.0,1,3,pt_d128l3h8p16s8ep20lr0.0001,12170,1.185023307800293
7802151fae58,ETTh2,patchtst,rls_bank_ftl,rls_ablation,1.0,1,3,pt_d128l3h8p16s8ep20lr0.0001,12170,1.287670373916626
dcfc0bce4700,ETTh2,patchtst,rls_bank_med,rls,1.0,1,3,pt_d128l3h8p16s8ep20lr0.0001,12170,1.439711332321167
f970e5279799,ETTh2,patchtst,rls_bank_med_noclip,rls_ablation,1.0,1,3,pt_d128l3h8p16s8ep20lr0.0001,12170,1.34328031539917
86e670b0a44d,ETTh2,patchtst,rls_calib,rls,1.0,1,3,pt_d128l3h8p16s8ep20lr0.0001,12170,1.4735740423202515
7912863c88da,ETTh2,patchtst,rls_feat,rls,1.0,1,3,pt_d128l3h8p16s8ep20lr0.0001,12170,1.440718173980713
2ff8913c118a,ETTh2,patchtst,rls_feat_l0.99,rls_sweep,1.0,1,3,pt_d128l3h8p16s8ep20lr0.0001,12170,1.320063591003418
b5c8dd26c26d,ETTh2,patchtst,rls_feat_l0.995,rls_sweep,1.0,1,3,pt_d128l3h8p16s8ep20lr0.0001,12170,1.2973707914352417
e4e2fec00078,ETTh2,patchtst,rls_feat_l0.9995,rls_sweep,1.0,1,3,pt_d128l3h8p16s8ep20lr0.0001,12170,1.4718962907791138
381e68caf3d2,ETTh2,patchtst,rls_feat_l0.9999,rls_sweep,1.0,1,3,pt_d128l3h8p16s8ep20lr0.0001,12170,1.589526891708374
9eb7d029399e,ETTh2,patchtst,rls_feat_l1,rls_sweep,1.0,1,3,pt_d128l3h8p16s8ep20lr0.0001,12170,1.6439710855484009
aacd709ab9a8,ETTh2,patchtst,rls_feat_noclip,rls_ablation,1.0,1,3,pt_d128l3h8p16s8ep20lr0.0001,12170,1.315714716911316
b2ffc7a0bda0,ETTh2,patchtst,snaive,naive,1.0,1,3,pt_d128l3h8p16s8ep20lr0.0001,12170,1.4836547374725342
e1ea49c3cad6,ETTh2,patchtst,bias_ema,simple,1.0,24,3,pt_d128l3h8p16s8ep20lr0.0001,12170,1.3385244607925415
12dc5b1cdf8a,ETTh2,patchtst,elf_linear,elf,1.0,24,3,pt_d128l3h8p16s8ep20lr0.0001,12170,1.187725305557251
9f40cfb50fc0,ETTh2,patchtst,elf_mix,elf,1.0,24,3,pt_d128l3h8p16s8ep20lr0.0001,12170,1.1118314266204834
a85cfe27c13c,ETTh2,patchtst,frozen,frozen,1.0,24,3,pt_d128l3h8p16s8ep20lr0.0001,12170,6.795894622802734
6176db8f03de,ETTh2,patchtst,gd_calib_sgd0.0001,gd,1.0,24,3,pt_d128l3h8p16s8ep20lr0.0001,12170,1.9610732793807983
c7e748ae660a,ETTh2,patchtst,gd_calib_sgd0.001,gd,1.0,24,3,pt_d128l3h8p16s8ep20lr0.0001,12170,1.699680209159851
a0ad6c59303a,ETTh2,patchtst,gd_calib_sgd0.01,gd,1.0,24,3,pt_d128l3h8p16s8ep20lr0.0001,12170,
ae85cdfb66f4,ETTh2,patchtst,gd_calib_sgd0.1,gd,1.0,24,3,pt_d128l3h8p16s8ep20lr0.0001,12170,
aad6827926d4,ETTh2,patchtst,gd_feat_adam0.01,gd,1.0,24,3,pt_d128l3h8p16s8ep20lr0.0001,12170,1.7280198335647583
26fc424e1833,ETTh2,patchtst,gd_feat_sgd0.0001,gd,1.0,24,3,pt_d128l3h8p16s8ep20lr0.0001,12170,1.963991641998291
64c3dc613a22,ETTh2,patchtst,gd_feat_sgd0.001,gd,1.0,24,3,pt_d128l3h8p16s8ep20lr0.0001,12170,1.642983078956604
d7f9d1b37045,ETTh2,patchtst,gd_feat_sgd0.01,gd,1.0,24,3,pt_d128l3h8p16s8ep20lr0.0001,12170,
f1f328946c6a,ETTh2,patchtst,gd_feat_sgd0.1,gd,1.0,24,3,pt_d128l3h8p16s8ep20lr0.0001,12170,
a982a6487214,ETTh2,patchtst,gd_feat_sgddec0.001,gd,1.0,24,3,pt_d128l3h8p16s8ep20lr0.0001,12170,1.706078052520752
23c43c3e2879,ETTh2,patchtst,gd_feat_sgddec0.01,gd,1.0,24,3,pt_d128l3h8p16s8ep20lr0.0001,12170,
bda93ec32c97,ETTh2,patchtst,gd_feat_sgddec0.1,gd,1.0,24,3,pt_d128l3h8p16s8ep20lr0.0001,12170,
1cdc0ad8ca5e,ETTh2,patchtst,naive,naive,1.0,24,3,pt_d128l3h8p16s8ep20lr0.0001,12170,1.1195809841156006
d558524da8ef,ETTh2,patchtst,nlms_feat,classic,1.0,24,3,pt_d128l3h8p16s8ep20lr0.0001,12170,14.942192077636719
8e3dcfaa3293,ETTh2,patchtst,nlms_feat_mu0.02,classic,1.0,24,3,pt_d128l3h8p16s8ep20lr0.0001,12170,2.6459062099456787
f0a1e35ba513,ETTh2,patchtst,nlms_feat_mu0.05,classic,1.0,24,3,pt_d128l3h8p16s8ep20lr0.0001,12170,7.514869689941406
c86b1bd90f91,ETTh2,patchtst,nlms_feat_mu0.3,classic,1.0,24,3,pt_d128l3h8p16s8ep20lr0.0001,12170,26.92842674255371
68d099e1903f,ETTh2,patchtst,rls_bank_dftl,rls_ablation,1.0,24,3,pt_d128l3h8p16s8ep20lr0.0001,12170,2.391970634460449
f345cd9c9859,ETTh2,patchtst,rls_bank_ftl,rls_ablation,1.0,24,3,pt_d128l3h8p16s8ep20lr0.0001,12170,2.5148556232452393
82663402f668,ETTh2,patchtst,rls_bank_med,rls,1.0,24,3,pt_d128l3h8p16s8ep20lr0.0001,12170,1.781742811203003
3917a134b8e8,ETTh2,patchtst,rls_bank_med_noclip,rls_ablation,1.0,24,3,pt_d128l3h8p16s8ep20lr0.0001,12170,1.6856706142425537
54ba0d9bf05c,ETTh2,patchtst,rls_calib,rls,1.0,24,3,pt_d128l3h8p16s8ep20lr0.0001,12170,1.938880205154419
0db7460734f6,ETTh2,patchtst,rls_feat,rls,1.0,24,3,pt_d128l3h8p16s8ep20lr0.0001,12170,1.767767310142517
2bd0ed660f9c,ETTh2,patchtst,rls_feat_l0.99,rls_sweep,1.0,24,3,pt_d128l3h8p16s8ep20lr0.0001,12170,3.30108642578125
ed708e87d004,ETTh2,patchtst,rls_feat_l0.995,rls_sweep,1.0,24,3,pt_d128l3h8p16s8ep20lr0.0001,12170,1.7339832782745361
3dae663207b4,ETTh2,patchtst,rls_feat_l0.9995,rls_sweep,1.0,24,3,pt_d128l3h8p16s8ep20lr0.0001,12170,1.8039867877960205
b17356237da8,ETTh2,patchtst,rls_feat_l0.9999,rls_sweep,1.0,24,3,pt_d128l3h8p16s8ep20lr0.0001,12170,1.9271557331085205
eb788c6e53ff,ETTh2,patchtst,rls_feat_l1,rls_sweep,1.0,24,3,pt_d128l3h8p16s8ep20lr0.0001,12170,1.983208179473877
7d3926d0e163,ETTh2,patchtst,rls_feat_noclip,rls_ablation,1.0,24,3,pt_d128l3h8p16s8ep20lr0.0001,12170,1.6461490392684937
725daea9f4d2,ETTh2,patchtst,snaive,naive,1.0,24,3,pt_d128l3h8p16s8ep20lr0.0001,12170,1.4836547374725342
a7051d8e6fa5,ETTh2,patchtst,bias_ema,simple,1.0,48,3,pt_d128l3h8p16s8ep20lr0.0001,12170,1.622353196144104
88d5018af1ee,ETTh2,patchtst,elf_linear,elf,1.0,48,3,pt_d128l3h8p16s8ep20lr0.0001,12170,1.2672398090362549
86ddc79d0cb0,ETTh2,patchtst,elf_mix,elf,1.0,48,3,pt_d128l3h8p16s8ep20lr0.0001,12170,1.183856725692749
0a9d7c66ea52,ETTh2,patchtst,frozen,frozen,1.0,48,3,pt_d128l3h8p16s8ep20lr0.0001,12170,6.795894622802734
f9f598647179,ETTh2,patchtst,gd_calib_sgd0.0001,gd,1.0,48,3,pt_d128l3h8p16s8ep20lr0.0001,12170,2.1213340759277344
968251fad1af,ETTh2,patchtst,gd_calib_sgd0.001,gd,1.0,48,3,pt_d128l3h8p16s8ep20lr0.0001,12170,1.9193227291107178
b7b45f2e25ac,ETTh2,patchtst,gd_calib_sgd0.01,gd,1.0,48,3,pt_d128l3h8p16s8ep20lr0.0001,12170,
30b2407469a8,ETTh2,patchtst,gd_calib_sgd0.1,gd,1.0,48,3,pt_d128l3h8p16s8ep20lr0.0001,12170,
31d82ac412db,ETTh2,patchtst,gd_feat_adam0.01,gd,1.0,48,3,pt_d128l3h8p16s8ep20lr0.0001,12170,2.1034088134765625
0c8bca4889fa,ETTh2,patchtst,gd_feat_sgd0.0001,gd,1.0,48,3,pt_d128l3h8p16s8ep20lr0.0001,12170,2.121840715408325
77a14b7a795c,ETTh2,patchtst,gd_feat_sgd0.001,gd,1.0,48,3,pt_d128l3h8p16s8ep20lr0.0001,12170,1.8616719245910645
51425a617079,ETTh2,patchtst,gd_feat_sgd0.01,gd,1.0,48,3,pt_d128l3h8p16s8ep20lr0.0001,12170,
3367bd9214e0,ETTh2,patchtst,gd_feat_sgd0.1,gd,1.0,48,3,pt_d128l3h8p16s8ep20lr0.0001,12170,
afcaaf0fa9f7,ETTh2,patchtst,gd_feat_sgddec0.001,gd,1.0,48,3,pt_d128l3h8p16s8ep20lr0.0001,12170,1.8997567892074585
64352e5d26fc,ETTh2,patchtst,gd_feat_sgddec0.01,gd,1.0,48,3,pt_d128l3h8p16s8ep20lr0.0001,12170,
225caadd418d,ETTh2,patchtst,gd_feat_sgddec0.1,gd,1.0,48,3,pt_d128l3h8p16s8ep20lr0.0001,12170,
4aaf5949060e,ETTh2,patchtst,naive,naive,1.0,48,3,pt_d128l3h8p16s8ep20lr0.0001,12170,1.1195809841156006
095094cd84f5,ETTh2,patchtst,nlms_feat,classic,1.0,48,3,pt_d128l3h8p16s8ep20lr0.0001,12170,14.377565383911133
2dc83cd774b8,ETTh2,patchtst,nlms_feat_mu0.02,classic,1.0,48,3,pt_d128l3h8p16s8ep20lr0.0001,12170,2.629462718963623
e332ae9826a5,ETTh2,patchtst,nlms_feat_mu0.05,classic,1.0,48,3,pt_d128l3h8p16s8ep20lr0.0001,12170,6.889567852020264
38d908805536,ETTh2,patchtst,nlms_feat_mu0.3,classic,1.0,48,3,pt_d128l3h8p16s8ep20lr0.0001,12170,30.260787963867188
4aed6138b6b2,ETTh2,patchtst,rls_bank_dftl,rls_ablation,1.0,48,3,pt_d128l3h8p16s8ep20lr0.0001,12170,2.9004533290863037
1ff9ee04d6fa,ETTh2,patchtst,rls_bank_ftl,rls_ablation,1.0,48,3,pt_d128l3h8p16s8ep20lr0.0001,12170,3.0310726165771484
ffe6de5756b3,ETTh2,patchtst,rls_bank_med,rls,1.0,48,3,pt_d128l3h8p16s8ep20lr0.0001,12170,1.9821640253067017
70052134af57,ETTh2,patchtst,rls_bank_med_noclip,rls_ablation,1.0,48,3,pt_d128l3h8p16s8ep20lr0.0001,12170,1.8858689069747925
75d1f84161b6,ETTh2,patchtst,rls_calib,rls,1.0,48,3,pt_d128l3h8p16s8ep20lr0.0001,12170,2.0173988342285156
4c6a6a626b1b,ETTh2,patchtst,rls_feat,rls,1.0,48,3,pt_d128l3h8p16s8ep20lr0.0001,12170,1.965904712677002
75800fb41b1c,ETTh2,patchtst,rls_feat_l0.99,rls_sweep,1.0,48,3,pt_d128l3h8p16s8ep20lr0.0001,12170,3.945108652114868
d49539b30e92,ETTh2,patchtst,rls_feat_l0.995,rls_sweep,1.0,48,3,pt_d128l3h8p16s8ep20lr0.0001,12170,1.9497700929641724
f735a90a5fe9,ETTh2,patchtst,rls_feat_l0.9995,rls_sweep,1.0,48,3,pt_d128l3h8p16s8ep20lr0.0001,12170,2.006606101989746
613dd64f536b,ETTh2,patchtst,rls_feat_l0.9999,rls_sweep,1.0,48,3,pt_d128l3h8p16s8ep20lr0.0001,12170,2.131092071533203
3200f7e15d0f,ETTh2,patchtst,rls_feat_l1,rls_sweep,1.0,48,3,pt_d128l3h8p16s8ep20lr0.0001,12170,2.187384843826294
599dfd5f64bd,ETTh2,patchtst,rls_feat_noclip,rls_ablation,1.0,48,3,pt_d128l3h8p16s8ep20lr0.0001,12170,1.8482369184494019
5d943815bcbd,ETTh2,patchtst,snaive,naive,1.0,48,3,pt_d128l3h8p16s8ep20lr0.0001,12170,1.4836547374725342
40ad52e0bd4b,ETTh2,patchtst,bias_ema,simple,1.0,96,3,pt_d128l3h8p16s8ep20lr0.0001,12170,2.2296926975250244
0b3bb903c6f2,ETTh2,patchtst,elf_linear,elf,1.0,96,3,pt_d128l3h8p16s8ep20lr0.0001,12170,1.4441683292388916
47b7df773e2c,ETTh2,patchtst,elf_mix,elf,1.0,96,3,pt_d128l3h8p16s8ep20lr0.0001,12170,1.3421916961669922
f305ddfcaff8,ETTh2,patchtst,frozen,frozen,1.0,96,3,pt_d128l3h8p16s8ep20lr0.0001,12170,6.795894622802734
8c3c68579c43,ETTh2,patchtst,gd_calib_sgd0.0001,gd,1.0,96,3,pt_d128l3h8p16s8ep20lr0.0001,12170,2.4367666244506836
e51fbb87013b,ETTh2,patchtst,gd_calib_sgd0.001,gd,1.0,96,3,pt_d128l3h8p16s8ep20lr0.0001,12170,2.350329637527466
ed59837366c1,ETTh2,patchtst,gd_calib_sgd0.01,gd,1.0,96,3,pt_d128l3h8p16s8ep20lr0.0001,12170,
8e0d676a0f95,ETTh2,patchtst,gd_calib_sgd0.1,gd,1.0,96,3,pt_d128l3h8p16s8ep20lr0.0001,12170,
752070cd9975,ETTh2,patchtst,gd_feat_adam0.01,gd,1.0,96,3,pt_d128l3h8p16s8ep20lr0.0001,12170,2.7921993732452393
a718c1d5cd05,ETTh2,patchtst,gd_feat_sgd0.0001,gd,1.0,96,3,pt_d128l3h8p16s8ep20lr0.0001,12170,2.4339566230773926
354a924a6267,ETTh2,patchtst,gd_feat_sgd0.001,gd,1.0,96,3,pt_d128l3h8p16s8ep20lr0.0001,12170,2.2869322299957275
4cb97ed62740,ETTh2,patchtst,gd_feat_sgd0.01,gd,1.0,96,3,pt_d128l3h8p16s8ep20lr0.0001,12170,
05b15c4e59b6,ETTh2,patchtst,gd_feat_sgd0.1,gd,1.0,96,3,pt_d128l3h8p16s8ep20lr0.0001,12170,
26c05995939f,ETTh2,patchtst,gd_feat_sgddec0.001,gd,1.0,96,3,pt_d128l3h8p16s8ep20lr0.0001,12170,2.2869138717651367
d75adfafc38c,ETTh2,patchtst,gd_feat_sgddec0.01,gd,1.0,96,3,pt_d128l3h8p16s8ep20lr0.0001,12170,
8bc1ce57855c,ETTh2,patchtst,gd_feat_sgddec0.1,gd,1.0,96,3,pt_d128l3h8p16s8ep20lr0.0001,12170,
8727b3e9496e,ETTh2,patchtst,naive,naive,1.0,96,3,pt_d128l3h8p16s8ep20lr0.0001,12170,1.1195809841156006
cdaf18952249,ETTh2,patchtst,nlms_feat,classic,1.0,96,3,pt_d128l3h8p16s8ep20lr0.0001,12170,13.01700210571289
0c6c9dd6e9d4,ETTh2,patchtst,nlms_feat_mu0.02,classic,1.0,96,3,pt_d128l3h8p16s8ep20lr0.0001,12170,2.9752607345581055
fd357f3b8bc1,ETTh2,patchtst,nlms_feat_mu0.05,classic,1.0,96,3,pt_d128l3h8p16s8ep20lr0.0001,12170,6.683887958526611
08419451b038,ETTh2,patchtst,nlms_feat_mu0.3,classic,1.0,96,3,pt_d128l3h8p16s8ep20lr0.0001,12170,26.12333106994629
6ae953f4c453,ETTh2,patchtst,rls_bank_dftl,rls_ablation,1.0,96,3,pt_d128l3h8p16s8ep20lr0.0001,12170,3.3410892486572266
edc033d51db6,ETTh2,patchtst,rls_bank_ftl,rls_ablation,1.0,96,3,pt_d128l3h8p16s8ep20lr0.0001,12170,3.4252688884735107
ce2247e0e3fd,ETTh2,patchtst,rls_bank_med,rls,1.0,96,3,pt_d128l3h8p16s8ep20lr0.0001,12170,2.4172701835632324
d3dbd674ce2f,ETTh2,patchtst,rls_bank_med_noclip,rls_ablation,1.0,96,3,pt_d128l3h8p16s8ep20lr0.0001,12170,2.3271477222442627
6db459f6499c,ETTh2,patchtst,rls_calib,rls,1.0,96,3,pt_d128l3h8p16s8ep20lr0.0001,12170,2.4632341861724854
929efdbe432a,ETTh2,patchtst,rls_feat,rls,1.0,96,3,pt_d128l3h8p16s8ep20lr0.0001,12170,2.406360626220703
7d697e65cdf6,ETTh2,patchtst,rls_feat_l0.99,rls_sweep,1.0,96,3,pt_d128l3h8p16s8ep20lr0.0001,12170,4.2415852546691895
3166a1e7884b,ETTh2,patchtst,rls_feat_l0.995,rls_sweep,1.0,96,3,pt_d128l3h8p16s8ep20lr0.0001,12170,2.4297707080841064
0b5d2214cdc9,ETTh2,patchtst,rls_feat_l0.9995,rls_sweep,1.0,96,3,pt_d128l3h8p16s8ep20lr0.0001,12170,2.4448440074920654
e6736e2e555f,ETTh2,patchtst,rls_feat_l0.9999,rls_sweep,1.0,96,3,pt_d128l3h8p16s8ep20lr0.0001,12170,2.561159133911133
ce34331e7a4d,ETTh2,patchtst,rls_feat_l1,rls_sweep,1.0,96,3,pt_d128l3h8p16s8ep20lr0.0001,12170,2.6153054237365723
dadcf150a88d,ETTh2,patchtst,rls_feat_noclip,rls_ablation,1.0,96,3,pt_d128l3h8p16s8ep20lr0.0001,12170,2.298260450363159
8af5ce164a21,ETTh2,patchtst,snaive,naive,1.0,96,3,pt_d128l3h8p16s8ep20lr0.0001,12170,1.4836547374725342
910e8c99b01f,ETTh2,patchtst,bias_ema,simple,2.0,1,3,pt_d128l3h8p16s8ep20lr0.0001,12170,0.6257995963096619
1bd28412ec7a,ETTh2,patchtst,elf_linear,elf,2.0,1,3,pt_d128l3h8p16s8ep20lr0.0001,12170,0.9314390420913696
cf46673572c7,ETTh2,patchtst,elf_mix,elf,2.0,1,3,pt_d128l3h8p16s8ep20lr0.0001,12170,0.9277090430259705
e10629f69049,ETTh2,patchtst,frozen,frozen,2.0,1,3,pt_d128l3h8p16s8ep20lr0.0001,12170,6.530052661895752
98ea6c043031,ETTh2,patchtst,gd_calib_sgd0.0001,gd,2.0,1,3,pt_d128l3h8p16s8ep20lr0.0001,12170,1.4112508296966553
3589e1e67a80,ETTh2,patchtst,gd_calib_sgd0.001,gd,2.0,1,3,pt_d128l3h8p16s8ep20lr0.0001,12170,0.8788372278213501
d16fba2c7321,ETTh2,patchtst,gd_calib_sgd0.01,gd,2.0,1,3,pt_d128l3h8p16s8ep20lr0.0001,12170,
7edcb673b8b8,ETTh2,patchtst,gd_calib_sgd0.1,gd,2.0,1,3,pt_d128l3h8p16s8ep20lr0.0001,12170,
46cd712373ae,ETTh2,patchtst,gd_feat_adam0.01,gd,2.0,1,3,pt_d128l3h8p16s8ep20lr0.0001,12170,0.991315484046936
bdb7c247449b,ETTh2,patchtst,gd_feat_sgd0.0001,gd,2.0,1,3,pt_d128l3h8p16s8ep20lr0.0001,12170,1.3347471952438354
7a891d464fb6,ETTh2,patchtst,gd_feat_sgd0.001,gd,2.0,1,3,pt_d128l3h8p16s8ep20lr0.0001,12170,0.8243262767791748
48ca47ee330b,ETTh2,patchtst,gd_feat_sgd0.01,gd,2.0,1,3,pt_d128l3h8p16s8ep20lr0.0001,12170,
f29c3c964497,ETTh2,patchtst,gd_feat_sgd0.1,gd,2.0,1,3,pt_d128l3h8p16s8ep20lr0.0001,12170,
ac7e54d8f9d8,ETTh2,patchtst,gd_feat_sgddec0.001,gd,2.0,1,3,pt_d128l3h8p16s8ep20lr0.0001,12170,0.9134638905525208
e21c3cad6c6f,ETTh2,patchtst,gd_feat_sgddec0.01,gd,2.0,1,3,pt_d128l3h8p16s8ep20lr0.0001,12170,
92c9f3bcc1b4,ETTh2,patchtst,gd_feat_sgddec0.1,gd,2.0,1,3,pt_d128l3h8p16s8ep20lr0.0001,12170,
76b9e101557f,ETTh2,patchtst,naive,naive,2.0,1,3,pt_d128l3h8p16s8ep20lr0.0001,12170,1.1195809841156006
8414d19c87e0,ETTh2,patchtst,nlms_feat,classic,2.0,1,3,pt_d128l3h8p16s8ep20lr0.0001,12170,2.8744957447052
45d557e7ea21,ETTh2,patchtst,nlms_feat_mu0.02,classic,2.0,1,3,pt_d128l3h8p16s8ep20lr0.0001,12170,1.5975106954574585
fc1a933a4fbe,ETTh2,patchtst,nlms_feat_mu0.05,classic,2.0,1,3,pt_d128l3h8p16s8ep20lr0.0001,12170,2.6223104000091553
c13cabe239c4,ETTh2,patchtst,nlms_feat_mu0.3,classic,2.0,1,3,pt_d128l3h8p16s8ep20lr0.0001,12170,1.9362459182739258
71ff06af11ac,ETTh2,patchtst,rls_bank_dftl,rls_ablation,2.0,1,3,pt_d128l3h8p16s8ep20lr0.0001,12170,0.9792481660842896
111eb3a0c1ba,ETTh2,patchtst,rls_bank_ftl,rls_ablation,2.0,1,3,pt_d128l3h8p16s8ep20lr0.0001,12170,0.9993350505828857
bf7ef94151ef,ETTh2,patchtst,rls_bank_med,rls,2.0,1,3,pt_d128l3h8p16s8ep20lr0.0001,12170,1.1664998531341553
43e70c5befab,ETTh2,patchtst,rls_bank_med_noclip,rls_ablation,2.0,1,3,pt_d128l3h8p16s8ep20lr0.0001,12170,1.1593091487884521
1c9df8ffd816,ETTh2,patchtst,rls_calib,rls,2.0,1,3,pt_d128l3h8p16s8ep20lr0.0001,12170,1.2889699935913086
c87a700505bd,ETTh2,patchtst,rls_feat,rls,2.0,1,3,pt_d128l3h8p16s8ep20lr0.0001,12170,1.1678842306137085
14a49b99d6d2,ETTh2,patchtst,rls_feat_l0.99,rls_sweep,2.0,1,3,pt_d128l3h8p16s8ep20lr0.0001,12170,0.9870268702507019
ebf304c74b57,ETTh2,patchtst,rls_feat_l0.995,rls_sweep,2.0,1,3,pt_d128l3h8p16s8ep20lr0.0001,12170,0.9831594824790955
c1162040b348,ETTh2,patchtst,rls_feat_l0.9995,rls_sweep,2.0,1,3,pt_d128l3h8p16s8ep20lr0.0001,12170,1.244550108909607
25c7f0aa5383,ETTh2,patchtst,rls_feat_l0.9999,rls_sweep,2.0,1,3,pt_d128l3h8p16s8ep20lr0.0001,12170,1.3631806373596191
20fd35e0a489,ETTh2,patchtst,rls_feat_l1,rls_sweep,2.0,1,3,pt_d128l3h8p16s8ep20lr0.0001,12170,1.407958984375
575a43a68eb4,ETTh2,patchtst,rls_feat_noclip,rls_ablation,2.0,1,3,pt_d128l3h8p16s8ep20lr0.0001,12170,1.1555150747299194
fc84e93faa45,ETTh2,patchtst,snaive,naive,2.0,1,3,pt_d128l3h8p16s8ep20lr0.0001,12170,1.4836547374725342
cb25a49b929b,ETTh2,patchtst,bias_ema,simple,2.0,24,3,pt_d128l3h8p16s8ep20lr0.0001,12170,1.32220458984375
6b53060664bd,ETTh2,patchtst,elf_linear,elf,2.0,24,3,pt_d128l3h8p16s8ep20lr0.0001,12170,1.187725305557251
8372b00ffebf,ETTh2,patchtst,elf_mix,elf,2.0,24,3,pt_d128l3h8p16s8ep20lr0.0001,12170,1.1178243160247803
799c7343a179,ETTh2,patchtst,frozen,frozen,2.0,24,3,pt_d128l3h8p16s8ep20lr0.0001,12170,6.530052661895752
08b450cb139e,ETTh2,patchtst,gd_calib_sgd0.0001,gd,2.0,24,3,pt_d128l3h8p16s8ep20lr0.0001,12170,1.6241122484207153
5e3b00f637e7,ETTh2,patchtst,gd_calib_sgd0.001,gd,2.0,24,3,pt_d128l3h8p16s8ep20lr0.0001,12170,1.3701605796813965
50b12ccf9cf8,ETTh2,patchtst,gd_calib_sgd0.01,gd,2.0,24,3,pt_d128l3h8p16s8ep20lr0.0001,12170,
3220fc77ca0c,ETTh2,patchtst,gd_calib_sgd0.1,gd,2.0,24,3,pt_d128l3h8p16s8ep20lr0.0001,12170,
5a9ffff8ddac,ETTh2,patchtst,gd_feat_adam0.01,gd,2.0,24,3,pt_d128l3h8p16s8ep20lr0.0001,12170,1.3953548669815063
7b8893532aed,ETTh2,patchtst,gd_feat_sgd0.0001,gd,2.0,24,3,pt_d128l3h8p16s8ep20lr0.0001,12170,1.6267510652542114
baaebf835a25,ETTh2,patchtst,gd_feat_sgd0.001,gd,2.0,24,3,pt_d128l3h8p16s8ep20lr0.0001,12170,1.2884153127670288
9bb27a806688,ETTh2,patchtst,gd_feat_sgd0.01,gd,2.0,24,3,pt_d128l3h8p16s8ep20lr0.0001,12170,
77951b4b38ca,ETTh2,patchtst,gd_feat_sgd0.1,gd,2.0,24,3,pt_d128l3h8p16s8ep20lr0.0001,12170,
e657a772dfb6,ETTh2,patchtst,gd_feat_sgddec0.001,gd,2.0,24,3,pt_d128l3h8p16s8ep20lr0.0001,12170,1.3451299667358398
2e89bb76e681,ETTh2,patchtst,gd_feat_sgddec0.01,gd,2.0,24,3,pt_d128l3h8p16s8ep20lr0.0001,12170,
679026d817e1,ETTh2,patchtst,gd_feat_sgddec0.1,gd,2.0,24,3,pt_d128l3h8p16s8ep20lr0.0001,12170,
4c1fafe9ba33,ETTh2,patchtst,naive,naive,2.0,24,3,pt_d128l3h8p16s8ep20lr0.0001,12170,1.1195809841156006
8e213771404a,ETTh2,patchtst,nlms_feat,classic,2.0,24,3,pt_d128l3h8p16s8ep20lr0.0001,12170,14.722685813903809
7bf7ddea6822,ETTh2,patchtst,nlms_feat_mu0.02,classic,2.0,24,3,pt_d128l3h8p16s8ep20lr0.0001,12170,2.6492178440093994
3c057e243da7,ETTh2,patchtst,nlms_feat_mu0.05,classic,2.0,24,3,pt_d128l3h8p16s8ep20lr0.0001,12170,7.619718551635742
fc1bd56d9e5f,ETTh2,patchtst,nlms_feat_mu0.3,classic,2.0,24,3,pt_d128l3h8p16s8ep20lr0.0001,12170,25.45018768310547
14dbd8a1bbab,ETTh2,patchtst,rls_bank_dftl,rls_ablation,2.0,24,3,pt_d128l3h8p16s8ep20lr0.0001,12170,2.0585286617279053
6729e25f7fd2,ETTh2,patchtst,rls_bank_ftl,rls_ablation,2.0,24,3,pt_d128l3h8p16s8ep20lr0.0001,12170,2.0548877716064453
9522d4aaa993,ETTh2,patchtst,rls_bank_med,rls,2.0,24,3,pt_d128l3h8p16s8ep20lr0.0001,12170,1.511786937713623
33bb5ac7ed82,ETTh2,patchtst,rls_bank_med_noclip,rls_ablation,2.0,24,3,pt_d128l3h8p16s8ep20lr0.0001,12170,1.5048625469207764
b893cae926f4,ETTh2,patchtst,rls_calib,rls,2.0,24,3,pt_d128l3h8p16s8ep20lr0.0001,12170,1.796064853668213
4fc24c672458,ETTh2,patchtst,rls_feat,rls,2.0,24,3,pt_d128l3h8p16s8ep20lr0.0001,12170,1.507324457168579
144e2e186a04,ETTh2,patchtst,rls_feat_l0.99,rls_sweep,2.0,24,3,pt_d128l3h8p16s8ep20lr0.0001,12170,2.4859459400177
a05c268f30e0,ETTh2,patchtst,rls_feat_l0.995,rls_sweep,2.0,24,3,pt_d128l3h8p16s8ep20lr0.0001,12170,1.4912208318710327
9d07ddeb36d1,ETTh2,patchtst,rls_feat_l0.9995,rls_sweep,2.0,24,3,pt_d128l3h8p16s8ep20lr0.0001,12170,1.5784754753112793
5371a0f2eb81,ETTh2,patchtst,rls_feat_l0.9999,rls_sweep,2.0,24,3,pt_d128l3h8p16s8ep20lr0.0001,12170,1.6964086294174194
33a34fec490a,ETTh2,patchtst,rls_feat_l1,rls_sweep,2.0,24,3,pt_d128l3h8p16s8ep20lr0.0001,12170,1.74149489402771
2cf516cf320c,ETTh2,patchtst,rls_feat_noclip,rls_ablation,2.0,24,3,pt_d128l3h8p16s8ep20lr0.0001,12170,1.4959909915924072
c93d5ec2dd54,ETTh2,patchtst,snaive,naive,2.0,24,3,pt_d128l3h8p16s8ep20lr0.0001,12170,1.4836547374725342
d18622654c1c,ETTh2,patchtst,bias_ema,simple,2.0,48,3,pt_d128l3h8p16s8ep20lr0.0001,12170,1.6205201148986816
7db059449a3a,ETTh2,patchtst,elf_linear,elf,2.0,48,3,pt_d128l3h8p16s8ep20lr0.0001,12170,1.2672398090362549
a870a3ca58cb,ETTh2,patchtst,elf_mix,elf,2.0,48,3,pt_d128l3h8p16s8ep20lr0.0001,12170,1.2066609859466553
f9425761027a,ETTh2,patchtst,frozen,frozen,2.0,48,3,pt_d128l3h8p16s8ep20lr0.0001,12170,6.530052661895752
d4961d675249,ETTh2,patchtst,gd_calib_sgd0.0001,gd,2.0,48,3,pt_d128l3h8p16s8ep20lr0.0001,12170,1.7912486791610718
e873072fd2e9,ETTh2,patchtst,gd_calib_sgd0.001,gd,2.0,48,3,pt_d128l3h8p16s8ep20lr0.0001,12170,1.5242266654968262
60a273d1a26a,ETTh2,patchtst,gd_calib_sgd0.01,gd,2.0,48,3,pt_d128l3h8p16s8ep20lr0.0001,12170,
30aea23faf29,ETTh2,patchtst,gd_calib_sgd0.1,gd,2.0,48,3,pt_d128l3h8p16s8ep20lr0.0001,12170,
5803451b7a6c,ETTh2,patchtst,gd_feat_adam0.01,gd,2.0,48,3,pt_d128l3h8p16s8ep20lr0.0001,12170,1.7494391202926636
b1c15cbd7a87,ETTh2,patchtst,gd_feat_sgd0.0001,gd,2.0,48,3,pt_d128l3h8p16s8ep20lr0.0001,12170,1.7902699708938599
babd834c5156,ETTh2,patchtst,gd_feat_sgd0.001,gd,2.0,48,3,pt_d128l3h8p16s8ep20lr0.0001,12170,1.4483213424682617
d7030c4c9dca,ETTh2,patchtst,gd_feat_sgd0.01,gd,2.0,48,3,pt_d128l3h8p16s8ep20lr0.0001,12170,
201d997f81d1,ETTh2,patchtst,gd_feat_sgd0.1,gd,2.0,48,3,pt_d128l3h8p16s8ep20lr0.0001,12170,
7cdf62890156,ETTh2,patchtst,gd_feat_sgddec0.001,gd,2.0,48,3,pt_d128l3h8p16s8ep20lr0.0001,12170,1.5076371431350708
96d59e744620,ETTh2,patchtst,gd_feat_sgddec0.01,gd,2.0,48,3,pt_d128l3h8p16s8ep20lr0.0001,12170,
477e1781d0e1,ETTh2,patchtst,gd_feat_sgddec0.1,gd,2.0,48,3,pt_d128l3h8p16s8ep20lr0.0001,12170,
c3c644cdf069,ETTh2,patchtst,naive,naive,2.0,48,3,pt_d128l3h8p16s8ep20lr0.0001,12170,1.1195809841156006
351bf04f2fa6,ETTh2,patchtst,nlms_feat,classic,2.0,48,3,pt_d128l3h8p16s8ep20lr0.0001,12170,16.061511993408203
34278b18e85f,ETTh2,patchtst,nlms_feat_mu0.02,classic,2.0,48,3,pt_d128l3h8p16s8ep20lr0.0001,12170,2.630937337875366
9663e05d2fe6,ETTh2,patchtst,nlms_feat_mu0.05,classic,2.0,48,3,pt_d128l3h8p16s8ep20lr0.0001,12170,7.625807285308838
d8a208698374,ETTh2,patchtst,nlms_feat_mu0.3,classic,2.0,48,3,pt_d128l3h8p16s8ep20lr0.0001,12170,33.07719421386719
b0042cba3f37,ETTh2,patchtst,rls_bank_dftl,rls_ablation,2.0,48,3,pt_d128l3h8p16s8ep20lr0.0001,12170,2.9864661693573
a332bf586005,ETTh2,patchtst,rls_bank_ftl,rls_ablation,2.0,48,3,pt_d128l3h8p16s8ep20lr0.0001,12170,2.994305372238159
ccc5a33314e1,ETTh2,patchtst,rls_bank_med,rls,2.0,48,3,pt_d128l3h8p16s8ep20lr0.0001,12170,1.6949468851089478
218540354291,ETTh2,patchtst,rls_bank_med_noclip,rls_ablation,2.0,48,3,pt_d128l3h8p16s8ep20lr0.0001,12170,1.687781810760498
33a3af231b89,ETTh2,patchtst,rls_calib,rls,2.0,48,3,pt_d128l3h8p16s8ep20lr0.0001,12170,1.8854271173477173
9ec667a21d4e,ETTh2,patchtst,rls_feat,rls,2.0,48,3,pt_d128l3h8p16s8ep20lr0.0001,12170,1.6844216585159302
bab73f780059,ETTh2,patchtst,rls_feat_l0.99,rls_sweep,2.0,48,3,pt_d128l3h8p16s8ep20lr0.0001,12170,3.5999505519866943
97b8f33e21a7,ETTh2,patchtst,rls_feat_l0.995,rls_sweep,2.0,48,3,pt_d128l3h8p16s8ep20lr0.0001,12170,1.7007805109024048
f170436c6764,ETTh2,patchtst,rls_feat_l0.9995,rls_sweep,2.0,48,3,pt_d128l3h8p16s8ep20lr0.0001,12170,1.7596726417541504
f038e469dce4,ETTh2,patchtst,rls_feat_l0.9999,rls_sweep,2.0,48,3,pt_d128l3h8p16s8ep20lr0.0001,12170,1.8821587562561035
005edf18eab5,ETTh2,patchtst,rls_feat_l1,rls_sweep,2.0,48,3,pt_d128l3h8p16s8ep20lr0.0001,12170,1.9284179210662842
8d33c96df934,ETTh2,patchtst,rls_feat_noclip,rls_ablation,2.0,48,3,pt_d128l3h8p16s8ep20lr0.0001,12170,1.6728456020355225
4958e9ca9b24,ETTh2,patchtst,snaive,naive,2.0,48,3,pt_d128l3h8p16s8ep20lr0.0001,12170,1.4836547374725342
80909dd0c87a,ETTh2,patchtst,bias_ema,simple,2.0,96,3,pt_d128l3h8p16s8ep20lr0.0001,12170,2.1398699283599854
74dbcdc695fe,ETTh2,patchtst,elf_linear,elf,2.0,96,3,pt_d128l3h8p16s8ep20lr0.0001,12170,1.4441683292388916
d6d9d31cf05a,ETTh2,patchtst,elf_mix,elf,2.0,96,3,pt_d128l3h8p16s8ep20lr0.0001,12170,1.3685595989227295
215d7452d929,ETTh2,patchtst,frozen,frozen,2.0,96,3,pt_d128l3h8p16s8ep20lr0.0001,12170,6.530052661895752
2bf2e5690e2c,ETTh2,patchtst,gd_calib_sgd0.0001,gd,2.0,96,3,pt_d128l3h8p16s8ep20lr0.0001,12170,2.114245653152466
698cfb4f6ce6,ETTh2,patchtst,gd_calib_sgd0.001,gd,2.0,96,3,pt_d128l3h8p16s8ep20lr0.0001,12170,1.8913910388946533
f255174af4b4,ETTh2,patchtst,gd_calib_sgd0.01,gd,2.0,96,3,pt_d128l3h8p16s8ep20lr0.0001,12170,
01475fa4160d,ETTh2,patchtst,gd_calib_sgd0.1,gd,2.0,96,3,pt_d128l3h8p16s8ep20lr0.0001,12170,
ea7d47682e55,ETTh2,patchtst,gd_feat_adam0.01,gd,2.0,96,3,pt_d128l3h8p16s8ep20lr0.0001,12170,2.4275271892547607
c774b153ae6b,ETTh2,patchtst,gd_feat_sgd0.0001,gd,2.0,96,3,pt_d128l3h8p16s8ep20lr0.0001,12170,2.113002061843872
199f0bcc282b,ETTh2,patchtst,gd_feat_sgd0.001,gd,2.0,96,3,pt_d128l3h8p16s8ep20lr0.0001,12170,1.8313888311386108
e2de41eff303,ETTh2,patchtst,gd_feat_sgd0.01,gd,2.0,96,3,pt_d128l3h8p16s8ep20lr0.0001,12170,
fae405947a00,ETTh2,patchtst,gd_feat_sgd0.1,gd,2.0,96,3,pt_d128l3h8p16s8ep20lr0.0001,12170,
ec039f3ea745,ETTh2,patchtst,gd_feat_sgddec0.001,gd,2.0,96,3,pt_d128l3h8p16s8ep20lr0.0001,12170,1.8734387159347534
4f4e28f1f4a7,ETTh2,patchtst,gd_feat_sgddec0.01,gd,2.0,96,3,pt_d128l3h8p16s8ep20lr0.0001,12170,
8cb87e79878c,ETTh2,patchtst,gd_feat_sgddec0.1,gd,2.0,96,3,pt_d128l3h8p16s8ep20lr0.0001,12170,
9e2633b3fc72,ETTh2,patchtst,naive,naive,2.0,96,3,pt_d128l3h8p16s8ep20lr0.0001,12170,1.1195809841156006
8aa0bedc8d56,ETTh2,patchtst,nlms_feat,classic,2.0,96,3,pt_d128l3h8p16s8ep20lr0.0001,12170,12.872626304626465
4952892da31b,ETTh2,patchtst,nlms_feat_mu0.02,classic,2.0,96,3,pt_d128l3h8p16s8ep20lr0.0001,12170,2.6394989490509033
a3b6a037cd41,ETTh2,patchtst,nlms_feat_mu0.05,classic,2.0,96,3,pt_d128l3h8p16s8ep20lr0.0001,12170,6.396121025085449
5bf8bb26c64b,ETTh2,patchtst,nlms_feat_mu0.3,classic,2.0,96,3,pt_d128l3h8p16s8ep20lr0.0001,12170,26.820148468017578
7c0a0f2743f8,ETTh2,patchtst,rls_bank_dftl,rls_ablation,2.0,96,3,pt_d128l3h8p16s8ep20lr0.0001,12170,3.0230250358581543
3d8a0ce86467,ETTh2,patchtst,rls_bank_ftl,rls_ablation,2.0,96,3,pt_d128l3h8p16s8ep20lr0.0001,12170,3.006481885910034
72109c49fa6e,ETTh2,patchtst,rls_bank_med,rls,2.0,96,3,pt_d128l3h8p16s8ep20lr0.0001,12170,2.1205391883850098
ace1e0c08d45,ETTh2,patchtst,rls_bank_med_noclip,rls_ablation,2.0,96,3,pt_d128l3h8p16s8ep20lr0.0001,12170,2.113496780395508
4459868c327d,ETTh2,patchtst,rls_calib,rls,2.0,96,3,pt_d128l3h8p16s8ep20lr0.0001,12170,2.242446184158325
1e872458dfed,ETTh2,patchtst,rls_feat,rls,2.0,96,3,pt_d128l3h8p16s8ep20lr0.0001,12170,2.1111063957214355
0f4cef64ef78,ETTh2,patchtst,rls_feat_l0.99,rls_sweep,2.0,96,3,pt_d128l3h8p16s8ep20lr0.0001,12170,3.5846786499023438
9b4b8e102c29,ETTh2,patchtst,rls_feat_l0.995,rls_sweep,2.0,96,3,pt_d128l3h8p16s8ep20lr0.0001,12170,2.1486976146698
d2de0c4e7537,ETTh2,patchtst,rls_feat_l0.9995,rls_sweep,2.0,96,3,pt_d128l3h8p16s8ep20lr0.0001,12170,2.183192014694214
93fe3c0b7853,ETTh2,patchtst,rls_feat_l0.9999,rls_sweep,2.0,96,3,pt_d128l3h8p16s8ep20lr0.0001,12170,2.303776502609253
618cc7a3d542,ETTh2,patchtst,rls_feat_l1,rls_sweep,2.0,96,3,pt_d128l3h8p16s8ep20lr0.0001,12170,2.3495113849639893
d23621e04427,ETTh2,patchtst,rls_feat_noclip,rls_ablation,2.0,96,3,pt_d128l3h8p16s8ep20lr0.0001,12170,2.099778413772583
5a5b6710c58c,ETTh2,patchtst,snaive,naive,2.0,96,3,pt_d128l3h8p16s8ep20lr0.0001,12170,1.4836547374725342
8ab3d6fe12b5,ETTh2,patchtst_ext,elf_linear,elf,0.0,1,3,patchtst_ext,12170,0.9314390420913696
4408c038e81d,ETTh2,patchtst_ext,elf_mix,elf,0.0,1,3,patchtst_ext,12170,0.9074587821960449
6a5e4e0a3eb4,ETTh2,patchtst_ext,bias_ema,simple,0.0,24,3,patchtst_ext,12170,1.4089500904083252
653317e2870f,ETTh2,patchtst_ext,cosa,external_tta,0.0,24,3,patchtst_ext,12170,1.5293421745300293
e3a1beebbe45,ETTh2,patchtst_ext,cosa_tuned,external_tta,0.0,24,3,patchtst_ext,12170,1.2356826066970825
bf161a7450ee,ETTh2,patchtst_ext,dynatta,external_tta,0.0,24,3,patchtst_ext,12170,1.382212519645691
f884685d26ba,ETTh2,patchtst_ext,elf_linear,elf,0.0,24,3,patchtst_ext,12170,1.187725305557251
92d8cea24bdb,ETTh2,patchtst_ext,elf_mix,elf,0.0,24,3,patchtst_ext,12170,1.0356189012527466
4ae3ab5746f8,ETTh2,patchtst_ext,frozen,external_tta,0.0,24,3,patchtst_ext,12170,1.2354731559753418
ecb7ca86ceb1,ETTh2,patchtst_ext,frozen,frozen,0.0,24,3,patchtst_ext,12170,1.2354731559753418
9be4c7f42f5a,ETTh2,patchtst_ext,gd_calib_sgd0.0001,gd,0.0,24,3,patchtst_ext,12170,1.400752067565918
c60b72a93ea6,ETTh2,patchtst_ext,gd_calib_sgd0.001,gd,0.0,24,3,patchtst_ext,12170,2.024916887283325
d8397abb1ef1,ETTh2,patchtst_ext,gd_calib_sgd0.01,gd,0.0,24,3,patchtst_ext,12170,
b83e2b17f725,ETTh2,patchtst_ext,gd_calib_sgd0.1,gd,0.0,24,3,patchtst_ext,12170,
4abce81b7658,ETTh2,patchtst_ext,gd_feat_adam0.01,gd,0.0,24,3,patchtst_ext,12170,1.592532753944397
168dbfe6777c,ETTh2,patchtst_ext,gd_feat_sgd0.0001,gd,0.0,24,3,patchtst_ext,12170,1.3542793989181519
6c1150425314,ETTh2,patchtst_ext,gd_feat_sgd0.001,gd,0.0,24,3,patchtst_ext,12170,1.805611252784729
48c87e4be102,ETTh2,patchtst_ext,gd_feat_sgd0.01,gd,0.0,24,3,patchtst_ext,12170,
5155b82bc49d,ETTh2,patchtst_ext,gd_feat_sgd0.1,gd,0.0,24,3,patchtst_ext,12170,
b872f01c7a3d,ETTh2,patchtst_ext,gd_feat_sgddec0.001,gd,0.0,24,3,patchtst_ext,12170,1.7402263879776
5f97976d6ed2,ETTh2,patchtst_ext,gd_feat_sgddec0.01,gd,0.0,24,3,patchtst_ext,12170,
96ab1bc38ff1,ETTh2,patchtst_ext,gd_feat_sgddec0.1,gd,0.0,24,3,patchtst_ext,12170,
85bb045862af,ETTh2,patchtst_ext,naive,naive,0.0,24,3,patchtst_ext,12170,1.1195809841156006
2d1ea40f7d2b,ETTh2,patchtst_ext,nlms_feat,classic,0.0,24,3,patchtst_ext,12170,38.47838592529297
d304d450bff1,ETTh2,patchtst_ext,nlms_feat_mu0.02,classic,0.0,24,3,patchtst_ext,12170,8.657925605773926
b2e164b36217,ETTh2,patchtst_ext,nlms_feat_mu0.05,classic,0.0,24,3,patchtst_ext,12170,20.83121109008789
3f26c0e7f7ff,ETTh2,patchtst_ext,nlms_feat_mu0.3,classic,0.0,24,3,patchtst_ext,12170,58.99652099609375
d583f50a0ea9,ETTh2,patchtst_ext,petsa,external_tta,0.0,24,3,patchtst_ext,12170,1.3224016427993774
9414c0fa5a46,ETTh2,patchtst_ext,rls_bank_dftl,rls_ablation,0.0,24,3,patchtst_ext,12170,3.88201642036438
8b613db9b09f,ETTh2,patchtst_ext,rls_bank_ftl,rls_ablation,0.0,24,3,patchtst_ext,12170,3.9735608100891113
aaf7a70b3a25,ETTh2,patchtst_ext,rls_bank_med,rls,0.0,24,3,patchtst_ext,12170,1.3136436939239502
e454ba917015,ETTh2,patchtst_ext,rls_bank_med_noclip,rls_ablation,0.0,24,3,patchtst_ext,12170,1.312228798866272
155c9c2516f0,ETTh2,patchtst_ext,rls_calib,rls,0.0,24,3,patchtst_ext,12170,1.6626054048538208
3bb2d0258918,ETTh2,patchtst_ext,rls_feat,rls,0.0,24,3,patchtst_ext,12170,1.339461326599121
3051117b1d74,ETTh2,patchtst_ext,rls_feat_l0.99,rls_sweep,0.0,24,3,patchtst_ext,12170,4.538121223449707
95417762228c,ETTh2,patchtst_ext,rls_feat_l0.995,rls_sweep,0.0,24,3,patchtst_ext,12170,1.623011827468872
9c1492933731,ETTh2,patchtst_ext,rls_feat_l0.9995,rls_sweep,0.0,24,3,patchtst_ext,12170,1.3310024738311768
648f9c356b34,ETTh2,patchtst_ext,rls_feat_l0.9999,rls_sweep,0.0,24,3,patchtst_ext,12170,1.3400262594223022
244f3d088049,ETTh2,patchtst_ext,rls_feat_l1,rls_sweep,0.0,24,3,patchtst_ext,12170,1.3448745012283325
565cf9579104,ETTh2,patchtst_ext,rls_feat_noclip,rls_ablation,0.0,24,3,patchtst_ext,12170,1.3386049270629883
922f86301c8c,ETTh2,patchtst_ext,snaive,naive,0.0,24,3,patchtst_ext,12170,1.483655571937561
ef51a4a8ef68,ETTh2,patchtst_ext,tafas,external_tta,0.0,24,3,patchtst_ext,12170,1.246309518814087
bd86527752ef,ETTh2,patchtst_ext,tafas_tuned,external_tta,0.0,24,3,patchtst_ext,12170,1.2427514791488647
59d02d32cc45,ETTh2,patchtst_ext,bias_ema,simple,0.0,48,3,patchtst_ext,12170,1.5030299425125122
32636083d370,ETTh2,patchtst_ext,cosa,external_tta,0.0,48,3,patchtst_ext,12170,1.7623591423034668
57d683bd80c4,ETTh2,patchtst_ext,cosa_tuned,external_tta,0.0,48,3,patchtst_ext,12170,1.2360084056854248
f5e778f29a2c,ETTh2,patchtst_ext,dynatta,external_tta,0.0,48,3,patchtst_ext,12170,1.4422712326049805
0df793cd22c0,ETTh2,patchtst_ext,elf_linear,elf,0.0,48,3,patchtst_ext,12170,1.2672398090362549
485c931b4f73,ETTh2,patchtst_ext,elf_mix,elf,0.0,48,3,patchtst_ext,12170,1.086715817451477
f31eb44753af,ETTh2,patchtst_ext,frozen,frozen,0.0,48,3,patchtst_ext,12170,1.2354731559753418
5127088ce153,ETTh2,patchtst_ext,gd_calib_sgd0.0001,gd,0.0,48,3,patchtst_ext,12170,1.4392379522323608
88a516345e5b,ETTh2,patchtst_ext,gd_calib_sgd0.001,gd,0.0,48,3,patchtst_ext,12170,2.0641043186187744
87b436981837,ETTh2,patchtst_ext,gd_calib_sgd0.01,gd,0.0,48,3,patchtst_ext,12170,
14def01cd7ee,ETTh2,patchtst_ext,gd_calib_sgd0.1,gd,0.0,48,3,patchtst_ext,12170,
780c8b80973b,ETTh2,patchtst_ext,gd_feat_adam0.01,gd,0.0,48,3,patchtst_ext,12170,1.8011730909347534
c11f38cb05f0,ETTh2,patchtst_ext,gd_feat_sgd0.0001,gd,0.0,48,3,patchtst_ext,12170,1.387917399406433
b069dd28c9b2,ETTh2,patchtst_ext,gd_feat_sgd0.001,gd,0.0,48,3,patchtst_ext,12170,2.0194590091705322
612ab71bdcda,ETTh2,patchtst_ext,gd_feat_sgd0.01,gd,0.0,48,3,patchtst_ext,12170,
6467918bc048,ETTh2,patchtst_ext,gd_feat_sgd0.1,gd,0.0,48,3,patchtst_ext,12170,
9e67138b16a4,ETTh2,patchtst_ext,gd_feat_sgddec0.001,gd,0.0,48,3,patchtst_ext,12170,1.8897091150283813
0d85f4108b10,ETTh2,patchtst_ext,gd_feat_sgddec0.01,gd,0.0,48,3,patchtst_ext,12170,
5d20f8ebc8f0,ETTh2,patchtst_ext,gd_feat_sgddec0.1,gd,0.0,48,3,patchtst_ext,12170,
e155593a6ad6,ETTh2,patchtst_ext,naive,naive,0.0,48,3,patchtst_ext,12170,1.1195809841156006
bcf4baf78144,ETTh2,patchtst_ext,nlms_feat,classic,0.0,48,3,patchtst_ext,12170,20.841684341430664
6c393a2f979e,ETTh2,patchtst_ext,nlms_feat_mu0.02,classic,0.0,48,3,patchtst_ext,12170,8.081865310668945
a80b1f30ef8f,ETTh2,patchtst_ext,nlms_feat_mu0.05,classic,0.0,48,3,patchtst_ext,12170,12.248964309692383
ef0a85cca518,ETTh2,patchtst_ext,nlms_feat_mu0.3,classic,0.0,48,3,patchtst_ext,12170,47.4884033203125
bdb8c002daea,ETTh2,patchtst_ext,petsa,external_tta,0.0,48,3,patchtst_ext,12170,1.334037184715271
d95da2f38f9e,ETTh2,patchtst_ext,rls_bank_dftl,rls_ablation,0.0,48,3,patchtst_ext,12170,3.8617026805877686
3134ab1cfb08,ETTh2,patchtst_ext,rls_bank_ftl,rls_ablation,0.0,48,3,patchtst_ext,12170,3.885056257247925
12cee7fb8ba2,ETTh2,patchtst_ext,rls_bank_med,rls,0.0,48,3,patchtst_ext,12170,1.3908045291900635
9033fa486e1b,ETTh2,patchtst_ext,rls_bank_med_noclip,rls_ablation,0.0,48,3,patchtst_ext,12170,1.3881505727767944
97e6440d753f,ETTh2,patchtst_ext,rls_calib,rls,0.0,48,3,patchtst_ext,12170,1.45668625831604
455efc0a204a,ETTh2,patchtst_ext,rls_feat,rls,0.0,48,3,patchtst_ext,12170,1.3974133729934692
442722a58fe9,ETTh2,patchtst_ext,rls_feat_l0.99,rls_sweep,0.0,48,3,patchtst_ext,12170,4.2218828201293945
c37105ef7a12,ETTh2,patchtst_ext,rls_feat_l0.995,rls_sweep,0.0,48,3,patchtst_ext,12170,1.6394916772842407
0730df23846d,ETTh2,patchtst_ext,rls_feat_l0.9995,rls_sweep,0.0,48,3,patchtst_ext,12170,1.3999764919281006
18aeb694615f,ETTh2,patchtst_ext,rls_feat_l0.9999,rls_sweep,0.0,48,3,patchtst_ext,12170,1.4174485206604004
d31392353c7b,ETTh2,patchtst_ext,rls_feat_l1,rls_sweep,0.0,48,3,patchtst_ext,12170,1.4240044355392456
190b6bf4f98f,ETTh2,patchtst_ext,rls_feat_noclip,rls_ablation,0.0,48,3,patchtst_ext,12170,1.3945226669311523
64e9b529f66b,ETTh2,patchtst_ext,snaive,naive,0.0,48,3,patchtst_ext,12170,1.483655571937561
e57d424593f1,ETTh2,patchtst_ext,tafas,external_tta,0.0,48,3,patchtst_ext,12170,1.2613714933395386
c63f2a55cad4,ETTh2,patchtst_ext,tafas_tuned,external_tta,0.0,48,3,patchtst_ext,12170,1.241036295890808
3fd0fec107e9,ETTh2,patchtst_ext,bias_ema,simple,0.0,96,3,patchtst_ext,12170,1.8882979154586792
382531892f80,ETTh2,patchtst_ext,cosa,external_tta,0.0,96,3,patchtst_ext,12170,1.9952095746994019
1fd8985d39cd,ETTh2,patchtst_ext,cosa_tuned,external_tta,0.0,96,3,patchtst_ext,12170,1.235331416130066
8eedad4c9e52,ETTh2,patchtst_ext,dynatta,external_tta,0.0,96,3,patchtst_ext,12170,1.4501197338104248
8f5940a61336,ETTh2,patchtst_ext,elf_linear,elf,0.0,96,3,patchtst_ext,12170,1.4441683292388916
06fca5aec360,ETTh2,patchtst_ext,elf_mix,elf,0.0,96,3,patchtst_ext,12170,1.2429468631744385
100a100755f4,ETTh2,patchtst_ext,frozen,frozen,0.0,96,3,patchtst_ext,12170,1.2354731559753418
5a94d63aaa7e,ETTh2,patchtst_ext,gd_calib_sgd0.0001,gd,0.0,96,3,patchtst_ext,12170,1.5761409997940063
d0d20ce4a446,ETTh2,patchtst_ext,gd_calib_sgd0.001,gd,0.0,96,3,patchtst_ext,12170,2.6674094200134277
02199281430b,ETTh2,patchtst_ext,gd_calib_sgd0.01,gd,0.0,96,3,patchtst_ext,12170,
22c2d479b75f,ETTh2,patchtst_ext,gd_calib_sgd0.1,gd,0.0,96,3,patchtst_ext,12170,
a8cea1faa1eb,ETTh2,patchtst_ext,gd_feat_adam0.01,gd,0.0,96,3,patchtst_ext,12170,2.38923716545105
b57e5ba7c811,ETTh2,patchtst_ext,gd_feat_sgd0.0001,gd,0.0,96,3,patchtst_ext,12170,1.4752576351165771
ff5f28495c14,ETTh2,patchtst_ext,gd_feat_sgd0.001,gd,0.0,96,3,patchtst_ext,12170,2.297982931137085
56d91d056256,ETTh2,patchtst_ext,gd_feat_sgd0.01,gd,0.0,96,3,patchtst_ext,12170,
713d30fd8efc,ETTh2,patchtst_ext,gd_feat_sgd0.1,gd,0.0,96,3,patchtst_ext,12170,
dfc4205d93aa,ETTh2,patchtst_ext,gd_feat_sgddec0.001,gd,0.0,96,3,patchtst_ext,12170,2.083317995071411
176733b654a6,ETTh2,patchtst_ext,gd_feat_sgddec0.01,gd,0.0,96,3,patchtst_ext,12170,
d88187fed267,ETTh2,patchtst_ext,gd_feat_sgddec0.1,gd,0.0,96,3,patchtst_ext,12170,
9c4d9c9ce9af,ETTh2,patchtst_ext,naive,naive,0.0,96,3,patchtst_ext,12170,1.1195809841156006
4fc5eede06a4,ETTh2,patchtst_ext,nlms_feat,classic,0.0,96,3,patchtst_ext,12170,75.11424255371094
7ef840804aae,ETTh2,patchtst_ext,nlms_feat_mu0.02,classic,0.0,96,3,patchtst_ext,12170,17.37868881225586
c9852fc9092a,ETTh2,patchtst_ext,nlms_feat_mu0.05,classic,0.0,96,3,patchtst_ext,12170,42.655879974365234
3fdcc7c36c13,ETTh2,patchtst_ext,nlms_feat_mu0.3,classic,0.0,96,3,patchtst_ext,12170,120.6176528930664
8aea80c1ee81,ETTh2,patchtst_ext,petsa,external_tta,0.0,96,3,patchtst_ext,12170,1.3328560590744019
e45e0e1ecb6d,ETTh2,patchtst_ext,rls_bank_dftl,rls_ablation,0.0,96,3,patchtst_ext,12170,10.906484603881836
d38ccb536d92,ETTh2,patchtst_ext,rls_bank_ftl,rls_ablation,0.0,96,3,patchtst_ext,12170,11.08192253112793
000b72263bab,ETTh2,patchtst_ext,rls_bank_med,rls,0.0,96,3,patchtst_ext,12170,1.58968186378479
46bc804e9d20,ETTh2,patchtst_ext,rls_bank_med_noclip,rls_ablation,0.0,96,3,patchtst_ext,12170,1.5899244546890259
6974292f4c38,ETTh2,patchtst_ext,rls_calib,rls,0.0,96,3,patchtst_ext,12170,2.3704373836517334
9234919bb87f,ETTh2,patchtst_ext,rls_feat,rls,0.0,96,3,patchtst_ext,12170,1.6510591506958008
0a9749cae5db,ETTh2,patchtst_ext,rls_feat_l0.99,rls_sweep,0.0,96,3,patchtst_ext,12170,11.91344165802002
9131266fdd92,ETTh2,patchtst_ext,rls_feat_l0.995,rls_sweep,0.0,96,3,patchtst_ext,12170,2.508078098297119
c33b51aa85ef,ETTh2,patchtst_ext,rls_feat_l0.9995,rls_sweep,0.0,96,3,patchtst_ext,12170,1.611898422241211
1cd346b395d9,ETTh2,patchtst_ext,rls_feat_l0.9999,rls_sweep,0.0,96,3,patchtst_ext,12170,1.5996437072753906
e4182e2826f2,ETTh2,patchtst_ext,rls_feat_l1,rls_sweep,0.0,96,3,patchtst_ext,12170,1.5998578071594238
0d801e2d5f3e,ETTh2,patchtst_ext,rls_feat_noclip,rls_ablation,0.0,96,3,patchtst_ext,12170,1.6529566049575806
5667b5a68c1e,ETTh2,patchtst_ext,snaive,naive,0.0,96,3,patchtst_ext,12170,1.483655571937561
2fcd717b7cfb,ETTh2,patchtst_ext,tafas,external_tta,0.0,96,3,patchtst_ext,12170,1.2558300495147705
29925fce8c66,ETTh2,patchtst_ext,tafas_tuned,external_tta,0.0,96,3,patchtst_ext,12170,1.2387685775756836
e58b49d9de26,ETTh2,patchtst_ext,elf_linear,elf,1.0,1,3,patchtst_ext,12170,0.9314390420913696
52aa960434b4,ETTh2,patchtst_ext,elf_mix,elf,1.0,1,3,patchtst_ext,12170,0.918002724647522
f658964ae990,ETTh2,patchtst_ext,bias_ema,simple,1.0,24,3,patchtst_ext,12170,1.5304031372070312
bb2c4ada3da6,ETTh2,patchtst_ext,cosa,external_tta,1.0,24,3,patchtst_ext,12170,1.7859177589416504
d3181aebca66,ETTh2,patchtst_ext,dynatta,external_tta,1.0,24,3,patchtst_ext,12170,1.5047268867492676
4f37141903a5,ETTh2,patchtst_ext,elf_linear,elf,1.0,24,3,patchtst_ext,12170,1.187725305557251
3159ba4a61f2,ETTh2,patchtst_ext,elf_mix,elf,1.0,24,3,patchtst_ext,12170,1.069179654121399
45deab0e6760,ETTh2,patchtst_ext,frozen,external_tta,1.0,24,3,patchtst_ext,12170,1.3901070356369019
5e8002146cca,ETTh2,patchtst_ext,frozen,frozen,1.0,24,3,patchtst_ext,12170,1.3901070356369019
af45f86e4f23,ETTh2,patchtst_ext,gd_calib_sgd0.0001,gd,1.0,24,3,patchtst_ext,12170,1.5560377836227417
c20d8fab6f01,ETTh2,patchtst_ext,gd_calib_sgd0.001,gd,1.0,24,3,patchtst_ext,12170,2.3030686378479004
ca56e4987884,ETTh2,patchtst_ext,gd_calib_sgd0.01,gd,1.0,24,3,patchtst_ext,12170,
05e6f78b54a9,ETTh2,patchtst_ext,gd_calib_sgd0.1,gd,1.0,24,3,patchtst_ext,12170,
44dba66b9995,ETTh2,patchtst_ext,gd_feat_adam0.01,gd,1.0,24,3,patchtst_ext,12170,1.5975490808486938
a53138144c9d,ETTh2,patchtst_ext,gd_feat_sgd0.0001,gd,1.0,24,3,patchtst_ext,12170,1.5202094316482544
52dad6c7c538,ETTh2,patchtst_ext,gd_feat_sgd0.001,gd,1.0,24,3,patchtst_ext,12170,2.1541550159454346
1b2dec90052f,ETTh2,patchtst_ext,gd_feat_sgd0.01,gd,1.0,24,3,patchtst_ext,12170,
56e5b147d545,ETTh2,patchtst_ext,gd_feat_sgd0.1,gd,1.0,24,3,patchtst_ext,12170,
ee6bc2727cfc,ETTh2,patchtst_ext,gd_feat_sgddec0.001,gd,1.0,24,3,patchtst_ext,12170,2.035468816757202
27fae9aebfb8,ETTh2,patchtst_ext,gd_feat_sgddec0.01,gd,1.0,24,3,patchtst_ext,12170,
41fdfbd3ee01,ETTh2,patchtst_ext,gd_feat_sgddec0.1,gd,1.0,24,3,patchtst_ext,12170,
29bae810deb1,ETTh2,patchtst_ext,naive,naive,1.0,24,3,patchtst_ext,12170,1.1195809841156006
5f4a6fad9cc4,ETTh2,patchtst_ext,nlms_feat,classic,1.0,24,3,patchtst_ext,12170,37.65220260620117
65a7ca097eb6,ETTh2,patchtst_ext,nlms_feat_mu0.02,classic,1.0,24,3,patchtst_ext,12170,9.855185508728027
6b224ea7d8ae,ETTh2,patchtst_ext,nlms_feat_mu0.05,classic,1.0,24,3,patchtst_ext,12170,20.722923278808594
45f3e36bb451,ETTh2,patchtst_ext,nlms_feat_mu0.3,classic,1.0,24,3,patchtst_ext,12170,57.77439498901367
4c841c4be2db,ETTh2,patchtst_ext,petsa,external_tta,1.0,24,3,patchtst_ext,12170,1.4607131481170654
811f9ee6eed3,ETTh2,patchtst_ext,rls_bank_dftl,rls_ablation,1.0,24,3,patchtst_ext,12170,5.8122453689575195
57e9ec69b1cc,ETTh2,patchtst_ext,rls_bank_ftl,rls_ablation,1.0,24,3,patchtst_ext,12170,5.830436706542969
7f984aee2d72,ETTh2,patchtst_ext,rls_bank_med,rls,1.0,24,3,patchtst_ext,12170,1.5124996900558472
3c7bbeefc153,ETTh2,patchtst_ext,rls_bank_med_noclip,rls_ablation,1.0,24,3,patchtst_ext,12170,1.5093201398849487
07c4b5d0945f,ETTh2,patchtst_ext,rls_calib,rls,1.0,24,3,patchtst_ext,12170,1.9588863849639893
173d5d95be94,ETTh2,patchtst_ext,rls_feat,rls,1.0,24,3,patchtst_ext,12170,1.5571762323379517
5c2f31823b63,ETTh2,patchtst_ext,rls_feat_l0.99,rls_sweep,1.0,24,3,patchtst_ext,12170,6.463389873504639
71eef119e717,ETTh2,patchtst_ext,rls_feat_l0.995,rls_sweep,1.0,24,3,patchtst_ext,12170,2.0887722969055176
7fd08f0da64c,ETTh2,patchtst_ext,rls_feat_l0.9995,rls_sweep,1.0,24,3,patchtst_ext,12170,1.531727910041809
811722e92d03,ETTh2,patchtst_ext,rls_feat_l0.9999,rls_sweep,1.0,24,3,patchtst_ext,12170,1.5333564281463623
89a99221c36e,ETTh2,patchtst_ext,rls_feat_l1,rls_sweep,1.0,24,3,patchtst_ext,12170,1.5372529029846191
f5fb127bb561,ETTh2,patchtst_ext,rls_feat_noclip,rls_ablation,1.0,24,3,patchtst_ext,12170,1.5539132356643677
f051e584c91b,ETTh2,patchtst_ext,snaive,naive,1.0,24,3,patchtst_ext,12170,1.4836547374725342
002539ad6e2d,ETTh2,patchtst_ext,tafas,external_tta,1.0,24,3,patchtst_ext,12170,1.4031617641448975
45ccf35036c3,ETTh2,patchtst_ext,bias_ema,simple,1.0,48,3,patchtst_ext,12170,1.6683332920074463
93ab67a01b62,ETTh2,patchtst_ext,cosa,external_tta,1.0,48,3,patchtst_ext,12170,1.935337781906128
e37dbbc13669,ETTh2,patchtst_ext,elf_linear,elf,1.0,48,3,patchtst_ext,12170,1.2672398090362549
c663cbb1002b,ETTh2,patchtst_ext,elf_mix,elf,1.0,48,3,patchtst_ext,12170,1.1623460054397583
20ae2cf8c999,ETTh2,patchtst_ext,frozen,frozen,1.0,48,3,patchtst_ext,12170,1.3901070356369019
f53fd8cfaa37,ETTh2,patchtst_ext,gd_calib_sgd0.0001,gd,1.0,48,3,patchtst_ext,12170,1.6032934188842773
10b43325c42e,ETTh2,patchtst_ext,gd_calib_sgd0.001,gd,1.0,48,3,patchtst_ext,12170,2.686540365219116
542b53732acf,ETTh2,patchtst_ext,gd_calib_sgd0.01,gd,1.0,48,3,patchtst_ext,12170,
e04b3d8836f9,ETTh2,patchtst_ext,gd_calib_sgd0.1,gd,1.0,48,3,patchtst_ext,12170,
0979dce21e55,ETTh2,patchtst_ext,gd_feat_adam0.01,gd,1.0,48,3,patchtst_ext,12170,1.7741175889968872
03c55eaa4ae9,ETTh2,patchtst_ext,gd_feat_sgd0.0001,gd,1.0,48,3,patchtst_ext,12170,1.557152271270752
89ee9d979fe1,ETTh2,patchtst_ext,gd_feat_sgd0.001,gd,1.0,48,3,patchtst_ext,12170,2.7143659591674805
f32973576027,ETTh2,patchtst_ext,gd_feat_sgd0.01,gd,1.0,48,3,patchtst_ext,12170,
75c4c60f0c82,ETTh2,patchtst_ext,gd_feat_sgd0.1,gd,1.0,48,3,patchtst_ext,12170,
197ebc3bd61b,ETTh2,patchtst_ext,gd_feat_sgddec0.001,gd,1.0,48,3,patchtst_ext,12170,2.384744882583618
19684a0ea605,ETTh2,patchtst_ext,gd_feat_sgddec0.01,gd,1.0,48,3,patchtst_ext,12170,
e4a39123adb0,ETTh2,patchtst_ext,gd_feat_sgddec0.1,gd,1.0,48,3,patchtst_ext,12170,
b12d8ac432ff,ETTh2,patchtst_ext,naive,naive,1.0,48,3,patchtst_ext,12170,1.1195809841156006
f682494b85ad,ETTh2,patchtst_ext,nlms_feat,classic,1.0,48,3,patchtst_ext,12170,15.688608169555664
17cff87945f9,ETTh2,patchtst_ext,nlms_feat_mu0.02,classic,1.0,48,3,patchtst_ext,12170,9.812040328979492
fec48c200056,ETTh2,patchtst_ext,nlms_feat_mu0.05,classic,1.0,48,3,patchtst_ext,12170,11.963852882385254
1fd450a7e425,ETTh2,patchtst_ext,nlms_feat_mu0.3,classic,1.0,48,3,patchtst_ext,12170,33.409366607666016
81b1b4de142e,ETTh2,patchtst_ext,rls_bank_dftl,rls_ablation,1.0,48,3,patchtst_ext,12170,2.8784284591674805
bfe561100729,ETTh2,patchtst_ext,rls_bank_ftl,rls_ablation,1.0,48,3,patchtst_ext,12170,2.9141359329223633
d6572379f9d2,ETTh2,patchtst_ext,rls_bank_med,rls,1.0,48,3,patchtst_ext,12170,1.5616456270217896
277618bd782c,ETTh2,patchtst_ext,rls_bank_med_noclip,rls_ablation,1.0,48,3,patchtst_ext,12170,1.557698369026184
a88b3a9bbc65,ETTh2,patchtst_ext,rls_calib,rls,1.0,48,3,patchtst_ext,12170,1.546028971672058
081ff764d7ea,ETTh2,patchtst_ext,rls_feat,rls,1.0,48,3,patchtst_ext,12170,1.5748748779296875
226f6c4df3d1,ETTh2,patchtst_ext,rls_feat_l0.99,rls_sweep,1.0,48,3,patchtst_ext,12170,3.1724727153778076
8a624b1ff8ec,ETTh2,patchtst_ext,rls_feat_l0.995,rls_sweep,1.0,48,3,patchtst_ext,12170,1.761901617050171
afe20edbdd26,ETTh2,patchtst_ext,rls_feat_l0.9995,rls_sweep,1.0,48,3,patchtst_ext,12170,1.5729011297225952
76e00a236f05,ETTh2,patchtst_ext,rls_feat_l0.9999,rls_sweep,1.0,48,3,patchtst_ext,12170,1.588728427886963
74a52628db15,ETTh2,patchtst_ext,rls_feat_l1,rls_sweep,1.0,48,3,patchtst_ext,12170,1.595315933227539
d5825dab34fb,ETTh2,patchtst_ext,rls_feat_noclip,rls_ablation,1.0,48,3,patchtst_ext,12170,1.5702530145645142
4358485b45cf,ETTh2,patchtst_ext,snaive,naive,1.0,48,3,patchtst_ext,12170,1.4836547374725342
da52d92ed071,ETTh2,patchtst_ext,tafas,external_tta,1.0,48,3,patchtst_ext,12170,1.4250727891921997
62c0249710cd,ETTh2,patchtst_ext,bias_ema,simple,1.0,96,3,patchtst_ext,12170,2.149810791015625
791f565e4e9e,ETTh2,patchtst_ext,cosa,external_tta,1.0,96,3,patchtst_ext,12170,2.1857614517211914
69ec476b008b,ETTh2,patchtst_ext,elf_linear,elf,1.0,96,3,patchtst_ext,12170,1.4441683292388916
6e0fa842d557,ETTh2,patchtst_ext,elf_mix,elf,1.0,96,3,patchtst_ext,12170,1.3527474403381348
33e89795b69a,ETTh2,patchtst_ext,frozen,frozen,1.0,96,3,patchtst_ext,12170,1.3901070356369019
421861ce0195,ETTh2,patchtst_ext,gd_calib_sgd0.0001,gd,1.0,96,3,patchtst_ext,12170,1.7109910249710083
a1306dc426ba,ETTh2,patchtst_ext,gd_calib_sgd0.001,gd,1.0,96,3,patchtst_ext,12170,3.5241613388061523
24e37b8744b5,ETTh2,patchtst_ext,gd_calib_sgd0.01,gd,1.0,96,3,patchtst_ext,12170,
a3b0131cb3b0,ETTh2,patchtst_ext,gd_calib_sgd0.1,gd,1.0,96,3,patchtst_ext,12170,
084b4a4de06c,ETTh2,patchtst_ext,gd_feat_adam0.01,gd,1.0,96,3,patchtst_ext,12170,2.433572292327881
2a8520b6ea5b,ETTh2,patchtst_ext,gd_feat_sgd0.0001,gd,1.0,96,3,patchtst_ext,12170,1.6310185194015503
b1970f98aa8c,ETTh2,patchtst_ext,gd_feat_sgd0.001,gd,1.0,96,3,patchtst_ext,12170,3.0309371948242188
68066a3f13c9,ETTh2,patchtst_ext,gd_feat_sgd0.01,gd,1.0,96,3,patchtst_ext,12170,
c562c4984b7e,ETTh2,patchtst_ext,gd_feat_sgd0.1,gd,1.0,96,3,patchtst_ext,12170,
0eef16c2a9be,ETTh2,patchtst_ext,gd_feat_sgddec0.001,gd,1.0,96,3,patchtst_ext,12170,2.5916078090667725
68d49fbc7242,ETTh2,patchtst_ext,gd_feat_sgddec0.01,gd,1.0,96,3,patchtst_ext,12170,
c251c6c39e09,ETTh2,patchtst_ext,gd_feat_sgddec0.1,gd,1.0,96,3,patchtst_ext,12170,
fabc2a35e742,ETTh2,patchtst_ext,naive,naive,1.0,96,3,patchtst_ext,12170,1.1195809841156006
eb599b576a89,ETTh2,patchtst_ext,nlms_feat,classic,1.0,96,3,patchtst_ext,12170,81.70417022705078
904007d5ee32,ETTh2,patchtst_ext,nlms_feat_mu0.02,classic,1.0,96,3,patchtst_ext,12170,20.27021026611328
b42c91a3a494,ETTh2,patchtst_ext,nlms_feat_mu0.05,classic,1.0,96,3,patchtst_ext,12170,47.57735824584961
cc46daf925ba,ETTh2,patchtst_ext,nlms_feat_mu0.3,classic,1.0,96,3,patchtst_ext,12170,127.51930236816406
6295b750ab38,ETTh2,patchtst_ext,rls_bank_dftl,rls_ablation,1.0,96,3,patchtst_ext,12170,14.755749702453613
e1a23fe8183e,ETTh2,patchtst_ext,rls_bank_ftl,rls_ablation,1.0,96,3,patchtst_ext,12170,14.854788780212402
093aa47c5f0b,ETTh2,patchtst_ext,rls_bank_med,rls,1.0,96,3,patchtst_ext,12170,1.7188537120819092
01aaaca32809,ETTh2,patchtst_ext,rls_bank_med_noclip,rls_ablation,1.0,96,3,patchtst_ext,12170,1.7176358699798584
f9dfa35a2a79,ETTh2,patchtst_ext,rls_calib,rls,1.0,96,3,patchtst_ext,12170,3.000744581222534
7aa9799fce5c,ETTh2,patchtst_ext,rls_feat,rls,1.0,96,3,patchtst_ext,12170,1.7957934141159058
bb308ed50bcb,ETTh2,patchtst_ext,rls_feat_l0.99,rls_sweep,1.0,96,3,patchtst_ext,12170,15.77478313446045
19922dadd7e3,ETTh2,patchtst_ext,rls_feat_l0.995,rls_sweep,1.0,96,3,patchtst_ext,12170,2.9324543476104736
1241f6593ffa,ETTh2,patchtst_ext,rls_feat_l0.9995,rls_sweep,1.0,96,3,patchtst_ext,12170,1.7421379089355469
90c5e61ec654,ETTh2,patchtst_ext,rls_feat_l0.9999,rls_sweep,1.0,96,3,patchtst_ext,12170,1.7233569622039795
73d469505959,ETTh2,patchtst_ext,rls_feat_l1,rls_sweep,1.0,96,3,patchtst_ext,12170,1.7229647636413574
90f4526b0550,ETTh2,patchtst_ext,rls_feat_noclip,rls_ablation,1.0,96,3,patchtst_ext,12170,1.7970176935195923
b239debc3425,ETTh2,patchtst_ext,snaive,naive,1.0,96,3,patchtst_ext,12170,1.4836547374725342
7f83f7e22528,ETTh2,patchtst_ext,tafas,external_tta,1.0,96,3,patchtst_ext,12170,1.416716456413269
c3ff5804f249,ETTh2,patchtst_ext,elf_linear,elf,2.0,1,3,patchtst_ext,12170,0.9314390420913696
130213df9ab4,ETTh2,patchtst_ext,elf_mix,elf,2.0,1,3,patchtst_ext,12170,0.9247075319290161
80ba6ceae992,ETTh2,patchtst_ext,bias_ema,simple,2.0,24,3,patchtst_ext,12170,1.5687739849090576
cb4b8f60c197,ETTh2,patchtst_ext,cosa,external_tta,2.0,24,3,patchtst_ext,12170,1.8875824213027954
93695f2a5b20,ETTh2,patchtst_ext,dynatta,external_tta,2.0,24,3,patchtst_ext,12170,1.5754374265670776
3e3739a9663d,ETTh2,patchtst_ext,elf_linear,elf,2.0,24,3,patchtst_ext,12170,1.187725305557251
c6156980019a,ETTh2,patchtst_ext,elf_mix,elf,2.0,24,3,patchtst_ext,12170,1.08991539478302
8e2d083308fc,ETTh2,patchtst_ext,frozen,frozen,2.0,24,3,patchtst_ext,12170,1.4926745891571045
e90d430a8729,ETTh2,patchtst_ext,frozen,external_tta,2.0,24,3,patchtst_ext,12170,1.4926745891571045
a183edab088e,ETTh2,patchtst_ext,gd_calib_sgd0.0001,gd,2.0,24,3,patchtst_ext,12170,1.6528229713439941
01bb43fea2d6,ETTh2,patchtst_ext,gd_calib_sgd0.001,gd,2.0,24,3,patchtst_ext,12170,2.179124116897583
9f0ee5b10346,ETTh2,patchtst_ext,gd_calib_sgd0.01,gd,2.0,24,3,patchtst_ext,12170,
a130e389d25d,ETTh2,patchtst_ext,gd_calib_sgd0.1,gd,2.0,24,3,patchtst_ext,12170,
13811925615f,ETTh2,patchtst_ext,gd_feat_adam0.01,gd,2.0,24,3,patchtst_ext,12170,1.830177903175354
a200d2e933e3,ETTh2,patchtst_ext,gd_feat_sgd0.0001,gd,2.0,24,3,patchtst_ext,12170,1.6321163177490234
973352012b77,ETTh2,patchtst_ext,gd_feat_sgd0.001,gd,2.0,24,3,patchtst_ext,12170,2.2165610790252686
439b7c796647,ETTh2,patchtst_ext,gd_feat_sgd0.01,gd,2.0,24,3,patchtst_ext,12170,
7f638d64956b,ETTh2,patchtst_ext,gd_feat_sgd0.1,gd,2.0,24,3,patchtst_ext,12170,
e474c644e71f,ETTh2,patchtst_ext,gd_feat_sgddec0.001,gd,2.0,24,3,patchtst_ext,12170,2.113370656967163
75cce9a5ea08,ETTh2,patchtst_ext,gd_feat_sgddec0.01,gd,2.0,24,3,patchtst_ext,12170,
cc9f2146ea8c,ETTh2,patchtst_ext,gd_feat_sgddec0.1,gd,2.0,24,3,patchtst_ext,12170,
953f84e9dac6,ETTh2,patchtst_ext,naive,naive,2.0,24,3,patchtst_ext,12170,1.1195809841156006
01719dc53cdd,ETTh2,patchtst_ext,nlms_feat,classic,2.0,24,3,patchtst_ext,12170,34.863407135009766
a4bf3d6b88ff,ETTh2,patchtst_ext,nlms_feat_mu0.02,classic,2.0,24,3,patchtst_ext,12170,9.189322471618652
0279d7c310cd,ETTh2,patchtst_ext,nlms_feat_mu0.05,classic,2.0,24,3,patchtst_ext,12170,19.335254669189453
62f8e84d43ac,ETTh2,patchtst_ext,nlms_feat_mu0.3,classic,2.0,24,3,patchtst_ext,12170,51.097633361816406
c5247227e790,ETTh2,patchtst_ext,petsa,external_tta,2.0,24,3,patchtst_ext,12170,1.5399866104125977
48c50894760c,ETTh2,patchtst_ext,rls_bank_dftl,rls_ablation,2.0,24,3,patchtst_ext,12170,3.8885090351104736
e56d2b7cae98,ETTh2,patchtst_ext,rls_bank_ftl,rls_ablation,2.0,24,3,patchtst_ext,12170,3.8886868953704834
a0d19c0e043b,ETTh2,patchtst_ext,rls_bank_med,rls,2.0,24,3,patchtst_ext,12170,1.6965982913970947
3a1f7fa41327,ETTh2,patchtst_ext,rls_bank_med_noclip,rls_ablation,2.0,24,3,patchtst_ext,12170,1.6938809156417847
1aeb936b326c,ETTh2,patchtst_ext,rls_calib,rls,2.0,24,3,patchtst_ext,12170,1.7741442918777466
72f6bed0b1cb,ETTh2,patchtst_ext,rls_feat,rls,2.0,24,3,patchtst_ext,12170,1.7431492805480957
7dc739529121,ETTh2,patchtst_ext,rls_feat_l0.99,rls_sweep,2.0,24,3,patchtst_ext,12170,4.433376789093018
0fd4dba74374,ETTh2,patchtst_ext,rls_feat_l0.995,rls_sweep,2.0,24,3,patchtst_ext,12170,2.0696451663970947
14b5006cbdb6,ETTh2,patchtst_ext,rls_feat_l0.9995,rls_sweep,2.0,24,3,patchtst_ext,12170,1.716952919960022
3da3d3aef5d1,ETTh2,patchtst_ext,rls_feat_l0.9999,rls_sweep,2.0,24,3,patchtst_ext,12170,1.7158875465393066
07e857553867,ETTh2,patchtst_ext,rls_feat_l1,rls_sweep,2.0,24,3,patchtst_ext,12170,1.7191864252090454
27d5d48fe4dc,ETTh2,patchtst_ext,rls_feat_noclip,rls_ablation,2.0,24,3,patchtst_ext,12170,1.7396860122680664
298d6362113f,ETTh2,patchtst_ext,snaive,naive,2.0,24,3,patchtst_ext,12170,1.4836547374725342
dd613a64224f,ETTh2,patchtst_ext,tafas,external_tta,2.0,24,3,patchtst_ext,12170,1.5097873210906982
8d4e3d9e3dcf,ETTh2,patchtst_ext,bias_ema,simple,2.0,48,3,patchtst_ext,12170,1.7675079107284546
893d806ceb55,ETTh2,patchtst_ext,cosa,external_tta,2.0,48,3,patchtst_ext,12170,1.9350905418395996
6d991fcee288,ETTh2,patchtst_ext,elf_linear,elf,2.0,48,3,patchtst_ext,12170,1.2672398090362549
e6e9eb404baf,ETTh2,patchtst_ext,elf_mix,elf,2.0,48,3,patchtst_ext,12170,1.203603744506836
df6c03f327a8,ETTh2,patchtst_ext,frozen,frozen,2.0,48,3,patchtst_ext,12170,1.4926745891571045
1ce7a11039b5,ETTh2,patchtst_ext,gd_calib_sgd0.0001,gd,2.0,48,3,patchtst_ext,12170,1.7377773523330688
ee4a30a9e510,ETTh2,patchtst_ext,gd_calib_sgd0.001,gd,2.0,48,3,patchtst_ext,12170,2.839588165283203
f55fd583c69d,ETTh2,patchtst_ext,gd_calib_sgd0.01,gd,2.0,48,3,patchtst_ext,12170,
4c9fdd4ac64a,ETTh2,patchtst_ext,gd_calib_sgd0.1,gd,2.0,48,3,patchtst_ext,12170,
9c5558875237,ETTh2,patchtst_ext,gd_feat_adam0.01,gd,2.0,48,3,patchtst_ext,12170,2.040224552154541
9082fdda2d9f,ETTh2,patchtst_ext,gd_feat_sgd0.0001,gd,2.0,48,3,patchtst_ext,12170,1.703905701637268
afd7cbe9bdef,ETTh2,patchtst_ext,gd_feat_sgd0.001,gd,2.0,48,3,patchtst_ext,12170,2.96720027923584
142d105d5fe1,ETTh2,patchtst_ext,gd_feat_sgd0.01,gd,2.0,48,3,patchtst_ext,12170,
da18ce14b03d,ETTh2,patchtst_ext,gd_feat_sgd0.1,gd,2.0,48,3,patchtst_ext,12170,
293b65feb006,ETTh2,patchtst_ext,gd_feat_sgddec0.001,gd,2.0,48,3,patchtst_ext,12170,2.612347364425659
020a6d5d3b19,ETTh2,patchtst_ext,gd_feat_sgddec0.01,gd,2.0,48,3,patchtst_ext,12170,
1f5d6d05aae7,ETTh2,patchtst_ext,gd_feat_sgddec0.1,gd,2.0,48,3,patchtst_ext,12170,
9d3c4a3430c8,ETTh2,patchtst_ext,naive,naive,2.0,48,3,patchtst_ext,12170,1.1195809841156006
1e80dc48f969,ETTh2,patchtst_ext,nlms_feat,classic,2.0,48,3,patchtst_ext,12170,14.944957733154297
0e6ae901db98,ETTh2,patchtst_ext,nlms_feat_mu0.02,classic,2.0,48,3,patchtst_ext,12170,9.21657943725586
92c7e70f4bcf,ETTh2,patchtst_ext,nlms_feat_mu0.05,classic,2.0,48,3,patchtst_ext,12170,11.221275329589844
c2734ede11e6,ETTh2,patchtst_ext,nlms_feat_mu0.3,classic,2.0,48,3,patchtst_ext,12170,30.380056381225586
ca15e2450035,ETTh2,patchtst_ext,rls_bank_dftl,rls_ablation,2.0,48,3,patchtst_ext,12170,2.7338201999664307
1c16fdea1c91,ETTh2,patchtst_ext,rls_bank_ftl,rls_ablation,2.0,48,3,patchtst_ext,12170,2.7424206733703613
cf3b3a67f9b0,ETTh2,patchtst_ext,rls_bank_med,rls,2.0,48,3,patchtst_ext,12170,1.7571114301681519
abb2596a21af,ETTh2,patchtst_ext,rls_bank_med_noclip,rls_ablation,2.0,48,3,patchtst_ext,12170,1.753477931022644
7a1ff74f948f,ETTh2,patchtst_ext,rls_calib,rls,2.0,48,3,patchtst_ext,12170,1.6613136529922485
c59ffd0382fa,ETTh2,patchtst_ext,rls_feat,rls,2.0,48,3,patchtst_ext,12170,1.778120517730713
09ec8ca9d795,ETTh2,patchtst_ext,rls_feat_l0.99,rls_sweep,2.0,48,3,patchtst_ext,12170,2.920083999633789
c95dab70e4e6,ETTh2,patchtst_ext,rls_feat_l0.995,rls_sweep,2.0,48,3,patchtst_ext,12170,1.9045166969299316
3c7dc30ef21f,ETTh2,patchtst_ext,rls_feat_l0.9995,rls_sweep,2.0,48,3,patchtst_ext,12170,1.7741352319717407
f9d514cc7368,ETTh2,patchtst_ext,rls_feat_l0.9999,rls_sweep,2.0,48,3,patchtst_ext,12170,1.7872101068496704
15418935d556,ETTh2,patchtst_ext,rls_feat_l1,rls_sweep,2.0,48,3,patchtst_ext,12170,1.793317198753357
fbf1b7bf5c07,ETTh2,patchtst_ext,rls_feat_noclip,rls_ablation,2.0,48,3,patchtst_ext,12170,1.7738205194473267
a8161529b3c7,ETTh2,patchtst_ext,snaive,naive,2.0,48,3,patchtst_ext,12170,1.4836547374725342
f5f95dd1f2ff,ETTh2,patchtst_ext,tafas,external_tta,2.0,48,3,patchtst_ext,12170,1.5286450386047363
67d4ba2f203c,ETTh2,patchtst_ext,bias_ema,simple,2.0,96,3,patchtst_ext,12170,2.328948736190796
4a96bcf30222,ETTh2,patchtst_ext,cosa,external_tta,2.0,96,3,patchtst_ext,12170,2.207970380783081
2f8222792ceb,ETTh2,patchtst_ext,elf_linear,elf,2.0,96,3,patchtst_ext,12170,1.4441683292388916
df29454c9f44,ETTh2,patchtst_ext,elf_mix,elf,2.0,96,3,patchtst_ext,12170,1.403055191040039
843c2b07c459,ETTh2,patchtst_ext,frozen,frozen,2.0,96,3,patchtst_ext,12170,1.4926745891571045
9017c31e4b63,ETTh2,patchtst_ext,gd_calib_sgd0.0001,gd,2.0,96,3,patchtst_ext,12170,1.844778299331665
de4567a636ff,ETTh2,patchtst_ext,gd_calib_sgd0.001,gd,2.0,96,3,patchtst_ext,12170,3.4124021530151367
79378cf963a8,ETTh2,patchtst_ext,gd_calib_sgd0.01,gd,2.0,96,3,patchtst_ext,12170,
2a39656b6b0f,ETTh2,patchtst_ext,gd_calib_sgd0.1,gd,2.0,96,3,patchtst_ext,12170,
62468d4ccdcb,ETTh2,patchtst_ext,gd_feat_adam0.01,gd,2.0,96,3,patchtst_ext,12170,2.604815721511841
83cb6c08db24,ETTh2,patchtst_ext,gd_feat_sgd0.0001,gd,2.0,96,3,patchtst_ext,12170,1.7825825214385986
d5576654e687,ETTh2,patchtst_ext,gd_feat_sgd0.001,gd,2.0,96,3,patchtst_ext,12170,3.2862701416015625
c5a5d67ca76f,ETTh2,patchtst_ext,gd_feat_sgd0.01,gd,2.0,96,3,patchtst_ext,12170,
d2e3b2661097,ETTh2,patchtst_ext,gd_feat_sgd0.1,gd,2.0,96,3,patchtst_ext,12170,
399f55ae38e8,ETTh2,patchtst_ext,gd_feat_sgddec0.001,gd,2.0,96,3,patchtst_ext,12170,2.8167014122009277
394745f133ea,ETTh2,patchtst_ext,gd_feat_sgddec0.01,gd,2.0,96,3,patchtst_ext,12170,
5589103d4e90,ETTh2,patchtst_ext,gd_feat_sgddec0.1,gd,2.0,96,3,patchtst_ext,12170,
a10a0d183792,ETTh2,patchtst_ext,naive,naive,2.0,96,3,patchtst_ext,12170,1.1195809841156006
612fede5600d,ETTh2,patchtst_ext,nlms_feat,classic,2.0,96,3,patchtst_ext,12170,78.94877624511719
d27baf8d3d7b,ETTh2,patchtst_ext,nlms_feat_mu0.02,classic,2.0,96,3,patchtst_ext,12170,19.88260841369629
1b4f667bc527,ETTh2,patchtst_ext,nlms_feat_mu0.05,classic,2.0,96,3,patchtst_ext,12170,46.584373474121094
a2c89b3ed2b0,ETTh2,patchtst_ext,nlms_feat_mu0.3,classic,2.0,96,3,patchtst_ext,12170,119.02426147460938
88ca6dd06cf7,ETTh2,patchtst_ext,rls_bank_dftl,rls_ablation,2.0,96,3,patchtst_ext,12170,11.031023025512695
ec5da78b69bd,ETTh2,patchtst_ext,rls_bank_ftl,rls_ablation,2.0,96,3,patchtst_ext,12170,11.06824779510498
ba4ece467ac5,ETTh2,patchtst_ext,rls_bank_med,rls,2.0,96,3,patchtst_ext,12170,1.9280463457107544
c64e1b58c8f4,ETTh2,patchtst_ext,rls_bank_med_noclip,rls_ablation,2.0,96,3,patchtst_ext,12170,1.9259941577911377
60b815825fed,ETTh2,patchtst_ext,rls_calib,rls,2.0,96,3,patchtst_ext,12170,2.272617816925049
fd69c7daeb33,ETTh2,patchtst_ext,rls_feat,rls,2.0,96,3,patchtst_ext,12170,1.999220609664917
eb69ba198593,ETTh2,patchtst_ext,rls_feat_l0.99,rls_sweep,2.0,96,3,patchtst_ext,12170,11.996033668518066
f04e1e5397d9,ETTh2,patchtst_ext,rls_feat_l0.995,rls_sweep,2.0,96,3,patchtst_ext,12170,2.9045557975769043
bdb7414880f8,ETTh2,patchtst_ext,rls_feat_l0.9995,rls_sweep,2.0,96,3,patchtst_ext,12170,1.9474728107452393
c62b89ab54bf,ETTh2,patchtst_ext,rls_feat_l0.9999,rls_sweep,2.0,96,3,patchtst_ext,12170,1.9308934211730957
9a38721ef76c,ETTh2,patchtst_ext,rls_feat_l1,rls_sweep,2.0,96,3,patchtst_ext,12170,1.9310824871063232
f4acead7ef2d,ETTh2,patchtst_ext,rls_feat_noclip,rls_ablation,2.0,96,3,patchtst_ext,12170,1.9978142976760864
724318fd4172,ETTh2,patchtst_ext,snaive,naive,2.0,96,3,patchtst_ext,12170,1.4836547374725342
2804b70d36c6,ETTh2,patchtst_ext,tafas,external_tta,2.0,96,3,patchtst_ext,12170,1.5232131481170654
283a90b4650b,ETTm1,dlinear,elf_linear,elf,0.0,1,3,,48752,0.5120382905006409
de0615b2d0e4,ETTm1,dlinear,elf_mix,elf,0.0,1,3,,48752,0.562517523765564
bbeb13305b50,ETTm1,dlinear,gd_calib_sgd0.001,gd,0.0,1,3,,48752,0.5557082295417786
923f1d684f78,ETTm1,dlinear,gd_feat_sgd0.001,gd,0.0,1,3,,48752,0.48929789662361145
65e27083ffd1,ETTm1,dlinear,gd_feat_sgd0.1,gd,0.0,1,3,,48752,
89c3dadbaf31,ETTm1,dlinear,gd_feat_sgddec0.001,gd,0.0,1,3,,48752,0.5587963461875916
285da5ee4467,ETTm1,dlinear,gd_feat_sgddec0.01,gd,0.0,1,3,,48752,0.4339924454689026
334287bcf608,ETTm1,dlinear,gd_feat_sgddec0.1,gd,0.0,1,3,,48752,
f2f7b0865870,ETTm1,dlinear,nlms_feat_mu0.02,classic,0.0,1,3,,48752,0.5266914963722229
f4133a2e45f8,ETTm1,dlinear,nlms_feat_mu0.05,classic,0.0,1,3,,48752,0.4542361795902252
302a725dba60,ETTm1,dlinear,nlms_feat_mu0.3,classic,0.0,1,3,,48752,0.2510804533958435
eef68c386d1a,ETTm1,dlinear,rls_bank_dftl,rls_ablation,0.0,1,3,,48752,0.42186081409454346
b80294e9ba5e,ETTm1,dlinear,rls_bank_ftl,rls_ablation,0.0,1,3,,48752,0.4207771420478821
e92b9576e3d9,ETTm1,dlinear,rls_bank_med,rls,0.0,1,3,,48752,0.5194421410560608
f7b06ecf380a,ETTm1,dlinear,rls_bank_med_noclip,rls_ablation,0.0,1,3,,48752,0.5194424390792847
04509cdf74df,ETTm1,dlinear,rls_feat_l0.99,rls_sweep,0.0,1,3,,48752,0.4207767844200134
702916dbbd39,ETTm1,dlinear,rls_feat_l0.9995,rls_sweep,0.0,1,3,,48752,0.543468177318573
d0d96acefbfb,ETTm1,dlinear,rls_feat_l0.9999,rls_sweep,0.0,1,3,,48752,0.5687470436096191
be06f48700d6,ETTm1,dlinear,rls_feat_l1,rls_sweep,0.0,1,3,,48752,0.5806450247764587
eb647e19e5bd,ETTm1,dlinear,rls_feat_noclip,rls_ablation,0.0,1,3,,48752,0.5280640721321106
6057c725276d,ETTm1,dlinear,snaive,naive,0.0,1,3,,48752,0.9632731676101685
a59aa0470ed0,ETTm1,dlinear,elf_linear,elf,0.0,24,3,,48752,0.5148970484733582
8c25a959a822,ETTm1,dlinear,elf_mix,elf,0.0,24,3,,48752,0.5720000267028809
0650e7a5ae8c,ETTm1,dlinear,frozen,frozen,0.0,24,3,,48752,1.5343941450119019
9dcdf6bbc6d1,ETTm1,dlinear,gd_calib_sgd0.01,gd,0.0,24,3,,48752,0.9947426915168762
8f68cffbbd1f,ETTm1,dlinear,gd_feat_sgd0.01,gd,0.0,24,3,,48752,
3f864b70ea7d,ETTm1,dlinear,gd_feat_sgd0.1,gd,0.0,24,3,,48752,
fc2b0dd11384,ETTm1,dlinear,gd_feat_sgddec0.001,gd,0.0,24,3,,48752,0.6005858182907104
bf51d3296f72,ETTm1,dlinear,gd_feat_sgddec0.01,gd,0.0,24,3,,48752,0.7164726853370667
9b5ab81ff595,ETTm1,dlinear,gd_feat_sgddec0.1,gd,0.0,24,3,,48752,
9a349e9d2935,ETTm1,dlinear,nlms_feat,classic,0.0,24,3,,48752,1.1123486757278442
0b2b2994bb0e,ETTm1,dlinear,nlms_feat_mu0.02,classic,0.0,24,3,,48752,0.6525079011917114
2eb311fda7bb,ETTm1,dlinear,nlms_feat_mu0.05,classic,0.0,24,3,,48752,0.7987479567527771
5c9f86e5c1f6,ETTm1,dlinear,nlms_feat_mu0.3,classic,0.0,24,3,,48752,2.1301164627075195
150a5ccb1f23,ETTm1,dlinear,rls_bank_dftl,rls_ablation,0.0,24,3,,48752,0.7073683738708496
4783faef71b5,ETTm1,dlinear,rls_bank_ftl,rls_ablation,0.0,24,3,,48752,0.7084418535232544
1c67abb551db,ETTm1,dlinear,rls_bank_med,rls,0.0,24,3,,48752,0.5572344064712524
029ff1b3c30c,ETTm1,dlinear,rls_bank_med_noclip,rls_ablation,0.0,24,3,,48752,0.5572342872619629
2eab417efc35,ETTm1,dlinear,rls_feat_l0.9995,rls_sweep,0.0,24,3,,48752,0.5609311461448669
4a87c04d4724,ETTm1,dlinear,rls_feat_l0.9999,rls_sweep,0.0,24,3,,48752,0.5753681063652039
b98141c37aa1,ETTm1,dlinear,rls_feat_noclip,rls_ablation,0.0,24,3,,48752,0.5589764714241028
af6495e1a3f5,ETTm1,dlinear,bias_ema,simple,0.0,48,3,,48752,2.228151559829712
596658f86013,ETTm1,dlinear,elf_linear,elf,0.0,48,3,,48752,0.5158725380897522
a6be1877332b,ETTm1,dlinear,elf_mix,elf,0.0,48,3,,48752,0.5667442679405212
eeaec427ff17,ETTm1,dlinear,gd_calib_sgd0.0001,gd,0.0,48,3,,48752,0.6688843369483948
3d1eef165d26,ETTm1,dlinear,gd_calib_sgd0.001,gd,0.0,48,3,,48752,0.6600260138511658
0d07b1cce999,ETTm1,dlinear,gd_calib_sgd0.01,gd,0.0,48,3,,48752,1.025063395500183
3c798a94e6da,ETTm1,dlinear,gd_feat_sgddec0.001,gd,0.0,48,3,,48752,0.5972787737846375
55fdf4b77796,ETTm1,dlinear,gd_feat_sgddec0.01,gd,0.0,48,3,,48752,0.725115180015564
40cfefefba45,ETTm1,dlinear,gd_feat_sgddec0.1,gd,0.0,48,3,,48752,
1c28544f8433,ETTm1,dlinear,nlms_feat_mu0.02,classic,0.0,48,3,,48752,0.6458739042282104
b22c5737660a,ETTm1,dlinear,nlms_feat_mu0.05,classic,0.0,48,3,,48752,0.7859377264976501
f1a50ef3499d,ETTm1,dlinear,nlms_feat_mu0.3,classic,0.0,48,3,,48752,1.7309980392456055
0ad21dfa5d9e,ETTm1,dlinear,rls_bank_dftl,rls_ablation,0.0,48,3,,48752,0.7039399147033691
f2cd9685d477,ETTm1,dlinear,rls_bank_ftl,rls_ablation,0.0,48,3,,48752,0.7050028443336487
bc0feff092fe,ETTm1,dlinear,rls_bank_med,rls,0.0,48,3,,48752,0.5579901337623596
d1d6c2897de0,ETTm1,dlinear,rls_bank_med_noclip,rls_ablation,0.0,48,3,,48752,0.5579902529716492
f8e92f2b84f7,ETTm1,dlinear,rls_calib,rls,0.0,48,3,,48752,0.6035462617874146
d4813fea8ddd,ETTm1,dlinear,rls_feat_l0.9995,rls_sweep,0.0,48,3,,48752,0.5622335076332092
c9712e966f68,ETTm1,dlinear,rls_feat_l0.9999,rls_sweep,0.0,48,3,,48752,0.575987696647644
f8f2701f9771,ETTm1,dlinear,rls_feat_noclip,rls_ablation,0.0,48,3,,48752,0.5609999299049377
ac8bb29b0aa5,ETTm1,dlinear,snaive,naive,0.0,48,3,,48752,0.9632731676101685
7d62d7dc793d,ETTm1,dlinear,elf_linear,elf,0.0,96,3,,48752,0.5193876028060913
3425d93f88cc,ETTm1,dlinear,elf_mix,elf,0.0,96,3,,48752,0.5751383304595947
5636da5736da,ETTm1,dlinear,gd_calib_sgd0.001,gd,0.0,96,3,,48752,0.6435386538505554
059e0e6f4a05,ETTm1,dlinear,gd_feat_sgddec0.001,gd,0.0,96,3,,48752,0.6009612083435059
7829692a8c4d,ETTm1,dlinear,gd_feat_sgddec0.01,gd,0.0,96,3,,48752,0.7406843304634094
2175171413b7,ETTm1,dlinear,gd_feat_sgddec0.1,gd,0.0,96,3,,48752,
b359d7eaf0d7,ETTm1,dlinear,nlms_feat_mu0.02,classic,0.0,96,3,,48752,0.6695191860198975
dde7512860b2,ETTm1,dlinear,nlms_feat_mu0.05,classic,0.0,96,3,,48752,0.872368574142456
81a63ec5d9d3,ETTm1,dlinear,nlms_feat_mu0.3,classic,0.0,96,3,,48752,1.8883671760559082
b9a413d1bf88,ETTm1,dlinear,rls_bank_dftl,rls_ablation,0.0,96,3,,48752,0.7160068154335022
65b890912ddf,ETTm1,dlinear,rls_bank_ftl,rls_ablation,0.0,96,3,,48752,0.7174105644226074
33257e067c49,ETTm1,dlinear,rls_bank_med,rls,0.0,96,3,,48752,0.5611990094184875
4a7b76543a5f,ETTm1,dlinear,rls_bank_med_noclip,rls_ablation,0.0,96,3,,48752,0.5611989498138428
f15bc1b28d82,ETTm1,dlinear,rls_feat_l0.99,rls_sweep,0.0,96,3,,48752,0.7174190282821655
439b9ef74e0d,ETTm1,dlinear,rls_feat_l0.9995,rls_sweep,0.0,96,3,,48752,0.5654361248016357
1e4a2ff241de,ETTm1,dlinear,rls_feat_l0.9999,rls_sweep,0.0,96,3,,48752,0.5777243971824646
ca3e300e4210,ETTm1,dlinear,rls_feat_noclip,rls_ablation,0.0,96,3,,48752,0.5659446716308594
0e36427f336d,ETTm1,dlinear,bias_ema,simple,,1,3,,48752,1.2269328832626343
9bdbabc1c513,ETTm1,dlinear,frozen,frozen,,1,3,,48752,1.5343941450119019
89d27ead17db,ETTm1,dlinear,gd_calib_sgd0.0001,gd,,1,3,,48752,0.6583374738693237
00e5f3faa593,ETTm1,dlinear,gd_calib_sgd0.01,gd,,1,3,,48752,1.1374181509017944
a85204ee5972,ETTm1,dlinear,gd_calib_sgd0.1,gd,,1,3,,48752,
f7d6944be874,ETTm1,dlinear,gd_feat_adam0.01,gd,,1,3,,48752,0.596346378326416
ca560c0cdd6e,ETTm1,dlinear,gd_feat_sgd0.0001,gd,,1,3,,48752,0.6006607413291931
42cea7e2633a,ETTm1,dlinear,gd_feat_sgd0.01,gd,,1,3,,48752,
fa286d39f64f,ETTm1,dlinear,naive,naive,,1,3,,48752,1.8006867170333862
04ba8dc6b1c7,ETTm1,dlinear,nlms_feat,classic,,1,3,,48752,0.3802424669265747
a2c345de7482,ETTm1,dlinear,rls_calib,rls,,1,3,,48752,0.5890700817108154
c2dcad14b1c4,ETTm1,dlinear,rls_feat,rls,,1,3,,48752,0.5280641913414001
d13add38deec,ETTm1,dlinear,rls_feat_l0.995,rls_sweep,,1,3,,48752,0.47040969133377075
71ad5835808b,ETTm1,dlinear,bias_ema,simple,,24,3,,48752,2.637148380279541
0d879ec49201,ETTm1,dlinear,gd_calib_sgd0.0001,gd,,24,3,,48752,0.6717277765274048
f3f78093e633,ETTm1,dlinear,gd_calib_sgd0.001,gd,,24,3,,48752,0.6751477718353271
af28ea51480f,ETTm1,dlinear,gd_calib_sgd0.1,gd,,24,3,,48752,
9ac4eab2794b,ETTm1,dlinear,gd_feat_adam0.01,gd,,24,3,,48752,0.9035660028457642
fc5bc30e625e,ETTm1,dlinear,gd_feat_sgd0.0001,gd,,24,3,,48752,0.6201615333557129
1f28e6be21e2,ETTm1,dlinear,gd_feat_sgd0.001,gd,,24,3,,48752,0.6515637636184692
da77cd1b58a3,ETTm1,dlinear,naive,naive,,24,3,,48752,1.8006867170333862
a4b3bc4bcbaa,ETTm1,dlinear,rls_calib,rls,,24,3,,48752,0.6054150462150574
39db814b39d8,ETTm1,dlinear,rls_feat,rls,,24,3,,48752,0.5589768290519714
3b57213a1354,ETTm1,dlinear,rls_feat_l0.99,rls_sweep,,24,3,,48752,0.7084429860115051
ff6b1da0aa57,ETTm1,dlinear,rls_feat_l0.995,rls_sweep,,24,3,,48752,0.6090081930160522
efd4564a18d8,ETTm1,dlinear,rls_feat_l1,rls_sweep,,24,3,,48752,0.5851066708564758
e3122b8ed8ff,ETTm1,dlinear,snaive,naive,,24,3,,48752,0.9632740616798401
05cbfe35cf02,ETTm1,dlinear,frozen,frozen,,48,3,,48752,1.5343941450119019
f9e36b68260d,ETTm1,dlinear,gd_calib_sgd0.1,gd,,48,3,,48752,
36a968756cec,ETTm1,dlinear,gd_feat_adam0.01,gd,,48,3,,48752,0.9367282390594482
20c20d861171,ETTm1,dlinear,gd_feat_sgd0.0001,gd,,48,3,,48752,0.6182082891464233
a4da8330bb04,ETTm1,dlinear,gd_feat_sgd0.001,gd,,48,3,,48752,0.6522213220596313
18fb0cb39dad,ETTm1,dlinear,gd_feat_sgd0.01,gd,,48,3,,48752,
fe35414c8531,ETTm1,dlinear,gd_feat_sgd0.1,gd,,48,3,,48752,
738aa3414e9e,ETTm1,dlinear,naive,naive,,48,3,,48752,1.8006867170333862
01253461883f,ETTm1,dlinear,nlms_feat,classic,,48,3,,48752,1.0274343490600586
96bd696bef40,ETTm1,dlinear,rls_feat,rls,,48,3,,48752,0.5610000491142273
33e98bc7440e,ETTm1,dlinear,rls_feat_l0.99,rls_sweep,,48,3,,48752,0.7050061225891113
0448fdf7dc54,ETTm1,dlinear,rls_feat_l0.995,rls_sweep,,48,3,,48752,0.6102724075317383
326886d28afb,ETTm1,dlinear,rls_feat_l1,rls_sweep,,48,3,,48752,0.585613489151001
2c9d8c78ef33,ETTm1,dlinear,bias_ema,simple,,96,3,,48752,1.5895603895187378
6a7b720d4844,ETTm1,dlinear,frozen,frozen,,96,3,,48752,1.5343941450119019
ef7f46197869,ETTm1,dlinear,gd_calib_sgd0.0001,gd,,96,3,,48752,0.6711633801460266
a3c7ec913545,ETTm1,dlinear,gd_calib_sgd0.01,gd,,96,3,,48752,1.212098240852356
81703029c193,ETTm1,dlinear,gd_calib_sgd0.1,gd,,96,3,,48752,
df6462a4fdb3,ETTm1,dlinear,gd_feat_adam0.01,gd,,96,3,,48752,0.9636024236679077
61d5069df769,ETTm1,dlinear,gd_feat_sgd0.0001,gd,,96,3,,48752,0.62009596824646
983840c79af9,ETTm1,dlinear,gd_feat_sgd0.001,gd,,96,3,,48752,0.6617256999015808
a59ad117ed29,ETTm1,dlinear,gd_feat_sgd0.01,gd,,96,3,,48752,
c417e670a914,ETTm1,dlinear,gd_feat_sgd0.1,gd,,96,3,,48752,
c57b91544872,ETTm1,dlinear,naive,naive,,96,3,,48752,1.8006867170333862
84fa209c8e6b,ETTm1,dlinear,nlms_feat,classic,,96,3,,48752,1.206689476966858
2257637505be,ETTm1,dlinear,rls_calib,rls,,96,3,,48752,0.6092582941055298
d6a6df675af0,ETTm1,dlinear,rls_feat,rls,,96,3,,48752,0.5659441947937012
3f0f58425b77,ETTm1,dlinear,rls_feat_l0.995,rls_sweep,,96,3,,48752,0.6234115362167358
7730d1ecef40,ETTm1,dlinear,rls_feat_l1,rls_sweep,,96,3,,48752,0.5870875120162964
de3ff362ecfa,ETTm1,dlinear,snaive,naive,,96,3,,48752,0.9632740616798401
2282e4768f74,ETTm1,patchtst,bias_ema,simple,0.0,1,3,pt_d128l3h8p16s8ep20lr0.0001,48752,0.8514025807380676
8deca28b0d13,ETTm1,patchtst,elf_linear,elf,0.0,1,3,pt_d128l3h8p16s8ep20lr0.0001,48752,0.5120382905006409
61e2ee61e305,ETTm1,patchtst,elf_mix,elf,0.0,1,3,pt_d128l3h8p16s8ep20lr0.0001,48752,0.5329184532165527
d98ef8977322,ETTm1,patchtst,frozen,frozen,0.0,1,3,pt_d128l3h8p16s8ep20lr0.0001,48752,1.1524248123168945
6a7162c3485f,ETTm1,patchtst,gd_calib_sgd0.0001,gd,0.0,1,3,pt_d128l3h8p16s8ep20lr0.0001,48752,1.1361944675445557
e3c502bbe333,ETTm1,patchtst,gd_calib_sgd0.001,gd,0.0,1,3,pt_d128l3h8p16s8ep20lr0.0001,48752,1.122589349746704
969c1f2ff808,ETTm1,patchtst,gd_calib_sgd0.01,gd,0.0,1,3,pt_d128l3h8p16s8ep20lr0.0001,48752,0.9510486721992493
4ff2bc20af76,ETTm1,patchtst,gd_calib_sgd0.1,gd,0.0,1,3,pt_d128l3h8p16s8ep20lr0.0001,48752,
10eee2a521e0,ETTm1,patchtst,gd_feat_adam0.01,gd,0.0,1,3,pt_d128l3h8p16s8ep20lr0.0001,48752,0.6509294509887695
497ea92da803,ETTm1,patchtst,gd_feat_sgd0.0001,gd,0.0,1,3,pt_d128l3h8p16s8ep20lr0.0001,48752,0.6746905446052551
8f3190a115dd,ETTm1,patchtst,gd_feat_sgd0.001,gd,0.0,1,3,pt_d128l3h8p16s8ep20lr0.0001,48752,0.5834671854972839
6354ca2180d6,ETTm1,patchtst,gd_feat_sgd0.01,gd,0.0,1,3,pt_d128l3h8p16s8ep20lr0.0001,48752,0.38159483671188354
f90affb041e1,ETTm1,patchtst,gd_feat_sgd0.1,gd,0.0,1,3,pt_d128l3h8p16s8ep20lr0.0001,48752,
0f3dd1759ac1,ETTm1,patchtst,gd_feat_sgddec0.001,gd,0.0,1,3,pt_d128l3h8p16s8ep20lr0.0001,48752,0.6442543268203735
a9732666ed8e,ETTm1,patchtst,gd_feat_sgddec0.01,gd,0.0,1,3,pt_d128l3h8p16s8ep20lr0.0001,48752,0.5248774886131287
8f0669c7a789,ETTm1,patchtst,gd_feat_sgddec0.1,gd,0.0,1,3,pt_d128l3h8p16s8ep20lr0.0001,48752,
5ff7fac37f74,ETTm1,patchtst,naive,naive,0.0,1,3,pt_d128l3h8p16s8ep20lr0.0001,48752,1.8006871938705444
aac0a415081d,ETTm1,patchtst,nlms_feat,classic,0.0,1,3,pt_d128l3h8p16s8ep20lr0.0001,48752,0.3950880169868469
3c72f6f8b8cd,ETTm1,patchtst,nlms_feat_mu0.02,classic,0.0,1,3,pt_d128l3h8p16s8ep20lr0.0001,48752,0.5768291354179382
2b9943ceaf50,ETTm1,patchtst,nlms_feat_mu0.05,classic,0.0,1,3,pt_d128l3h8p16s8ep20lr0.0001,48752,0.4840106666088104
720e6971ec1e,ETTm1,patchtst,nlms_feat_mu0.3,classic,0.0,1,3,pt_d128l3h8p16s8ep20lr0.0001,48752,0.26837465167045593
71b23c12d6dc,ETTm1,patchtst,rls_bank_dftl,rls_ablation,0.0,1,3,pt_d128l3h8p16s8ep20lr0.0001,48752,0.4608432650566101
359117570ab2,ETTm1,patchtst,rls_bank_ftl,rls_ablation,0.0,1,3,pt_d128l3h8p16s8ep20lr0.0001,48752,0.46012309193611145
83c83f54ed7b,ETTm1,patchtst,rls_bank_med,rls,0.0,1,3,pt_d128l3h8p16s8ep20lr0.0001,48752,0.6013094186782837
0f608759e835,ETTm1,patchtst,rls_bank_med_noclip,rls_ablation,0.0,1,3,pt_d128l3h8p16s8ep20lr0.0001,48752,0.6013094186782837
bdd3a8f4ceed,ETTm1,patchtst,rls_calib,rls,0.0,1,3,pt_d128l3h8p16s8ep20lr0.0001,48752,1.1215158700942993
1babbc9cdcb5,ETTm1,patchtst,rls_feat,rls,0.0,1,3,pt_d128l3h8p16s8ep20lr0.0001,48752,0.6109073758125305
07a65effb5d3,ETTm1,patchtst,rls_feat_l0.99,rls_sweep,0.0,1,3,pt_d128l3h8p16s8ep20lr0.0001,48752,0.4601229727268219
15381b627cdd,ETTm1,patchtst,rls_feat_l0.995,rls_sweep,0.0,1,3,pt_d128l3h8p16s8ep20lr0.0001,48752,0.5290587544441223
5c3d4550700b,ETTm1,patchtst,rls_feat_l0.9995,rls_sweep,0.0,1,3,pt_d128l3h8p16s8ep20lr0.0001,48752,0.6285598874092102
170a8184d693,ETTm1,patchtst,rls_feat_l0.9999,rls_sweep,0.0,1,3,pt_d128l3h8p16s8ep20lr0.0001,48752,0.6508005857467651
ed9c9a86e7e4,ETTm1,patchtst,rls_feat_l1,rls_sweep,0.0,1,3,pt_d128l3h8p16s8ep20lr0.0001,48752,0.6598133444786072
f6df57e8997b,ETTm1,patchtst,rls_feat_noclip,rls_ablation,0.0,1,3,pt_d128l3h8p16s8ep20lr0.0001,48752,0.6109073758125305
5851d43bc5c9,ETTm1,patchtst,snaive,naive,0.0,1,3,pt_d128l3h8p16s8ep20lr0.0001,48752,0.9632731676101685
a656de65bb79,ETTm1,patchtst,bias_ema,simple,0.0,24,3,pt_d128l3h8p16s8ep20lr0.0001,48752,2.059804916381836
6b4a8a5bfca1,ETTm1,patchtst,elf_linear,elf,0.0,24,3,pt_d128l3h8p16s8ep20lr0.0001,48752,0.5148970484733582
d882a1c4388c,ETTm1,patchtst,elf_mix,elf,0.0,24,3,pt_d128l3h8p16s8ep20lr0.0001,48752,0.5559169054031372
13673178a71a,ETTm1,patchtst,frozen,frozen,0.0,24,3,pt_d128l3h8p16s8ep20lr0.0001,48752,1.1524248123168945
22f55c408ea6,ETTm1,patchtst,gd_calib_sgd0.0001,gd,0.0,24,3,pt_d128l3h8p16s8ep20lr0.0001,48752,1.144842505455017
f6f7f0bf9fdc,ETTm1,patchtst,gd_calib_sgd0.001,gd,0.0,24,3,pt_d128l3h8p16s8ep20lr0.0001,48752,1.2221571207046509
e3dedb24d391,ETTm1,patchtst,gd_calib_sgd0.01,gd,0.0,24,3,pt_d128l3h8p16s8ep20lr0.0001,48752,2.255836248397827
bd750bc4b7a2,ETTm1,patchtst,gd_calib_sgd0.1,gd,0.0,24,3,pt_d128l3h8p16s8ep20lr0.0001,48752,
6cc1ab51ca0d,ETTm1,patchtst,gd_feat_adam0.01,gd,0.0,24,3,pt_d128l3h8p16s8ep20lr0.0001,48752,0.948186993598938
5028031343d4,ETTm1,patchtst,gd_feat_sgd0.0001,gd,0.0,24,3,pt_d128l3h8p16s8ep20lr0.0001,48752,0.6888979077339172
6cf1b184fda5,ETTm1,patchtst,gd_feat_sgd0.001,gd,0.0,24,3,pt_d128l3h8p16s8ep20lr0.0001,48752,0.7142994999885559
d584cbc57b17,ETTm1,patchtst,gd_feat_sgd0.01,gd,0.0,24,3,pt_d128l3h8p16s8ep20lr0.0001,48752,1.0495511293411255
125f1a636502,ETTm1,patchtst,gd_feat_sgd0.1,gd,0.0,24,3,pt_d128l3h8p16s8ep20lr0.0001,48752,
f68fa63c6d5d,ETTm1,patchtst,gd_feat_sgddec0.001,gd,0.0,24,3,pt_d128l3h8p16s8ep20lr0.0001,48752,0.6750128865242004
85d389004d37,ETTm1,patchtst,gd_feat_sgddec0.01,gd,0.0,24,3,pt_d128l3h8p16s8ep20lr0.0001,48752,0.772769033908844
64b266643fb1,ETTm1,patchtst,gd_feat_sgddec0.1,gd,0.0,24,3,pt_d128l3h8p16s8ep20lr0.0001,48752,
83d8c507f7ef,ETTm1,patchtst,naive,naive,0.0,24,3,pt_d128l3h8p16s8ep20lr0.0001,48752,1.8006871938705444
eb7333136061,ETTm1,patchtst,nlms_feat,classic,0.0,24,3,pt_d128l3h8p16s8ep20lr0.0001,48752,1.2922086715698242
1bbb2f898048,ETTm1,patchtst,nlms_feat_mu0.02,classic,0.0,24,3,pt_d128l3h8p16s8ep20lr0.0001,48752,0.762636661529541
24e7abec1a35,ETTm1,patchtst,nlms_feat_mu0.05,classic,0.0,24,3,pt_d128l3h8p16s8ep20lr0.0001,48752,0.9548748135566711
fd275b6489a0,ETTm1,patchtst,nlms_feat_mu0.3,classic,0.0,24,3,pt_d128l3h8p16s8ep20lr0.0001,48752,2.2529969215393066
56cd6c68b976,ETTm1,patchtst,rls_bank_dftl,rls_ablation,0.0,24,3,pt_d128l3h8p16s8ep20lr0.0001,48752,0.8096243739128113
0ad1d2983418,ETTm1,patchtst,rls_bank_ftl,rls_ablation,0.0,24,3,pt_d128l3h8p16s8ep20lr0.0001,48752,0.8104821443557739
11638bee2188,ETTm1,patchtst,rls_bank_med,rls,0.0,24,3,pt_d128l3h8p16s8ep20lr0.0001,48752,0.6511810421943665
dccdd9be351b,ETTm1,patchtst,rls_bank_med_noclip,rls_ablation,0.0,24,3,pt_d128l3h8p16s8ep20lr0.0001,48752,0.6511810421943665
1739603bcd33,ETTm1,patchtst,rls_calib,rls,0.0,24,3,pt_d128l3h8p16s8ep20lr0.0001,48752,1.1527942419052124
1c540f50c67b,ETTm1,patchtst,rls_feat,rls,0.0,24,3,pt_d128l3h8p16s8ep20lr0.0001,48752,0.6586878299713135
a050fe9243b9,ETTm1,patchtst,rls_feat_l0.99,rls_sweep,0.0,24,3,pt_d128l3h8p16s8ep20lr0.0001,48752,0.8104817867279053
11fef0ba68e1,ETTm1,patchtst,rls_feat_l0.995,rls_sweep,0.0,24,3,pt_d128l3h8p16s8ep20lr0.0001,48752,0.7189168930053711
5b82388bfc20,ETTm1,patchtst,rls_feat_l0.9995,rls_sweep,0.0,24,3,pt_d128l3h8p16s8ep20lr0.0001,48752,0.6549662351608276
acaf4ac84592,ETTm1,patchtst,rls_feat_l0.9999,rls_sweep,0.0,24,3,pt_d128l3h8p16s8ep20lr0.0001,48752,0.6598606705665588
59a1e3fc93cd,ETTm1,patchtst,rls_feat_l1,rls_sweep,0.0,24,3,pt_d128l3h8p16s8ep20lr0.0001,48752,0.6655042767524719
33c2683d263e,ETTm1,patchtst,rls_feat_noclip,rls_ablation,0.0,24,3,pt_d128l3h8p16s8ep20lr0.0001,48752,0.6586878299713135
b54bfa562afe,ETTm1,patchtst,snaive,naive,0.0,24,3,pt_d128l3h8p16s8ep20lr0.0001,48752,0.9632731676101685
f9aec440c146,ETTm1,patchtst,bias_ema,simple,0.0,48,3,pt_d128l3h8p16s8ep20lr0.0001,48752,1.8490636348724365
ab2ed1fa8ba4,ETTm1,patchtst,elf_linear,elf,0.0,48,3,pt_d128l3h8p16s8ep20lr0.0001,48752,0.5158725380897522
259001ef7e57,ETTm1,patchtst,elf_mix,elf,0.0,48,3,pt_d128l3h8p16s8ep20lr0.0001,48752,0.5606314539909363
bb8cbd26ef5c,ETTm1,patchtst,frozen,frozen,0.0,48,3,pt_d128l3h8p16s8ep20lr0.0001,48752,1.1524248123168945
8be41b412099,ETTm1,patchtst,gd_calib_sgd0.0001,gd,0.0,48,3,pt_d128l3h8p16s8ep20lr0.0001,48752,1.1375203132629395
5b0e630f3f2d,ETTm1,patchtst,gd_calib_sgd0.001,gd,0.0,48,3,pt_d128l3h8p16s8ep20lr0.0001,48752,1.153748869895935
2dd0998dddbe,ETTm1,patchtst,gd_calib_sgd0.01,gd,0.0,48,3,pt_d128l3h8p16s8ep20lr0.0001,48752,1.9329499006271362
0590d46153bd,ETTm1,patchtst,gd_calib_sgd0.1,gd,0.0,48,3,pt_d128l3h8p16s8ep20lr0.0001,48752,
d130f6c9c1e4,ETTm1,patchtst,gd_feat_adam0.01,gd,0.0,48,3,pt_d128l3h8p16s8ep20lr0.0001,48752,0.9903108477592468
3e4385f993e1,ETTm1,patchtst,gd_feat_sgd0.0001,gd,0.0,48,3,pt_d128l3h8p16s8ep20lr0.0001,48752,0.6886885762214661
5173b6398d25,ETTm1,patchtst,gd_feat_sgd0.001,gd,0.0,48,3,pt_d128l3h8p16s8ep20lr0.0001,48752,0.7135500311851501
d8e948184a85,ETTm1,patchtst,gd_feat_sgd0.01,gd,0.0,48,3,pt_d128l3h8p16s8ep20lr0.0001,48752,1.0614701509475708
ae020c5f77d1,ETTm1,patchtst,gd_feat_sgd0.1,gd,0.0,48,3,pt_d128l3h8p16s8ep20lr0.0001,48752,
b8a8aba20cba,ETTm1,patchtst,gd_feat_sgddec0.001,gd,0.0,48,3,pt_d128l3h8p16s8ep20lr0.0001,48752,0.6746031045913696
929b0be8812c,ETTm1,patchtst,gd_feat_sgddec0.01,gd,0.0,48,3,pt_d128l3h8p16s8ep20lr0.0001,48752,0.7752136588096619
064ae33a8b48,ETTm1,patchtst,gd_feat_sgddec0.1,gd,0.0,48,3,pt_d128l3h8p16s8ep20lr0.0001,48752,
740f14b669ab,ETTm1,patchtst,naive,naive,0.0,48,3,pt_d128l3h8p16s8ep20lr0.0001,48752,1.8006871938705444
c8ea033704c0,ETTm1,patchtst,nlms_feat,classic,0.0,48,3,pt_d128l3h8p16s8ep20lr0.0001,48752,1.2749004364013672
b6b340fed3e3,ETTm1,patchtst,nlms_feat_mu0.02,classic,0.0,48,3,pt_d128l3h8p16s8ep20lr0.0001,48752,0.7475780248641968
7eab85f33bd9,ETTm1,patchtst,nlms_feat_mu0.05,classic,0.0,48,3,pt_d128l3h8p16s8ep20lr0.0001,48752,0.9334418773651123
a3641747fd51,ETTm1,patchtst,nlms_feat_mu0.3,classic,0.0,48,3,pt_d128l3h8p16s8ep20lr0.0001,48752,2.3086695671081543
42458643f029,ETTm1,patchtst,rls_bank_dftl,rls_ablation,0.0,48,3,pt_d128l3h8p16s8ep20lr0.0001,48752,0.828217625617981
a29d27ce8188,ETTm1,patchtst,rls_bank_ftl,rls_ablation,0.0,48,3,pt_d128l3h8p16s8ep20lr0.0001,48752,0.8289724588394165
93aec144d8f1,ETTm1,patchtst,rls_bank_med,rls,0.0,48,3,pt_d128l3h8p16s8ep20lr0.0001,48752,0.6540979743003845
ace029950b04,ETTm1,patchtst,rls_bank_med_noclip,rls_ablation,0.0,48,3,pt_d128l3h8p16s8ep20lr0.0001,48752,0.6540979743003845
51fdfb874cdc,ETTm1,patchtst,rls_calib,rls,0.0,48,3,pt_d128l3h8p16s8ep20lr0.0001,48752,1.1329541206359863
10d4b9792869,ETTm1,patchtst,rls_feat,rls,0.0,48,3,pt_d128l3h8p16s8ep20lr0.0001,48752,0.6632515788078308
fea101dd0ddb,ETTm1,patchtst,rls_feat_l0.99,rls_sweep,0.0,48,3,pt_d128l3h8p16s8ep20lr0.0001,48752,0.8289722204208374
da7a12685a8d,ETTm1,patchtst,rls_feat_l0.995,rls_sweep,0.0,48,3,pt_d128l3h8p16s8ep20lr0.0001,48752,0.7339345216751099
3b267a12a45d,ETTm1,patchtst,rls_feat_l0.9995,rls_sweep,0.0,48,3,pt_d128l3h8p16s8ep20lr0.0001,48752,0.6573089361190796
266841d86d2c,ETTm1,patchtst,rls_feat_l0.9999,rls_sweep,0.0,48,3,pt_d128l3h8p16s8ep20lr0.0001,48752,0.6606084108352661
aca2d6c58b89,ETTm1,patchtst,rls_feat_l1,rls_sweep,0.0,48,3,pt_d128l3h8p16s8ep20lr0.0001,48752,0.665993869304657
a05e5fd2f028,ETTm1,patchtst,rls_feat_noclip,rls_ablation,0.0,48,3,pt_d128l3h8p16s8ep20lr0.0001,48752,0.6632515788078308
cc7120815d0b,ETTm1,patchtst,snaive,naive,0.0,48,3,pt_d128l3h8p16s8ep20lr0.0001,48752,0.9632731676101685
0e1dbc8fcb51,ETTm1,patchtst,bias_ema,simple,0.0,96,3,pt_d128l3h8p16s8ep20lr0.0001,48752,1.0420960187911987
54b10e6b02f1,ETTm1,patchtst,elf_linear,elf,0.0,96,3,pt_d128l3h8p16s8ep20lr0.0001,48752,0.5193876028060913
90c38dbcf305,ETTm1,patchtst,elf_mix,elf,0.0,96,3,pt_d128l3h8p16s8ep20lr0.0001,48752,0.5687998533248901
9c6c6711632f,ETTm1,patchtst,frozen,frozen,0.0,96,3,pt_d128l3h8p16s8ep20lr0.0001,48752,1.1524248123168945
0b3250a2c572,ETTm1,patchtst,gd_calib_sgd0.0001,gd,0.0,96,3,pt_d128l3h8p16s8ep20lr0.0001,48752,1.1371701955795288
a05c4c02efdd,ETTm1,patchtst,gd_calib_sgd0.001,gd,0.0,96,3,pt_d128l3h8p16s8ep20lr0.0001,48752,1.1345075368881226
e7749b06f5d8,ETTm1,patchtst,gd_calib_sgd0.01,gd,0.0,96,3,pt_d128l3h8p16s8ep20lr0.0001,48752,1.1454869508743286
98e2999732da,ETTm1,patchtst,gd_calib_sgd0.1,gd,0.0,96,3,pt_d128l3h8p16s8ep20lr0.0001,48752,
9c33ec80cab2,ETTm1,patchtst,gd_feat_adam0.01,gd,0.0,96,3,pt_d128l3h8p16s8ep20lr0.0001,48752,1.0952085256576538
4d73bbdecde6,ETTm1,patchtst,gd_feat_sgd0.0001,gd,0.0,96,3,pt_d128l3h8p16s8ep20lr0.0001,48752,0.6912916302680969
6eaa4f507efb,ETTm1,patchtst,gd_feat_sgd0.001,gd,0.0,96,3,pt_d128l3h8p16s8ep20lr0.0001,48752,0.7295275926589966
877c02baab00,ETTm1,patchtst,gd_feat_sgd0.01,gd,0.0,96,3,pt_d128l3h8p16s8ep20lr0.0001,48752,1.0787221193313599
fbeb3b444225,ETTm1,patchtst,gd_feat_sgd0.1,gd,0.0,96,3,pt_d128l3h8p16s8ep20lr0.0001,48752,
36afe93845b9,ETTm1,patchtst,gd_feat_sgddec0.001,gd,0.0,96,3,pt_d128l3h8p16s8ep20lr0.0001,48752,0.6793473958969116
17e9c1f13dbd,ETTm1,patchtst,gd_feat_sgddec0.01,gd,0.0,96,3,pt_d128l3h8p16s8ep20lr0.0001,48752,0.7947908639907837
96a986bab7d2,ETTm1,patchtst,gd_feat_sgddec0.1,gd,0.0,96,3,pt_d128l3h8p16s8ep20lr0.0001,48752,
704bd8cdc193,ETTm1,patchtst,naive,naive,0.0,96,3,pt_d128l3h8p16s8ep20lr0.0001,48752,1.8006871938705444
9d39b8e9691c,ETTm1,patchtst,nlms_feat,classic,0.0,96,3,pt_d128l3h8p16s8ep20lr0.0001,48752,1.232784628868103
c4360a670ead,ETTm1,patchtst,nlms_feat_mu0.02,classic,0.0,96,3,pt_d128l3h8p16s8ep20lr0.0001,48752,0.7628786563873291
51d4e604f1a8,ETTm1,patchtst,nlms_feat_mu0.05,classic,0.0,96,3,pt_d128l3h8p16s8ep20lr0.0001,48752,0.9489309787750244
e49230d1ecf7,ETTm1,patchtst,nlms_feat_mu0.3,classic,0.0,96,3,pt_d128l3h8p16s8ep20lr0.0001,48752,1.8102729320526123
cec8baa24e67,ETTm1,patchtst,rls_bank_dftl,rls_ablation,0.0,96,3,pt_d128l3h8p16s8ep20lr0.0001,48752,0.8573351502418518
46e2b30cb848,ETTm1,patchtst,rls_bank_ftl,rls_ablation,0.0,96,3,pt_d128l3h8p16s8ep20lr0.0001,48752,0.857924222946167
3cbe29bf8cc6,ETTm1,patchtst,rls_bank_med,rls,0.0,96,3,pt_d128l3h8p16s8ep20lr0.0001,48752,0.6579250693321228
9606a9916c27,ETTm1,patchtst,rls_bank_med_noclip,rls_ablation,0.0,96,3,pt_d128l3h8p16s8ep20lr0.0001,48752,0.6579250693321228
7a3c701939c3,ETTm1,patchtst,rls_calib,rls,0.0,96,3,pt_d128l3h8p16s8ep20lr0.0001,48752,1.1313953399658203
7b0809ff1841,ETTm1,patchtst,rls_feat,rls,0.0,96,3,pt_d128l3h8p16s8ep20lr0.0001,48752,0.6679922342300415
bde50505c631,ETTm1,patchtst,rls_feat_l0.99,rls_sweep,0.0,96,3,pt_d128l3h8p16s8ep20lr0.0001,48752,0.8579244017601013
33f0187aa8b3,ETTm1,patchtst,rls_feat_l0.995,rls_sweep,0.0,96,3,pt_d128l3h8p16s8ep20lr0.0001,48752,0.751429557800293
8fc2ef5e76f5,ETTm1,patchtst,rls_feat_l0.9995,rls_sweep,0.0,96,3,pt_d128l3h8p16s8ep20lr0.0001,48752,0.6604170799255371
1a49b7415b60,ETTm1,patchtst,rls_feat_l0.9999,rls_sweep,0.0,96,3,pt_d128l3h8p16s8ep20lr0.0001,48752,0.6621912121772766
ba6c7858ae9a,ETTm1,patchtst,rls_feat_l1,rls_sweep,0.0,96,3,pt_d128l3h8p16s8ep20lr0.0001,48752,0.6672267317771912
b6646005821f,ETTm1,patchtst,rls_feat_noclip,rls_ablation,0.0,96,3,pt_d128l3h8p16s8ep20lr0.0001,48752,0.6679922342300415
88714e061c8b,ETTm1,patchtst,snaive,naive,0.0,96,3,pt_d128l3h8p16s8ep20lr0.0001,48752,0.9632731676101685
d20ef15c9635,ETTm1,patchtst,bias_ema,simple,1.0,1,3,pt_d128l3h8p16s8ep20lr0.0001,48752,0.8100665807723999
667be0097bd8,ETTm1,patchtst,elf_linear,elf,1.0,1,3,pt_d128l3h8p16s8ep20lr0.0001,48752,0.5120382905006409
db0d901063c7,ETTm1,patchtst,elf_mix,elf,1.0,1,3,pt_d128l3h8p16s8ep20lr0.0001,48752,0.5301231741905212
a9cf80756dd6,ETTm1,patchtst,frozen,frozen,1.0,1,3,pt_d128l3h8p16s8ep20lr0.0001,48752,1.1057990789413452
2c70a75e1a8c,ETTm1,patchtst,gd_calib_sgd0.0001,gd,1.0,1,3,pt_d128l3h8p16s8ep20lr0.0001,48752,1.0771788358688354
d409df35cf3f,ETTm1,patchtst,gd_calib_sgd0.001,gd,1.0,1,3,pt_d128l3h8p16s8ep20lr0.0001,48752,1.0631011724472046
11e561e70490,ETTm1,patchtst,gd_calib_sgd0.01,gd,1.0,1,3,pt_d128l3h8p16s8ep20lr0.0001,48752,0.9172332286834717
5aeb903378eb,ETTm1,patchtst,gd_calib_sgd0.1,gd,1.0,1,3,pt_d128l3h8p16s8ep20lr0.0001,48752,
48d66193a635,ETTm1,patchtst,gd_feat_adam0.01,gd,1.0,1,3,pt_d128l3h8p16s8ep20lr0.0001,48752,0.6478849053382874
49a828505f10,ETTm1,patchtst,gd_feat_sgd0.0001,gd,1.0,1,3,pt_d128l3h8p16s8ep20lr0.0001,48752,0.6640605330467224
7dc41a81a23f,ETTm1,patchtst,gd_feat_sgd0.001,gd,1.0,1,3,pt_d128l3h8p16s8ep20lr0.0001,48752,0.5774970650672913
fdaa6d2d8a45,ETTm1,patchtst,gd_feat_sgd0.01,gd,1.0,1,3,pt_d128l3h8p16s8ep20lr0.0001,48752,0.380642294883728
18f14c4b9244,ETTm1,patchtst,gd_feat_sgd0.1,gd,1.0,1,3,pt_d128l3h8p16s8ep20lr0.0001,48752,
b65b2c3fcf6c,ETTm1,patchtst,gd_feat_sgddec0.001,gd,1.0,1,3,pt_d128l3h8p16s8ep20lr0.0001,48752,0.6357866525650024
f540bb5673cd,ETTm1,patchtst,gd_feat_sgddec0.01,gd,1.0,1,3,pt_d128l3h8p16s8ep20lr0.0001,48752,0.5208762288093567
8afb2b0f0ea5,ETTm1,patchtst,gd_feat_sgddec0.1,gd,1.0,1,3,pt_d128l3h8p16s8ep20lr0.0001,48752,
9b39fcfa572b,ETTm1,patchtst,naive,naive,1.0,1,3,pt_d128l3h8p16s8ep20lr0.0001,48752,1.8006871938705444
98b0c5610784,ETTm1,patchtst,nlms_feat,classic,1.0,1,3,pt_d128l3h8p16s8ep20lr0.0001,48752,0.39024949073791504
81dd9312de1a,ETTm1,patchtst,nlms_feat_mu0.02,classic,1.0,1,3,pt_d128l3h8p16s8ep20lr0.0001,48752,0.5643765926361084
18b266cad817,ETTm1,patchtst,nlms_feat_mu0.05,classic,1.0,1,3,pt_d128l3h8p16s8ep20lr0.0001,48752,0.47591695189476013
a0d6d46feea2,ETTm1,patchtst,nlms_feat_mu0.3,classic,1.0,1,3,pt_d128l3h8p16s8ep20lr0.0001,48752,0.2672731876373291
3ca99d81c9b7,ETTm1,patchtst,rls_bank_dftl,rls_ablation,1.0,1,3,pt_d128l3h8p16s8ep20lr0.0001,48752,0.45977047085762024
5aa47724e5c3,ETTm1,patchtst,rls_bank_ftl,rls_ablation,1.0,1,3,pt_d128l3h8p16s8ep20lr0.0001,48752,0.4590282738208771
780f0d49002b,ETTm1,patchtst,rls_bank_med,rls,1.0,1,3,pt_d128l3h8p16s8ep20lr0.0001,48752,0.5956201553344727
6d817f396f09,ETTm1,patchtst,rls_bank_med_noclip,rls_ablation,1.0,1,3,pt_d128l3h8p16s8ep20lr0.0001,48752,0.5956201553344727
d901bd885d9d,ETTm1,patchtst,rls_calib,rls,1.0,1,3,pt_d128l3h8p16s8ep20lr0.0001,48752,1.0626403093338013
e3a5b283f6c7,ETTm1,patchtst,rls_feat,rls,1.0,1,3,pt_d128l3h8p16s8ep20lr0.0001,48752,0.6052452921867371
1e34739dcc41,ETTm1,patchtst,rls_feat_l0.99,rls_sweep,1.0,1,3,pt_d128l3h8p16s8ep20lr0.0001,48752,0.4590279757976532
e643c5cf0f3a,ETTm1,patchtst,rls_feat_l0.995,rls_sweep,1.0,1,3,pt_d128l3h8p16s8ep20lr0.0001,48752,0.5264487862586975
0f84c374c985,ETTm1,patchtst,rls_feat_l0.9995,rls_sweep,1.0,1,3,pt_d128l3h8p16s8ep20lr0.0001,48752,0.6216458082199097
ae8e62e22918,ETTm1,patchtst,rls_feat_l0.9999,rls_sweep,1.0,1,3,pt_d128l3h8p16s8ep20lr0.0001,48752,0.6414610743522644
f8d50f3f9e03,ETTm1,patchtst,rls_feat_l1,rls_sweep,1.0,1,3,pt_d128l3h8p16s8ep20lr0.0001,48752,0.6492902040481567
f1558862696a,ETTm1,patchtst,rls_feat_noclip,rls_ablation,1.0,1,3,pt_d128l3h8p16s8ep20lr0.0001,48752,0.6052452921867371
2b4b4a246b8e,ETTm1,patchtst,snaive,naive,1.0,1,3,pt_d128l3h8p16s8ep20lr0.0001,48752,0.9632731676101685
c7c3bf11f8b4,ETTm1,patchtst,bias_ema,simple,1.0,24,3,pt_d128l3h8p16s8ep20lr0.0001,48752,1.9460062980651855
87023361c2ef,ETTm1,patchtst,elf_linear,elf,1.0,24,3,pt_d128l3h8p16s8ep20lr0.0001,48752,0.5148970484733582
4b3cd352eb98,ETTm1,patchtst,elf_mix,elf,1.0,24,3,pt_d128l3h8p16s8ep20lr0.0001,48752,0.5548677444458008
9c8bd0448a87,ETTm1,patchtst,frozen,frozen,1.0,24,3,pt_d128l3h8p16s8ep20lr0.0001,48752,1.1057990789413452
2837aeee9b3f,ETTm1,patchtst,gd_calib_sgd0.0001,gd,1.0,24,3,pt_d128l3h8p16s8ep20lr0.0001,48752,1.0845743417739868
6388ee15a137,ETTm1,patchtst,gd_calib_sgd0.001,gd,1.0,24,3,pt_d128l3h8p16s8ep20lr0.0001,48752,1.146376371383667
01ae6eb68de6,ETTm1,patchtst,gd_calib_sgd0.01,gd,1.0,24,3,pt_d128l3h8p16s8ep20lr0.0001,48752,2.038511037826538
979b56f12b57,ETTm1,patchtst,gd_calib_sgd0.1,gd,1.0,24,3,pt_d128l3h8p16s8ep20lr0.0001,48752,
f9191f0c44e7,ETTm1,patchtst,gd_feat_adam0.01,gd,1.0,24,3,pt_d128l3h8p16s8ep20lr0.0001,48752,0.9407002925872803
de6bae4b1194,ETTm1,patchtst,gd_feat_sgd0.0001,gd,1.0,24,3,pt_d128l3h8p16s8ep20lr0.0001,48752,0.6779258847236633
f30929c71304,ETTm1,patchtst,gd_feat_sgd0.001,gd,1.0,24,3,pt_d128l3h8p16s8ep20lr0.0001,48752,0.7049990296363831
10d9610c1241,ETTm1,patchtst,gd_feat_sgd0.01,gd,1.0,24,3,pt_d128l3h8p16s8ep20lr0.0001,48752,1.0343748331069946
fab81bb2fad2,ETTm1,patchtst,gd_feat_sgd0.1,gd,1.0,24,3,pt_d128l3h8p16s8ep20lr0.0001,48752,
14e51c0cec4d,ETTm1,patchtst,gd_feat_sgddec0.001,gd,1.0,24,3,pt_d128l3h8p16s8ep20lr0.0001,48752,0.6658288836479187
7f830611a5e9,ETTm1,patchtst,gd_feat_sgddec0.01,gd,1.0,24,3,pt_d128l3h8p16s8ep20lr0.0001,48752,0.7631746530532837
b531dab1a46a,ETTm1,patchtst,gd_feat_sgddec0.1,gd,1.0,24,3,pt_d128l3h8p16s8ep20lr0.0001,48752,
957117f2ea5d,ETTm1,patchtst,naive,naive,1.0,24,3,pt_d128l3h8p16s8ep20lr0.0001,48752,1.8006871938705444
a2682a61892f,ETTm1,patchtst,nlms_feat,classic,1.0,24,3,pt_d128l3h8p16s8ep20lr0.0001,48752,1.2741739749908447
803407adc039,ETTm1,patchtst,nlms_feat_mu0.02,classic,1.0,24,3,pt_d128l3h8p16s8ep20lr0.0001,48752,0.7471456527709961
d586f87e0c6f,ETTm1,patchtst,nlms_feat_mu0.05,classic,1.0,24,3,pt_d128l3h8p16s8ep20lr0.0001,48752,0.9396480917930603
283da406aadd,ETTm1,patchtst,nlms_feat_mu0.3,classic,1.0,24,3,pt_d128l3h8p16s8ep20lr0.0001,48752,2.226318120956421
1affdd042609,ETTm1,patchtst,rls_bank_dftl,rls_ablation,1.0,24,3,pt_d128l3h8p16s8ep20lr0.0001,48752,0.8072875738143921
78f9a80aa34c,ETTm1,patchtst,rls_bank_ftl,rls_ablation,1.0,24,3,pt_d128l3h8p16s8ep20lr0.0001,48752,0.8082448244094849
5189625e3724,ETTm1,patchtst,rls_bank_med,rls,1.0,24,3,pt_d128l3h8p16s8ep20lr0.0001,48752,0.6445412039756775
2ca394334691,ETTm1,patchtst,rls_bank_med_noclip,rls_ablation,1.0,24,3,pt_d128l3h8p16s8ep20lr0.0001,48752,0.6445412039756775
bcafd706bf10,ETTm1,patchtst,rls_calib,rls,1.0,24,3,pt_d128l3h8p16s8ep20lr0.0001,48752,1.0919888019561768
3184c3d873de,ETTm1,patchtst,rls_feat,rls,1.0,24,3,pt_d128l3h8p16s8ep20lr0.0001,48752,0.6524050235748291
a5a863c4084c,ETTm1,patchtst,rls_feat_l0.99,rls_sweep,1.0,24,3,pt_d128l3h8p16s8ep20lr0.0001,48752,0.8082443475723267
b48079ac3b7b,ETTm1,patchtst,rls_feat_l0.995,rls_sweep,1.0,24,3,pt_d128l3h8p16s8ep20lr0.0001,48752,0.7144414782524109
92661ae052bb,ETTm1,patchtst,rls_feat_l0.9995,rls_sweep,1.0,24,3,pt_d128l3h8p16s8ep20lr0.0001,48752,0.6477370858192444
8cbe8d67a3a4,ETTm1,patchtst,rls_feat_l0.9999,rls_sweep,1.0,24,3,pt_d128l3h8p16s8ep20lr0.0001,48752,0.6504502296447754
9bd4f95b7706,ETTm1,patchtst,rls_feat_l1,rls_sweep,1.0,24,3,pt_d128l3h8p16s8ep20lr0.0001,48752,0.6549717783927917
4a852e8a15ac,ETTm1,patchtst,rls_feat_noclip,rls_ablation,1.0,24,3,pt_d128l3h8p16s8ep20lr0.0001,48752,0.6524050235748291
42d9b99b464f,ETTm1,patchtst,snaive,naive,1.0,24,3,pt_d128l3h8p16s8ep20lr0.0001,48752,0.9632731676101685
b7fac03d76dd,ETTm1,patchtst,bias_ema,simple,1.0,48,3,pt_d128l3h8p16s8ep20lr0.0001,48752,1.75409996509552
f0ea5fe8600a,ETTm1,patchtst,elf_linear,elf,1.0,48,3,pt_d128l3h8p16s8ep20lr0.0001,48752,0.5158725380897522
92dc03f85e46,ETTm1,patchtst,elf_mix,elf,1.0,48,3,pt_d128l3h8p16s8ep20lr0.0001,48752,0.5589308142662048
7aa1085122fa,ETTm1,patchtst,frozen,frozen,1.0,48,3,pt_d128l3h8p16s8ep20lr0.0001,48752,1.1057990789413452
31f3e019eeb2,ETTm1,patchtst,gd_calib_sgd0.0001,gd,1.0,48,3,pt_d128l3h8p16s8ep20lr0.0001,48752,1.0786101818084717
b6495fcc8f50,ETTm1,patchtst,gd_calib_sgd0.001,gd,1.0,48,3,pt_d128l3h8p16s8ep20lr0.0001,48752,1.0898866653442383
e22a1ebcff13,ETTm1,patchtst,gd_calib_sgd0.01,gd,1.0,48,3,pt_d128l3h8p16s8ep20lr0.0001,48752,1.7576522827148438
ce7c29bd1da8,ETTm1,patchtst,gd_calib_sgd0.1,gd,1.0,48,3,pt_d128l3h8p16s8ep20lr0.0001,48752,
3314e6df6ad8,ETTm1,patchtst,gd_feat_adam0.01,gd,1.0,48,3,pt_d128l3h8p16s8ep20lr0.0001,48752,0.9799593687057495
6a08a29e7f26,ETTm1,patchtst,gd_feat_sgd0.0001,gd,1.0,48,3,pt_d128l3h8p16s8ep20lr0.0001,48752,0.6778395175933838
8841e08ebdb2,ETTm1,patchtst,gd_feat_sgd0.001,gd,1.0,48,3,pt_d128l3h8p16s8ep20lr0.0001,48752,0.7044766545295715
23ecd60a22a5,ETTm1,patchtst,gd_feat_sgd0.01,gd,1.0,48,3,pt_d128l3h8p16s8ep20lr0.0001,48752,1.0388500690460205
aaa53476311b,ETTm1,patchtst,gd_feat_sgd0.1,gd,1.0,48,3,pt_d128l3h8p16s8ep20lr0.0001,48752,
2f3a2dff9c15,ETTm1,patchtst,gd_feat_sgddec0.001,gd,1.0,48,3,pt_d128l3h8p16s8ep20lr0.0001,48752,0.6656213998794556
7aa448fa9853,ETTm1,patchtst,gd_feat_sgddec0.01,gd,1.0,48,3,pt_d128l3h8p16s8ep20lr0.0001,48752,0.7648463845252991
06c167b339b0,ETTm1,patchtst,gd_feat_sgddec0.1,gd,1.0,48,3,pt_d128l3h8p16s8ep20lr0.0001,48752,
f6908c33a193,ETTm1,patchtst,naive,naive,1.0,48,3,pt_d128l3h8p16s8ep20lr0.0001,48752,1.8006871938705444
425b11c41a63,ETTm1,patchtst,nlms_feat,classic,1.0,48,3,pt_d128l3h8p16s8ep20lr0.0001,48752,1.253035545349121
12059e875d3d,ETTm1,patchtst,nlms_feat_mu0.02,classic,1.0,48,3,pt_d128l3h8p16s8ep20lr0.0001,48752,0.7347010374069214
9afaf2ef264e,ETTm1,patchtst,nlms_feat_mu0.05,classic,1.0,48,3,pt_d128l3h8p16s8ep20lr0.0001,48752,0.9202622771263123
1d334b3131f4,ETTm1,patchtst,nlms_feat_mu0.3,classic,1.0,48,3,pt_d128l3h8p16s8ep20lr0.0001,48752,2.2390010356903076
bc353ee9249b,ETTm1,patchtst,rls_bank_dftl,rls_ablation,1.0,48,3,pt_d128l3h8p16s8ep20lr0.0001,48752,0.8257697224617004
c7136526bc13,ETTm1,patchtst,rls_bank_ftl,rls_ablation,1.0,48,3,pt_d128l3h8p16s8ep20lr0.0001,48752,0.8266348838806152
49a28ec7282a,ETTm1,patchtst,rls_bank_med,rls,1.0,48,3,pt_d128l3h8p16s8ep20lr0.0001,48752,0.647183358669281
3390cc28a6ce,ETTm1,patchtst,rls_bank_med_noclip,rls_ablation,1.0,48,3,pt_d128l3h8p16s8ep20lr0.0001,48752,0.647183358669281
6056d328891e,ETTm1,patchtst,rls_calib,rls,1.0,48,3,pt_d128l3h8p16s8ep20lr0.0001,48752,1.0736876726150513
66df0de8eb56,ETTm1,patchtst,rls_feat,rls,1.0,48,3,pt_d128l3h8p16s8ep20lr0.0001,48752,0.6568189263343811
338f7357c9b6,ETTm1,patchtst,rls_feat_l0.99,rls_sweep,1.0,48,3,pt_d128l3h8p16s8ep20lr0.0001,48752,0.8266345262527466
2fe2999b93cd,ETTm1,patchtst,rls_feat_l0.995,rls_sweep,1.0,48,3,pt_d128l3h8p16s8ep20lr0.0001,48752,0.728943943977356
b883e6c79a44,ETTm1,patchtst,rls_feat_l0.9995,rls_sweep,1.0,48,3,pt_d128l3h8p16s8ep20lr0.0001,48752,0.6499868035316467
71e241191673,ETTm1,patchtst,rls_feat_l0.9999,rls_sweep,1.0,48,3,pt_d128l3h8p16s8ep20lr0.0001,48752,0.6511722207069397
6c23c19d0fbe,ETTm1,patchtst,rls_feat_l1,rls_sweep,1.0,48,3,pt_d128l3h8p16s8ep20lr0.0001,48752,0.6554575562477112
1ff1c47feaca,ETTm1,patchtst,rls_feat_noclip,rls_ablation,1.0,48,3,pt_d128l3h8p16s8ep20lr0.0001,48752,0.6568189263343811
95c92c90cacd,ETTm1,patchtst,snaive,naive,1.0,48,3,pt_d128l3h8p16s8ep20lr0.0001,48752,0.9632731676101685
935b5d80b63a,ETTm1,patchtst,bias_ema,simple,1.0,96,3,pt_d128l3h8p16s8ep20lr0.0001,48752,1.0057045221328735
07f1a1f4f746,ETTm1,patchtst,elf_linear,elf,1.0,96,3,pt_d128l3h8p16s8ep20lr0.0001,48752,0.5193876028060913
f865ebf759e5,ETTm1,patchtst,elf_mix,elf,1.0,96,3,pt_d128l3h8p16s8ep20lr0.0001,48752,0.5661725401878357
cce123f15537,ETTm1,patchtst,frozen,frozen,1.0,96,3,pt_d128l3h8p16s8ep20lr0.0001,48752,1.1057990789413452
d01758cf3f20,ETTm1,patchtst,gd_calib_sgd0.0001,gd,1.0,96,3,pt_d128l3h8p16s8ep20lr0.0001,48752,1.078614592552185
2cab7e85fdf7,ETTm1,patchtst,gd_calib_sgd0.001,gd,1.0,96,3,pt_d128l3h8p16s8ep20lr0.0001,48752,1.077956199645996
ab997d7fd2c6,ETTm1,patchtst,gd_calib_sgd0.01,gd,1.0,96,3,pt_d128l3h8p16s8ep20lr0.0001,48752,1.1035845279693604
7c1090478307,ETTm1,patchtst,gd_calib_sgd0.1,gd,1.0,96,3,pt_d128l3h8p16s8ep20lr0.0001,48752,
06650d3f77e9,ETTm1,patchtst,gd_feat_adam0.01,gd,1.0,96,3,pt_d128l3h8p16s8ep20lr0.0001,48752,1.0851056575775146
c7942a3943b2,ETTm1,patchtst,gd_feat_sgd0.0001,gd,1.0,96,3,pt_d128l3h8p16s8ep20lr0.0001,48752,0.6802278757095337
7a5d22bfd45d,ETTm1,patchtst,gd_feat_sgd0.001,gd,1.0,96,3,pt_d128l3h8p16s8ep20lr0.0001,48752,0.7203390598297119
64895d463680,ETTm1,patchtst,gd_feat_sgd0.01,gd,1.0,96,3,pt_d128l3h8p16s8ep20lr0.0001,48752,1.0658830404281616
7cf4553581b1,ETTm1,patchtst,gd_feat_sgd0.1,gd,1.0,96,3,pt_d128l3h8p16s8ep20lr0.0001,48752,
e029321998f2,ETTm1,patchtst,gd_feat_sgddec0.001,gd,1.0,96,3,pt_d128l3h8p16s8ep20lr0.0001,48752,0.6700571775436401
aa8894446633,ETTm1,patchtst,gd_feat_sgddec0.01,gd,1.0,96,3,pt_d128l3h8p16s8ep20lr0.0001,48752,0.7854270935058594
748a6b57efae,ETTm1,patchtst,gd_feat_sgddec0.1,gd,1.0,96,3,pt_d128l3h8p16s8ep20lr0.0001,48752,
f5535fdf1459,ETTm1,patchtst,naive,naive,1.0,96,3,pt_d128l3h8p16s8ep20lr0.0001,48752,1.8006871938705444
d2b14bec682e,ETTm1,patchtst,nlms_feat,classic,1.0,96,3,pt_d128l3h8p16s8ep20lr0.0001,48752,1.2220282554626465
24aa4a626815,ETTm1,patchtst,nlms_feat_mu0.02,classic,1.0,96,3,pt_d128l3h8p16s8ep20lr0.0001,48752,0.749152660369873
be5ce2b67db7,ETTm1,patchtst,nlms_feat_mu0.05,classic,1.0,96,3,pt_d128l3h8p16s8ep20lr0.0001,48752,0.9373039603233337
458966ffce5c,ETTm1,patchtst,nlms_feat_mu0.3,classic,1.0,96,3,pt_d128l3h8p16s8ep20lr0.0001,48752,1.8073912858963013
5e47b92acd27,ETTm1,patchtst,rls_bank_dftl,rls_ablation,1.0,96,3,pt_d128l3h8p16s8ep20lr0.0001,48752,0.8517130017280579
62c4fd0eb124,ETTm1,patchtst,rls_bank_ftl,rls_ablation,1.0,96,3,pt_d128l3h8p16s8ep20lr0.0001,48752,0.8524283766746521
f524cff9cdec,ETTm1,patchtst,rls_bank_med,rls,1.0,96,3,pt_d128l3h8p16s8ep20lr0.0001,48752,0.6504599452018738
5cb2c0c751eb,ETTm1,patchtst,rls_bank_med_noclip,rls_ablation,1.0,96,3,pt_d128l3h8p16s8ep20lr0.0001,48752,0.6504599452018738
1acd5f8bdb90,ETTm1,patchtst,rls_calib,rls,1.0,96,3,pt_d128l3h8p16s8ep20lr0.0001,48752,1.0728304386138916
8553e624456f,ETTm1,patchtst,rls_feat,rls,1.0,96,3,pt_d128l3h8p16s8ep20lr0.0001,48752,0.6608782410621643
3d65c305b5a7,ETTm1,patchtst,rls_feat_l0.99,rls_sweep,1.0,96,3,pt_d128l3h8p16s8ep20lr0.0001,48752,0.8524283766746521
f3cbc0db92af,ETTm1,patchtst,rls_feat_l0.995,rls_sweep,1.0,96,3,pt_d128l3h8p16s8ep20lr0.0001,48752,0.7448431253433228
f7f9adf757e9,ETTm1,patchtst,rls_feat_l0.9995,rls_sweep,1.0,96,3,pt_d128l3h8p16s8ep20lr0.0001,48752,0.6527262926101685
4325379457e4,ETTm1,patchtst,rls_feat_l0.9999,rls_sweep,1.0,96,3,pt_d128l3h8p16s8ep20lr0.0001,48752,0.6526347398757935
88bda92409e3,ETTm1,patchtst,rls_feat_l1,rls_sweep,1.0,96,3,pt_d128l3h8p16s8ep20lr0.0001,48752,0.6566397547721863
86e8f1515bb0,ETTm1,patchtst,rls_feat_noclip,rls_ablation,1.0,96,3,pt_d128l3h8p16s8ep20lr0.0001,48752,0.6608782410621643
ce19e7a0c78d,ETTm1,patchtst,snaive,naive,1.0,96,3,pt_d128l3h8p16s8ep20lr0.0001,48752,0.9632731676101685
68d86a3cd450,ETTm1,patchtst,bias_ema,simple,2.0,1,3,pt_d128l3h8p16s8ep20lr0.0001,48752,0.8332376480102539
2a6abef082f8,ETTm1,patchtst,elf_linear,elf,2.0,1,3,pt_d128l3h8p16s8ep20lr0.0001,48752,0.5120382905006409
aba805be9793,ETTm1,patchtst,elf_mix,elf,2.0,1,3,pt_d128l3h8p16s8ep20lr0.0001,48752,0.5289953947067261
2d5d62bf3052,ETTm1,patchtst,frozen,frozen,2.0,1,3,pt_d128l3h8p16s8ep20lr0.0001,48752,1.1552469730377197
a459926908cd,ETTm1,patchtst,gd_calib_sgd0.0001,gd,2.0,1,3,pt_d128l3h8p16s8ep20lr0.0001,48752,1.1226391792297363
22e279579faa,ETTm1,patchtst,gd_calib_sgd0.001,gd,2.0,1,3,pt_d128l3h8p16s8ep20lr0.0001,48752,1.1039701700210571
0caef29bd185,ETTm1,patchtst,gd_calib_sgd0.01,gd,2.0,1,3,pt_d128l3h8p16s8ep20lr0.0001,48752,0.9487946629524231
046d8ea7c4de,ETTm1,patchtst,gd_calib_sgd0.1,gd,2.0,1,3,pt_d128l3h8p16s8ep20lr0.0001,48752,
822623edb738,ETTm1,patchtst,gd_feat_adam0.01,gd,2.0,1,3,pt_d128l3h8p16s8ep20lr0.0001,48752,0.6411402821540833
9abc266345cf,ETTm1,patchtst,gd_feat_sgd0.0001,gd,2.0,1,3,pt_d128l3h8p16s8ep20lr0.0001,48752,0.6546552181243896
e3de8e38722b,ETTm1,patchtst,gd_feat_sgd0.001,gd,2.0,1,3,pt_d128l3h8p16s8ep20lr0.0001,48752,0.5707170963287354
f3c7f6db073d,ETTm1,patchtst,gd_feat_sgd0.01,gd,2.0,1,3,pt_d128l3h8p16s8ep20lr0.0001,48752,0.37845849990844727
808864d24aec,ETTm1,patchtst,gd_feat_sgd0.1,gd,2.0,1,3,pt_d128l3h8p16s8ep20lr0.0001,48752,
f8bb28408423,ETTm1,patchtst,gd_feat_sgddec0.001,gd,2.0,1,3,pt_d128l3h8p16s8ep20lr0.0001,48752,0.6272062659263611
d8f018cd59c0,ETTm1,patchtst,gd_feat_sgddec0.01,gd,2.0,1,3,pt_d128l3h8p16s8ep20lr0.0001,48752,0.5155812501907349
b31fe812ca62,ETTm1,patchtst,gd_feat_sgddec0.1,gd,2.0,1,3,pt_d128l3h8p16s8ep20lr0.0001,48752,
47a3498d2920,ETTm1,patchtst,naive,naive,2.0,1,3,pt_d128l3h8p16s8ep20lr0.0001,48752,1.8006871938705444
e0e2d15414c8,ETTm1,patchtst,nlms_feat,classic,2.0,1,3,pt_d128l3h8p16s8ep20lr0.0001,48752,0.3898647427558899
7aa77f9eaa71,ETTm1,patchtst,nlms_feat_mu0.02,classic,2.0,1,3,pt_d128l3h8p16s8ep20lr0.0001,48752,0.5574977993965149
6b8a90d90ec1,ETTm1,patchtst,nlms_feat_mu0.05,classic,2.0,1,3,pt_d128l3h8p16s8ep20lr0.0001,48752,0.47355395555496216
85d45a494c2f,ETTm1,patchtst,nlms_feat_mu0.3,classic,2.0,1,3,pt_d128l3h8p16s8ep20lr0.0001,48752,0.2672364115715027
0931cc1e9cbf,ETTm1,patchtst,rls_bank_dftl,rls_ablation,2.0,1,3,pt_d128l3h8p16s8ep20lr0.0001,48752,0.45585116744041443
31128c15fd39,ETTm1,patchtst,rls_bank_ftl,rls_ablation,2.0,1,3,pt_d128l3h8p16s8ep20lr0.0001,48752,0.4551023840904236
b97d3b77d102,ETTm1,patchtst,rls_bank_med,rls,2.0,1,3,pt_d128l3h8p16s8ep20lr0.0001,48752,0.5872771143913269
2b2ed2700963,ETTm1,patchtst,rls_bank_med_noclip,rls_ablation,2.0,1,3,pt_d128l3h8p16s8ep20lr0.0001,48752,0.5872771143913269
f8f811b282d7,ETTm1,patchtst,rls_calib,rls,2.0,1,3,pt_d128l3h8p16s8ep20lr0.0001,48752,1.101781964302063
c5ae5a89f67f,ETTm1,patchtst,rls_feat,rls,2.0,1,3,pt_d128l3h8p16s8ep20lr0.0001,48752,0.5963101387023926
d011caca82fb,ETTm1,patchtst,rls_feat_l0.99,rls_sweep,2.0,1,3,pt_d128l3h8p16s8ep20lr0.0001,48752,0.45510223507881165
61be8ea7b3a3,ETTm1,patchtst,rls_feat_l0.995,rls_sweep,2.0,1,3,pt_d128l3h8p16s8ep20lr0.0001,48752,0.5204285383224487
55a4eb1d67fe,ETTm1,patchtst,rls_feat_l0.9995,rls_sweep,2.0,1,3,pt_d128l3h8p16s8ep20lr0.0001,48752,0.6124593615531921
f504641b4ed4,ETTm1,patchtst,rls_feat_l0.9999,rls_sweep,2.0,1,3,pt_d128l3h8p16s8ep20lr0.0001,48752,0.632733941078186
3160e4adc71c,ETTm1,patchtst,rls_feat_l1,rls_sweep,2.0,1,3,pt_d128l3h8p16s8ep20lr0.0001,48752,0.6418565511703491
a8b419c2efaf,ETTm1,patchtst,rls_feat_noclip,rls_ablation,2.0,1,3,pt_d128l3h8p16s8ep20lr0.0001,48752,0.5963101387023926
66ddbcba8cc0,ETTm1,patchtst,snaive,naive,2.0,1,3,pt_d128l3h8p16s8ep20lr0.0001,48752,0.9632731676101685
246c9cf21a86,ETTm1,patchtst,bias_ema,simple,2.0,24,3,pt_d128l3h8p16s8ep20lr0.0001,48752,2.106566905975342
e425d38ec748,ETTm1,patchtst,elf_linear,elf,2.0,24,3,pt_d128l3h8p16s8ep20lr0.0001,48752,0.5148970484733582
c29f26059829,ETTm1,patchtst,elf_mix,elf,2.0,24,3,pt_d128l3h8p16s8ep20lr0.0001,48752,0.5528678297996521
bf5a6d400637,ETTm1,patchtst,frozen,frozen,2.0,24,3,pt_d128l3h8p16s8ep20lr0.0001,48752,1.1552469730377197
49d1c5ec1a3c,ETTm1,patchtst,gd_calib_sgd0.0001,gd,2.0,24,3,pt_d128l3h8p16s8ep20lr0.0001,48752,1.1314328908920288
25583fed5314,ETTm1,patchtst,gd_calib_sgd0.001,gd,2.0,24,3,pt_d128l3h8p16s8ep20lr0.0001,48752,1.2000536918640137
3df3f092b673,ETTm1,patchtst,gd_calib_sgd0.01,gd,2.0,24,3,pt_d128l3h8p16s8ep20lr0.0001,48752,2.1572585105895996
9dfbe941a771,ETTm1,patchtst,gd_calib_sgd0.1,gd,2.0,24,3,pt_d128l3h8p16s8ep20lr0.0001,48752,
64184acab11e,ETTm1,patchtst,gd_feat_adam0.01,gd,2.0,24,3,pt_d128l3h8p16s8ep20lr0.0001,48752,0.9296621084213257
726bcd3de6c3,ETTm1,patchtst,gd_feat_sgd0.0001,gd,2.0,24,3,pt_d128l3h8p16s8ep20lr0.0001,48752,0.6678628921508789
18f5f98e6697,ETTm1,patchtst,gd_feat_sgd0.001,gd,2.0,24,3,pt_d128l3h8p16s8ep20lr0.0001,48752,0.6935973167419434
3180bd2b67a3,ETTm1,patchtst,gd_feat_sgd0.01,gd,2.0,24,3,pt_d128l3h8p16s8ep20lr0.0001,48752,1.0333750247955322
549e9ecba9c6,ETTm1,patchtst,gd_feat_sgd0.1,gd,2.0,24,3,pt_d128l3h8p16s8ep20lr0.0001,48752,
8335e8fc5cb3,ETTm1,patchtst,gd_feat_sgddec0.001,gd,2.0,24,3,pt_d128l3h8p16s8ep20lr0.0001,48752,0.6559762954711914
c88ed50ade56,ETTm1,patchtst,gd_feat_sgddec0.01,gd,2.0,24,3,pt_d128l3h8p16s8ep20lr0.0001,48752,0.7518120408058167
44ee197829c8,ETTm1,patchtst,gd_feat_sgddec0.1,gd,2.0,24,3,pt_d128l3h8p16s8ep20lr0.0001,48752,
548a99ce25be,ETTm1,patchtst,naive,naive,2.0,24,3,pt_d128l3h8p16s8ep20lr0.0001,48752,1.8006871938705444
54f60e241567,ETTm1,patchtst,nlms_feat,classic,2.0,24,3,pt_d128l3h8p16s8ep20lr0.0001,48752,1.2844805717468262
990b276ef763,ETTm1,patchtst,nlms_feat_mu0.02,classic,2.0,24,3,pt_d128l3h8p16s8ep20lr0.0001,48752,0.7400234937667847
361365ea919a,ETTm1,patchtst,nlms_feat_mu0.05,classic,2.0,24,3,pt_d128l3h8p16s8ep20lr0.0001,48752,0.9394292831420898
af15d1056444,ETTm1,patchtst,nlms_feat_mu0.3,classic,2.0,24,3,pt_d128l3h8p16s8ep20lr0.0001,48752,2.265610933303833
a59408d1f937,ETTm1,patchtst,rls_bank_dftl,rls_ablation,2.0,24,3,pt_d128l3h8p16s8ep20lr0.0001,48752,0.7976992726325989
c72cfbf8d3d2,ETTm1,patchtst,rls_bank_ftl,rls_ablation,2.0,24,3,pt_d128l3h8p16s8ep20lr0.0001,48752,0.7985167503356934
2244ad3f9f94,ETTm1,patchtst,rls_bank_med,rls,2.0,24,3,pt_d128l3h8p16s8ep20lr0.0001,48752,0.6347923278808594
1b44a78b4279,ETTm1,patchtst,rls_bank_med_noclip,rls_ablation,2.0,24,3,pt_d128l3h8p16s8ep20lr0.0001,48752,0.6347923278808594
85d233c78f47,ETTm1,patchtst,rls_calib,rls,2.0,24,3,pt_d128l3h8p16s8ep20lr0.0001,48752,1.1354577541351318
dcde2099f711,ETTm1,patchtst,rls_feat,rls,2.0,24,3,pt_d128l3h8p16s8ep20lr0.0001,48752,0.6416533589363098
f57a2ca87bc9,ETTm1,patchtst,rls_feat_l0.99,rls_sweep,2.0,24,3,pt_d128l3h8p16s8ep20lr0.0001,48752,0.7985166311264038
43bb2056008a,ETTm1,patchtst,rls_feat_l0.995,rls_sweep,2.0,24,3,pt_d128l3h8p16s8ep20lr0.0001,48752,0.7027227282524109
0d39efbfd21f,ETTm1,patchtst,rls_feat_l0.9995,rls_sweep,2.0,24,3,pt_d128l3h8p16s8ep20lr0.0001,48752,0.637615442276001
c56a2ab43ed6,ETTm1,patchtst,rls_feat_l0.9999,rls_sweep,2.0,24,3,pt_d128l3h8p16s8ep20lr0.0001,48752,0.6414926648139954
8d9edea4d305,ETTm1,patchtst,rls_feat_l1,rls_sweep,2.0,24,3,pt_d128l3h8p16s8ep20lr0.0001,48752,0.6474218368530273
8991abede01b,ETTm1,patchtst,rls_feat_noclip,rls_ablation,2.0,24,3,pt_d128l3h8p16s8ep20lr0.0001,48752,0.6416533589363098
7c0aff187773,ETTm1,patchtst,snaive,naive,2.0,24,3,pt_d128l3h8p16s8ep20lr0.0001,48752,0.9632731676101685
1da3d82dc7b3,ETTm1,patchtst,bias_ema,simple,2.0,48,3,pt_d128l3h8p16s8ep20lr0.0001,48752,1.9304728507995605
2e651540431a,ETTm1,patchtst,elf_linear,elf,2.0,48,3,pt_d128l3h8p16s8ep20lr0.0001,48752,0.5158725380897522
53ca5d1b220b,ETTm1,patchtst,elf_mix,elf,2.0,48,3,pt_d128l3h8p16s8ep20lr0.0001,48752,0.557515561580658
98b9180f189a,ETTm1,patchtst,frozen,frozen,2.0,48,3,pt_d128l3h8p16s8ep20lr0.0001,48752,1.1552469730377197
8b564ed1dd06,ETTm1,patchtst,gd_calib_sgd0.0001,gd,2.0,48,3,pt_d128l3h8p16s8ep20lr0.0001,48752,1.1242306232452393
8c50e138a20a,ETTm1,patchtst,gd_calib_sgd0.001,gd,2.0,48,3,pt_d128l3h8p16s8ep20lr0.0001,48752,1.1333328485488892
84450574ac2d,ETTm1,patchtst,gd_calib_sgd0.01,gd,2.0,48,3,pt_d128l3h8p16s8ep20lr0.0001,48752,1.8680062294006348
3f8227000fc8,ETTm1,patchtst,gd_calib_sgd0.1,gd,2.0,48,3,pt_d128l3h8p16s8ep20lr0.0001,48752,
4ec0d558ed7b,ETTm1,patchtst,gd_feat_adam0.01,gd,2.0,48,3,pt_d128l3h8p16s8ep20lr0.0001,48752,0.968759298324585
2e64e329f357,ETTm1,patchtst,gd_feat_sgd0.0001,gd,2.0,48,3,pt_d128l3h8p16s8ep20lr0.0001,48752,0.6678299903869629
ace269547bf0,ETTm1,patchtst,gd_feat_sgd0.001,gd,2.0,48,3,pt_d128l3h8p16s8ep20lr0.0001,48752,0.6931590437889099
3e9b573da28a,ETTm1,patchtst,gd_feat_sgd0.01,gd,2.0,48,3,pt_d128l3h8p16s8ep20lr0.0001,48752,1.043709635734558
7461622fbc5e,ETTm1,patchtst,gd_feat_sgd0.1,gd,2.0,48,3,pt_d128l3h8p16s8ep20lr0.0001,48752,
af601682e98d,ETTm1,patchtst,gd_feat_sgddec0.001,gd,2.0,48,3,pt_d128l3h8p16s8ep20lr0.0001,48752,0.6558071970939636
c9856696864b,ETTm1,patchtst,gd_feat_sgddec0.01,gd,2.0,48,3,pt_d128l3h8p16s8ep20lr0.0001,48752,0.753604531288147
c3d2f532f3c9,ETTm1,patchtst,gd_feat_sgddec0.1,gd,2.0,48,3,pt_d128l3h8p16s8ep20lr0.0001,48752,
d2958afde6d1,ETTm1,patchtst,naive,naive,2.0,48,3,pt_d128l3h8p16s8ep20lr0.0001,48752,1.8006871938705444
13ec72bc6ffc,ETTm1,patchtst,nlms_feat,classic,2.0,48,3,pt_d128l3h8p16s8ep20lr0.0001,48752,1.2648077011108398
a591cec99746,ETTm1,patchtst,nlms_feat_mu0.02,classic,2.0,48,3,pt_d128l3h8p16s8ep20lr0.0001,48752,0.7250650525093079
8f5dca9c6d21,ETTm1,patchtst,nlms_feat_mu0.05,classic,2.0,48,3,pt_d128l3h8p16s8ep20lr0.0001,48752,0.9171364903450012
afd0ff9bbcf6,ETTm1,patchtst,nlms_feat_mu0.3,classic,2.0,48,3,pt_d128l3h8p16s8ep20lr0.0001,48752,2.3105721473693848
57368bc6f6c4,ETTm1,patchtst,rls_bank_dftl,rls_ablation,2.0,48,3,pt_d128l3h8p16s8ep20lr0.0001,48752,0.8101775050163269
ded3367a56cc,ETTm1,patchtst,rls_bank_ftl,rls_ablation,2.0,48,3,pt_d128l3h8p16s8ep20lr0.0001,48752,0.8107970952987671
8f35ca944c28,ETTm1,patchtst,rls_bank_med,rls,2.0,48,3,pt_d128l3h8p16s8ep20lr0.0001,48752,0.6371238827705383
495c58f94083,ETTm1,patchtst,rls_bank_med_noclip,rls_ablation,2.0,48,3,pt_d128l3h8p16s8ep20lr0.0001,48752,0.6371238827705383
5c285c15a887,ETTm1,patchtst,rls_calib,rls,2.0,48,3,pt_d128l3h8p16s8ep20lr0.0001,48752,1.1142141819000244
bc3d927a3c5b,ETTm1,patchtst,rls_feat,rls,2.0,48,3,pt_d128l3h8p16s8ep20lr0.0001,48752,0.645379900932312
b814347436ea,ETTm1,patchtst,rls_feat_l0.99,rls_sweep,2.0,48,3,pt_d128l3h8p16s8ep20lr0.0001,48752,0.8107969760894775
3c78619bded9,ETTm1,patchtst,rls_feat_l0.995,rls_sweep,2.0,48,3,pt_d128l3h8p16s8ep20lr0.0001,48752,0.714353621006012
9bbb7da108bf,ETTm1,patchtst,rls_feat_l0.9995,rls_sweep,2.0,48,3,pt_d128l3h8p16s8ep20lr0.0001,48752,0.6395178437232971
a0a4103a5633,ETTm1,patchtst,rls_feat_l0.9999,rls_sweep,2.0,48,3,pt_d128l3h8p16s8ep20lr0.0001,48752,0.6421391367912292
6cc66f109297,ETTm1,patchtst,rls_feat_l1,rls_sweep,2.0,48,3,pt_d128l3h8p16s8ep20lr0.0001,48752,0.6478751301765442
aa562e56a833,ETTm1,patchtst,rls_feat_noclip,rls_ablation,2.0,48,3,pt_d128l3h8p16s8ep20lr0.0001,48752,0.645379900932312
f0225083f3d9,ETTm1,patchtst,snaive,naive,2.0,48,3,pt_d128l3h8p16s8ep20lr0.0001,48752,0.9632731676101685
f671ee2bb1be,ETTm1,patchtst,bias_ema,simple,2.0,96,3,pt_d128l3h8p16s8ep20lr0.0001,48752,1.0174673795700073
f992db291967,ETTm1,patchtst,elf_linear,elf,2.0,96,3,pt_d128l3h8p16s8ep20lr0.0001,48752,0.5193876028060913
56cf50196846,ETTm1,patchtst,elf_mix,elf,2.0,96,3,pt_d128l3h8p16s8ep20lr0.0001,48752,0.565849781036377
03899ac29766,ETTm1,patchtst,frozen,frozen,2.0,96,3,pt_d128l3h8p16s8ep20lr0.0001,48752,1.1552469730377197
35c2a4bb9a52,ETTm1,patchtst,gd_calib_sgd0.0001,gd,2.0,96,3,pt_d128l3h8p16s8ep20lr0.0001,48752,1.1238428354263306
5d237f6455e3,ETTm1,patchtst,gd_calib_sgd0.001,gd,2.0,96,3,pt_d128l3h8p16s8ep20lr0.0001,48752,1.1163606643676758
693c7b9f553d,ETTm1,patchtst,gd_calib_sgd0.01,gd,2.0,96,3,pt_d128l3h8p16s8ep20lr0.0001,48752,1.1320582628250122
dd895f915cff,ETTm1,patchtst,gd_calib_sgd0.1,gd,2.0,96,3,pt_d128l3h8p16s8ep20lr0.0001,48752,
69d0c7a25f34,ETTm1,patchtst,gd_feat_adam0.01,gd,2.0,96,3,pt_d128l3h8p16s8ep20lr0.0001,48752,1.0695315599441528
ecd163a31df0,ETTm1,patchtst,gd_feat_sgd0.0001,gd,2.0,96,3,pt_d128l3h8p16s8ep20lr0.0001,48752,0.6700559258460999
30f96a68c2cd,ETTm1,patchtst,gd_feat_sgd0.001,gd,2.0,96,3,pt_d128l3h8p16s8ep20lr0.0001,48752,0.7081958651542664
acf7ae5cd70c,ETTm1,patchtst,gd_feat_sgd0.01,gd,2.0,96,3,pt_d128l3h8p16s8ep20lr0.0001,48752,1.0587283372879028
11250cce6b3f,ETTm1,patchtst,gd_feat_sgd0.1,gd,2.0,96,3,pt_d128l3h8p16s8ep20lr0.0001,48752,
0d16fb0c8b53,ETTm1,patchtst,gd_feat_sgddec0.001,gd,2.0,96,3,pt_d128l3h8p16s8ep20lr0.0001,48752,0.6598953008651733
a79528ea7b8d,ETTm1,patchtst,gd_feat_sgddec0.01,gd,2.0,96,3,pt_d128l3h8p16s8ep20lr0.0001,48752,0.7733309864997864
7c9818754e14,ETTm1,patchtst,gd_feat_sgddec0.1,gd,2.0,96,3,pt_d128l3h8p16s8ep20lr0.0001,48752,
d8ffead52150,ETTm1,patchtst,naive,naive,2.0,96,3,pt_d128l3h8p16s8ep20lr0.0001,48752,1.8006871938705444
2ed582630163,ETTm1,patchtst,nlms_feat,classic,2.0,96,3,pt_d128l3h8p16s8ep20lr0.0001,48752,1.1993862390518188
2e5fe173afde,ETTm1,patchtst,nlms_feat_mu0.02,classic,2.0,96,3,pt_d128l3h8p16s8ep20lr0.0001,48752,0.7350683212280273
46d8b1d290a1,ETTm1,patchtst,nlms_feat_mu0.05,classic,2.0,96,3,pt_d128l3h8p16s8ep20lr0.0001,48752,0.9189305305480957
12c7e3fbe9dd,ETTm1,patchtst,nlms_feat_mu0.3,classic,2.0,96,3,pt_d128l3h8p16s8ep20lr0.0001,48752,1.7870774269104004
987cf19de105,ETTm1,patchtst,rls_bank_dftl,rls_ablation,2.0,96,3,pt_d128l3h8p16s8ep20lr0.0001,48752,0.837469220161438
fff247e770ef,ETTm1,patchtst,rls_bank_ftl,rls_ablation,2.0,96,3,pt_d128l3h8p16s8ep20lr0.0001,48752,0.8379747867584229
e1aaa556feb1,ETTm1,patchtst,rls_bank_med,rls,2.0,96,3,pt_d128l3h8p16s8ep20lr0.0001,48752,0.6407493352890015
6a9bf3b5c63c,ETTm1,patchtst,rls_bank_med_noclip,rls_ablation,2.0,96,3,pt_d128l3h8p16s8ep20lr0.0001,48752,0.6407493352890015
1dbbd7fe5efe,ETTm1,patchtst,rls_calib,rls,2.0,96,3,pt_d128l3h8p16s8ep20lr0.0001,48752,1.1130836009979248
95a6297878c7,ETTm1,patchtst,rls_feat,rls,2.0,96,3,pt_d128l3h8p16s8ep20lr0.0001,48752,0.64973384141922
1055a176ce82,ETTm1,patchtst,rls_feat_l0.99,rls_sweep,2.0,96,3,pt_d128l3h8p16s8ep20lr0.0001,48752,0.837975263595581
5ef675879bdc,ETTm1,patchtst,rls_feat_l0.995,rls_sweep,2.0,96,3,pt_d128l3h8p16s8ep20lr0.0001,48752,0.73137366771698
c8c7d3b5efe8,ETTm1,patchtst,rls_feat_l0.9995,rls_sweep,2.0,96,3,pt_d128l3h8p16s8ep20lr0.0001,48752,0.6424317359924316
5d56d0e4e647,ETTm1,patchtst,rls_feat_l0.9999,rls_sweep,2.0,96,3,pt_d128l3h8p16s8ep20lr0.0001,48752,0.6437197327613831
2f1b6798e719,ETTm1,patchtst,rls_feat_l1,rls_sweep,2.0,96,3,pt_d128l3h8p16s8ep20lr0.0001,48752,0.6491579413414001
187a67be7f52,ETTm1,patchtst,rls_feat_noclip,rls_ablation,2.0,96,3,pt_d128l3h8p16s8ep20lr0.0001,48752,0.64973384141922
1689aa12cecd,ETTm1,patchtst,snaive,naive,2.0,96,3,pt_d128l3h8p16s8ep20lr0.0001,48752,0.9632731676101685
77b0ba540480,ETTm1,patchtst_ext,elf_linear,elf,0.0,1,3,patchtst_ext,48752,0.5120382905006409
aebfb2bb09eb,ETTm1,patchtst_ext,elf_mix,elf,0.0,1,3,patchtst_ext,48752,0.5374487042427063
f5b94213a7ce,ETTm1,patchtst_ext,bias_ema,simple,0.0,24,3,patchtst_ext,48752,3.1460280418395996
cfefa114249f,ETTm1,patchtst_ext,cosa,external_tta,0.0,24,3,patchtst_ext,48752,1.0327380895614624
f60dfdb788f7,ETTm1,patchtst_ext,cosa_tuned,external_tta,0.0,24,3,patchtst_ext,48752,1.183862328529358
6c9166530bc4,ETTm1,patchtst_ext,dynatta,external_tta,0.0,24,3,patchtst_ext,48752,0.6188001036643982
739e33bf81f8,ETTm1,patchtst_ext,elf_linear,elf,0.0,24,3,patchtst_ext,48752,0.5148970484733582
b70486f0d954,ETTm1,patchtst_ext,elf_mix,elf,0.0,24,3,patchtst_ext,48752,0.5629228353500366
ca26616792ad,ETTm1,patchtst_ext,frozen,external_tta,0.0,24,3,patchtst_ext,48752,1.6676280498504639
ff04392d126a,ETTm1,patchtst_ext,frozen,frozen,0.0,24,3,patchtst_ext,48752,1.6676280498504639
9bed1c182b6a,ETTm1,patchtst_ext,gd_calib_sgd0.0001,gd,0.0,24,3,patchtst_ext,48752,1.3358618021011353
5cf849bd2312,ETTm1,patchtst_ext,gd_calib_sgd0.001,gd,0.0,24,3,patchtst_ext,48752,1.3766390085220337
64a5d7656d73,ETTm1,patchtst_ext,gd_calib_sgd0.01,gd,0.0,24,3,patchtst_ext,48752,2.2713403701782227
ba0d4bc9ca2e,ETTm1,patchtst_ext,gd_calib_sgd0.1,gd,0.0,24,3,patchtst_ext,48752,
409489344949,ETTm1,patchtst_ext,gd_feat_adam0.01,gd,0.0,24,3,patchtst_ext,48752,0.9548582434654236
6464821c0312,ETTm1,patchtst_ext,gd_feat_sgd0.0001,gd,0.0,24,3,patchtst_ext,48752,0.7555111646652222
8016bce5a387,ETTm1,patchtst_ext,gd_feat_sgd0.001,gd,0.0,24,3,patchtst_ext,48752,0.7465501427650452
d916516dae15,ETTm1,patchtst_ext,gd_feat_sgd0.01,gd,0.0,24,3,patchtst_ext,48752,1.1346893310546875
7213db066c7d,ETTm1,patchtst_ext,gd_feat_sgd0.1,gd,0.0,24,3,patchtst_ext,48752,
f784977cf55b,ETTm1,patchtst_ext,gd_feat_sgddec0.001,gd,0.0,24,3,patchtst_ext,48752,0.71440589427948
20fe8e2a3d4b,ETTm1,patchtst_ext,gd_feat_sgddec0.01,gd,0.0,24,3,patchtst_ext,48752,0.8079125881195068
319947cd1376,ETTm1,patchtst_ext,gd_feat_sgddec0.1,gd,0.0,24,3,patchtst_ext,48752,
aae777152826,ETTm1,patchtst_ext,naive,naive,0.0,24,3,patchtst_ext,48752,1.8006867170333862
c556d5e979b5,ETTm1,patchtst_ext,nlms_feat,classic,0.0,24,3,patchtst_ext,48752,1.3993803262710571
c8ec42d63af4,ETTm1,patchtst_ext,nlms_feat_mu0.02,classic,0.0,24,3,patchtst_ext,48752,0.8141080141067505
30217226bf25,ETTm1,patchtst_ext,nlms_feat_mu0.05,classic,0.0,24,3,patchtst_ext,48752,1.0036205053329468
27d9dbba8a9b,ETTm1,patchtst_ext,nlms_feat_mu0.3,classic,0.0,24,3,patchtst_ext,48752,2.6566247940063477
d64a05fdf155,ETTm1,patchtst_ext,petsa,external_tta,0.0,24,3,patchtst_ext,48752,1.5974483489990234
ff921d699a25,ETTm1,patchtst_ext,rls_bank_dftl,rls_ablation,0.0,24,3,patchtst_ext,48752,0.8176096081733704
68a33231bebf,ETTm1,patchtst_ext,rls_bank_ftl,rls_ablation,0.0,24,3,patchtst_ext,48752,0.8174581527709961
a0c7534d1896,ETTm1,patchtst_ext,rls_bank_med,rls,0.0,24,3,patchtst_ext,48752,0.6708075404167175
6d174fabfefb,ETTm1,patchtst_ext,rls_bank_med_noclip,rls_ablation,0.0,24,3,patchtst_ext,48752,0.6708073616027832
790ad442fdfa,ETTm1,patchtst_ext,rls_calib,rls,0.0,24,3,patchtst_ext,48752,1.2984493970870972
eed566067855,ETTm1,patchtst_ext,rls_feat,rls,0.0,24,3,patchtst_ext,48752,0.6761642098426819
370ec7c6bfb7,ETTm1,patchtst_ext,rls_feat_l0.99,rls_sweep,0.0,24,3,patchtst_ext,48752,0.8174724578857422
9e2cf216652f,ETTm1,patchtst_ext,rls_feat_l0.995,rls_sweep,0.0,24,3,patchtst_ext,48752,0.7252285480499268
214ae8fe779d,ETTm1,patchtst_ext,rls_feat_l0.9995,rls_sweep,0.0,24,3,patchtst_ext,48752,0.6800199747085571
57f868b30cb3,ETTm1,patchtst_ext,rls_feat_l0.9999,rls_sweep,0.0,24,3,patchtst_ext,48752,0.6981400847434998
2487ca03012f,ETTm1,patchtst_ext,rls_feat_l1,rls_sweep,0.0,24,3,patchtst_ext,48752,0.7081598043441772
5ee538f3ab45,ETTm1,patchtst_ext,rls_feat_noclip,rls_ablation,0.0,24,3,patchtst_ext,48752,0.6761646270751953
fed7a0224162,ETTm1,patchtst_ext,snaive,naive,0.0,24,3,patchtst_ext,48752,0.9632740616798401
766f9c3b5d37,ETTm1,patchtst_ext,tafas,external_tta,0.0,24,3,patchtst_ext,48752,1.4648696184158325
a01e2955c723,ETTm1,patchtst_ext,tafas_tuned,external_tta,0.0,24,3,patchtst_ext,48752,1.4655873775482178
345c1ce3d9f3,ETTm1,patchtst_ext,bias_ema,simple,0.0,48,3,patchtst_ext,48752,2.8505353927612305
15608f75f2c3,ETTm1,patchtst_ext,cosa,external_tta,0.0,48,3,patchtst_ext,48752,0.9155113101005554
9b1669fa626f,ETTm1,patchtst_ext,cosa_tuned,external_tta,0.0,48,3,patchtst_ext,48752,1.2116066217422485
2c50c92bd55d,ETTm1,patchtst_ext,dynatta,external_tta,0.0,48,3,patchtst_ext,48752,0.69222491979599
e8e562f660ef,ETTm1,patchtst_ext,elf_linear,elf,0.0,48,3,patchtst_ext,48752,0.5158725380897522
0c59023c4b7a,ETTm1,patchtst_ext,elf_mix,elf,0.0,48,3,patchtst_ext,48752,0.569056510925293
3f2e96329fe8,ETTm1,patchtst_ext,frozen,frozen,0.0,48,3,patchtst_ext,48752,1.6676280498504639
19789a277d6e,ETTm1,patchtst_ext,gd_calib_sgd0.0001,gd,0.0,48,3,patchtst_ext,48752,1.3299174308776855
468baf755496,ETTm1,patchtst_ext,gd_calib_sgd0.001,gd,0.0,48,3,patchtst_ext,48752,1.323427677154541
809125fc2dcb,ETTm1,patchtst_ext,gd_calib_sgd0.01,gd,0.0,48,3,patchtst_ext,48752,2.24857234954834
2fe414a18adb,ETTm1,patchtst_ext,gd_calib_sgd0.1,gd,0.0,48,3,patchtst_ext,48752,
277ef545d269,ETTm1,patchtst_ext,gd_feat_adam0.01,gd,0.0,48,3,patchtst_ext,48752,0.9915047287940979
49246e526e17,ETTm1,patchtst_ext,gd_feat_sgd0.0001,gd,0.0,48,3,patchtst_ext,48752,0.7562089562416077
8748857f1a01,ETTm1,patchtst_ext,gd_feat_sgd0.001,gd,0.0,48,3,patchtst_ext,48752,0.7463362812995911
bbbd6737c4e7,ETTm1,patchtst_ext,gd_feat_sgd0.01,gd,0.0,48,3,patchtst_ext,48752,1.128983736038208
13d298b104c4,ETTm1,patchtst_ext,gd_feat_sgd0.1,gd,0.0,48,3,patchtst_ext,48752,
9c71466e41bc,ETTm1,patchtst_ext,gd_feat_sgddec0.001,gd,0.0,48,3,patchtst_ext,48752,0.7151514887809753
1334b0da5582,ETTm1,patchtst_ext,gd_feat_sgddec0.01,gd,0.0,48,3,patchtst_ext,48752,0.8056824207305908
4bc627158b10,ETTm1,patchtst_ext,gd_feat_sgddec0.1,gd,0.0,48,3,patchtst_ext,48752,
376dceb4c19a,ETTm1,patchtst_ext,naive,naive,0.0,48,3,patchtst_ext,48752,1.8006867170333862
07f6f2cff5ee,ETTm1,patchtst_ext,nlms_feat,classic,0.0,48,3,patchtst_ext,48752,1.3347550630569458
0619e14f3b3c,ETTm1,patchtst_ext,nlms_feat_mu0.02,classic,0.0,48,3,patchtst_ext,48752,0.7985296249389648
bc767a80f694,ETTm1,patchtst_ext,nlms_feat_mu0.05,classic,0.0,48,3,patchtst_ext,48752,0.9688491225242615
7d47be51192b,ETTm1,patchtst_ext,nlms_feat_mu0.3,classic,0.0,48,3,patchtst_ext,48752,2.540175437927246
f647e4ab8929,ETTm1,patchtst_ext,petsa,external_tta,0.0,48,3,patchtst_ext,48752,1.5761135816574097
6dae438cb7e6,ETTm1,patchtst_ext,rls_bank_dftl,rls_ablation,0.0,48,3,patchtst_ext,48752,0.8303702473640442
8bc3eca52059,ETTm1,patchtst_ext,rls_bank_ftl,rls_ablation,0.0,48,3,patchtst_ext,48752,0.8303643465042114
d3b3e23a9b22,ETTm1,patchtst_ext,rls_bank_med,rls,0.0,48,3,patchtst_ext,48752,0.6755317449569702
262cc862445e,ETTm1,patchtst_ext,rls_bank_med_noclip,rls_ablation,0.0,48,3,patchtst_ext,48752,0.6755313277244568
f0b858ac0fd6,ETTm1,patchtst_ext,rls_calib,rls,0.0,48,3,patchtst_ext,48752,1.2799274921417236
233b89166743,ETTm1,patchtst_ext,rls_feat,rls,0.0,48,3,patchtst_ext,48752,0.6811506152153015
5fdf2e197b83,ETTm1,patchtst_ext,rls_feat_l0.99,rls_sweep,0.0,48,3,patchtst_ext,48752,0.8303881287574768
a7ff440f8319,ETTm1,patchtst_ext,rls_feat_l0.995,rls_sweep,0.0,48,3,patchtst_ext,48752,0.738309919834137
6cc243d6a3bf,ETTm1,patchtst_ext,rls_feat_l0.9995,rls_sweep,0.0,48,3,patchtst_ext,48752,0.682896614074707
dff7285aec53,ETTm1,patchtst_ext,rls_feat_l0.9999,rls_sweep,0.0,48,3,patchtst_ext,48752,0.6990975737571716
0435715c4ed5,ETTm1,patchtst_ext,rls_feat_l1,rls_sweep,0.0,48,3,patchtst_ext,48752,0.7087312340736389
f8bd415e8786,ETTm1,patchtst_ext,rls_feat_noclip,rls_ablation,0.0,48,3,patchtst_ext,48752,0.6811507940292358
3ee56190d3f1,ETTm1,patchtst_ext,snaive,naive,0.0,48,3,patchtst_ext,48752,0.9632740616798401
4f3fdc9afd42,ETTm1,patchtst_ext,tafas,external_tta,0.0,48,3,patchtst_ext,48752,1.4648685455322266
119d4cb8824b,ETTm1,patchtst_ext,tafas_tuned,external_tta,0.0,48,3,patchtst_ext,48752,1.4654977321624756
c7383b3e625a,ETTm1,patchtst_ext,bias_ema,simple,0.0,96,3,patchtst_ext,48752,1.4103946685791016
d8a03da2a822,ETTm1,patchtst_ext,cosa,external_tta,0.0,96,3,patchtst_ext,48752,0.9381886124610901
35a410a0c433,ETTm1,patchtst_ext,cosa_tuned,external_tta,0.0,96,3,patchtst_ext,48752,1.2563492059707642
3e8738e12333,ETTm1,patchtst_ext,dynatta,external_tta,0.0,96,3,patchtst_ext,48752,0.6740975975990295
82dc149abce1,ETTm1,patchtst_ext,elf_linear,elf,0.0,96,3,patchtst_ext,48752,0.5193876028060913
16c464946465,ETTm1,patchtst_ext,elf_mix,elf,0.0,96,3,patchtst_ext,48752,0.58321613073349
65c8b7be4416,ETTm1,patchtst_ext,frozen,frozen,0.0,96,3,patchtst_ext,48752,1.6676280498504639
c21caacea845,ETTm1,patchtst_ext,gd_calib_sgd0.0001,gd,0.0,96,3,patchtst_ext,48752,1.3302083015441895
a46b3b158008,ETTm1,patchtst_ext,gd_calib_sgd0.001,gd,0.0,96,3,patchtst_ext,48752,1.2866004705429077
fb41784c43a8,ETTm1,patchtst_ext,gd_calib_sgd0.01,gd,0.0,96,3,patchtst_ext,48752,1.271183729171753
3a3479bdcb64,ETTm1,patchtst_ext,gd_calib_sgd0.1,gd,0.0,96,3,patchtst_ext,48752,
59cb712471e1,ETTm1,patchtst_ext,gd_feat_adam0.01,gd,0.0,96,3,patchtst_ext,48752,1.077313780784607
79725b32b255,ETTm1,patchtst_ext,gd_feat_sgd0.0001,gd,0.0,96,3,patchtst_ext,48752,0.7591851949691772
42b561be3e5c,ETTm1,patchtst_ext,gd_feat_sgd0.001,gd,0.0,96,3,patchtst_ext,48752,0.7583480477333069
3f7b5b913eab,ETTm1,patchtst_ext,gd_feat_sgd0.01,gd,0.0,96,3,patchtst_ext,48752,1.078209638595581
f28c29e328d8,ETTm1,patchtst_ext,gd_feat_sgd0.1,gd,0.0,96,3,patchtst_ext,48752,
a3b8aafab304,ETTm1,patchtst_ext,gd_feat_sgddec0.001,gd,0.0,96,3,patchtst_ext,48752,0.7198200821876526
738bdd96f756,ETTm1,patchtst_ext,gd_feat_sgddec0.01,gd,0.0,96,3,patchtst_ext,48752,0.8145474791526794
b566c31dd2b7,ETTm1,patchtst_ext,gd_feat_sgddec0.1,gd,0.0,96,3,patchtst_ext,48752,
6a68f70e1fce,ETTm1,patchtst_ext,naive,naive,0.0,96,3,patchtst_ext,48752,1.8006867170333862
90615d04818d,ETTm1,patchtst_ext,nlms_feat,classic,0.0,96,3,patchtst_ext,48752,1.2433815002441406
8d43aeb380bc,ETTm1,patchtst_ext,nlms_feat_mu0.02,classic,0.0,96,3,patchtst_ext,48752,0.8184375166893005
c20fcf2ac2f7,ETTm1,patchtst_ext,nlms_feat_mu0.05,classic,0.0,96,3,patchtst_ext,48752,0.9755669832229614
59c217a5ce13,ETTm1,patchtst_ext,nlms_feat_mu0.3,classic,0.0,96,3,patchtst_ext,48752,1.8237110376358032
7e7241339d51,ETTm1,patchtst_ext,petsa,external_tta,0.0,96,3,patchtst_ext,48752,1.576203465461731
a4ccfed879a9,ETTm1,patchtst_ext,rls_bank_dftl,rls_ablation,0.0,96,3,patchtst_ext,48752,0.860722541809082
a5e8417817bc,ETTm1,patchtst_ext,rls_bank_ftl,rls_ablation,0.0,96,3,patchtst_ext,48752,0.8615319728851318
3cd8224f62ce,ETTm1,patchtst_ext,rls_bank_med,rls,0.0,96,3,patchtst_ext,48752,0.6837305426597595
69acb7fdf421,ETTm1,patchtst_ext,rls_bank_med_noclip,rls_ablation,0.0,96,3,patchtst_ext,48752,0.6837306022644043
7c7b7d38d2ba,ETTm1,patchtst_ext,rls_calib,rls,0.0,96,3,patchtst_ext,48752,1.2823463678359985
36bee6c27e5c,ETTm1,patchtst_ext,rls_feat,rls,0.0,96,3,patchtst_ext,48752,0.6922374367713928
bbf5bd0c53cd,ETTm1,patchtst_ext,rls_feat_l0.99,rls_sweep,0.0,96,3,patchtst_ext,48752,0.8615753650665283
5d26ce80eca5,ETTm1,patchtst_ext,rls_feat_l0.995,rls_sweep,0.0,96,3,patchtst_ext,48752,0.7653670310974121
8fb67ce01119,ETTm1,patchtst_ext,rls_feat_l0.9995,rls_sweep,0.0,96,3,patchtst_ext,48752,0.689732015132904
efd84e8816ff,ETTm1,patchtst_ext,rls_feat_l0.9999,rls_sweep,0.0,96,3,patchtst_ext,48752,0.7020585536956787
b01bc8c5129d,ETTm1,patchtst_ext,rls_feat_l1,rls_sweep,0.0,96,3,patchtst_ext,48752,0.710827112197876
06f0432d08e6,ETTm1,patchtst_ext,rls_feat_noclip,rls_ablation,0.0,96,3,patchtst_ext,48752,0.6922374367713928
1d9c361d5393,ETTm1,patchtst_ext,snaive,naive,0.0,96,3,patchtst_ext,48752,0.9632740616798401
e9af965298f4,ETTm1,patchtst_ext,tafas,external_tta,0.0,96,3,patchtst_ext,48752,1.4647802114486694
d035f81a17b4,ETTm1,patchtst_ext,tafas_tuned,external_tta,0.0,96,3,patchtst_ext,48752,1.4655790328979492
c5a44af9813a,ETTm1,patchtst_ext,elf_linear,elf,1.0,1,3,patchtst_ext,48752,0.5120382905006409
557e5c01a5b7,ETTm1,patchtst_ext,elf_mix,elf,1.0,1,3,patchtst_ext,48752,0.5339169502258301
6592ee93748c,ETTm1,patchtst_ext,bias_ema,simple,1.0,24,3,patchtst_ext,48752,2.796346426010132
43c23a6b3ef8,ETTm1,patchtst_ext,cosa,external_tta,1.0,24,3,patchtst_ext,48752,1.038343906402588
145e8059b14b,ETTm1,patchtst_ext,dynatta,external_tta,1.0,24,3,patchtst_ext,48752,0.6255258321762085
03f930a38f17,ETTm1,patchtst_ext,elf_linear,elf,1.0,24,3,patchtst_ext,48752,0.5148970484733582
bde2cc240a9e,ETTm1,patchtst_ext,elf_mix,elf,1.0,24,3,patchtst_ext,48752,0.5622063279151917
1e59fc1cfc08,ETTm1,patchtst_ext,frozen,external_tta,1.0,24,3,patchtst_ext,48752,1.4969700574874878
9b5253aaa4be,ETTm1,patchtst_ext,frozen,frozen,1.0,24,3,patchtst_ext,48752,1.4969700574874878
60cb7fdd2926,ETTm1,patchtst_ext,gd_calib_sgd0.0001,gd,1.0,24,3,patchtst_ext,48752,1.3232126235961914
539d84e753e3,ETTm1,patchtst_ext,gd_calib_sgd0.001,gd,1.0,24,3,patchtst_ext,48752,1.3571107387542725
f4ac6c57645a,ETTm1,patchtst_ext,gd_calib_sgd0.01,gd,1.0,24,3,patchtst_ext,48752,2.270383596420288
56b045f35a8e,ETTm1,patchtst_ext,gd_calib_sgd0.1,gd,1.0,24,3,patchtst_ext,48752,
33b1eb4e8187,ETTm1,patchtst_ext,gd_feat_adam0.01,gd,1.0,24,3,patchtst_ext,48752,0.9494165182113647
13bb240ce402,ETTm1,patchtst_ext,gd_feat_sgd0.0001,gd,1.0,24,3,patchtst_ext,48752,0.7172825336456299
43bc04b54529,ETTm1,patchtst_ext,gd_feat_sgd0.001,gd,1.0,24,3,patchtst_ext,48752,0.7231850028038025
92f8fc49d429,ETTm1,patchtst_ext,gd_feat_sgd0.01,gd,1.0,24,3,patchtst_ext,48752,1.1009844541549683
b3cff7d0caf9,ETTm1,patchtst_ext,gd_feat_sgd0.1,gd,1.0,24,3,patchtst_ext,48752,
e41ab759e6c4,ETTm1,patchtst_ext,gd_feat_sgddec0.001,gd,1.0,24,3,patchtst_ext,48752,0.6867671012878418
47747b208430,ETTm1,patchtst_ext,gd_feat_sgddec0.01,gd,1.0,24,3,patchtst_ext,48752,0.7862894535064697
5a1dbc200704,ETTm1,patchtst_ext,gd_feat_sgddec0.1,gd,1.0,24,3,patchtst_ext,48752,
32dbaa8a4bcb,ETTm1,patchtst_ext,naive,naive,1.0,24,3,patchtst_ext,48752,1.8006871938705444
c659f963df5d,ETTm1,patchtst_ext,nlms_feat,classic,1.0,24,3,patchtst_ext,48752,1.3630237579345703
203b75cf27db,ETTm1,patchtst_ext,nlms_feat_mu0.02,classic,1.0,24,3,patchtst_ext,48752,0.7786141633987427
c6a97f9c86cd,ETTm1,patchtst_ext,nlms_feat_mu0.05,classic,1.0,24,3,patchtst_ext,48752,0.9740033149719238
7b8283727677,ETTm1,patchtst_ext,nlms_feat_mu0.3,classic,1.0,24,3,patchtst_ext,48752,2.5676136016845703
97f84fc0d16d,ETTm1,patchtst_ext,petsa,external_tta,1.0,24,3,patchtst_ext,48752,1.4969803094863892
64cd2859a8d8,ETTm1,patchtst_ext,rls_bank_dftl,rls_ablation,1.0,24,3,patchtst_ext,48752,0.8211907148361206
5c8a02218647,ETTm1,patchtst_ext,rls_bank_ftl,rls_ablation,1.0,24,3,patchtst_ext,48752,0.8216238617897034
e8ded0861eed,ETTm1,patchtst_ext,rls_bank_med,rls,1.0,24,3,patchtst_ext,48752,0.6542637944221497
198d40e2e1e9,ETTm1,patchtst_ext,rls_bank_med_noclip,rls_ablation,1.0,24,3,patchtst_ext,48752,0.6542637944221497
14e04414212c,ETTm1,patchtst_ext,rls_calib,rls,1.0,24,3,patchtst_ext,48752,1.2975660562515259
9b9cfe8f8954,ETTm1,patchtst_ext,rls_feat,rls,1.0,24,3,patchtst_ext,48752,0.6605738401412964
be9d440ae07c,ETTm1,patchtst_ext,rls_feat_l0.99,rls_sweep,1.0,24,3,patchtst_ext,48752,0.8216363191604614
89de724e77b4,ETTm1,patchtst_ext,rls_feat_l0.995,rls_sweep,1.0,24,3,patchtst_ext,48752,0.7151415348052979
5c1439f9343a,ETTm1,patchtst_ext,rls_feat_l0.9995,rls_sweep,1.0,24,3,patchtst_ext,48752,0.6610419750213623
24cd9221280a,ETTm1,patchtst_ext,rls_feat_l0.9999,rls_sweep,1.0,24,3,patchtst_ext,48752,0.6711019277572632
d4dc1cb5e7b1,ETTm1,patchtst_ext,rls_feat_l1,rls_sweep,1.0,24,3,patchtst_ext,48752,0.6772311925888062
f25732b6c9e4,ETTm1,patchtst_ext,rls_feat_noclip,rls_ablation,1.0,24,3,patchtst_ext,48752,0.6605738401412964
2146ef937f18,ETTm1,patchtst_ext,snaive,naive,1.0,24,3,patchtst_ext,48752,0.9632731676101685
deef07dc6b31,ETTm1,patchtst_ext,tafas,external_tta,1.0,24,3,patchtst_ext,48752,1.4168815612792969
f8676b0650b0,ETTm1,patchtst_ext,bias_ema,simple,1.0,48,3,patchtst_ext,48752,2.5457544326782227
eab7b8a4c4e8,ETTm1,patchtst_ext,cosa,external_tta,1.0,48,3,patchtst_ext,48752,0.9061875343322754
37e250f0ea69,ETTm1,patchtst_ext,elf_linear,elf,1.0,48,3,patchtst_ext,48752,0.5158725380897522
1ce3d8048861,ETTm1,patchtst_ext,elf_mix,elf,1.0,48,3,patchtst_ext,48752,0.5681076645851135
636dbb35dc51,ETTm1,patchtst_ext,frozen,frozen,1.0,48,3,patchtst_ext,48752,1.4969700574874878
6b8bc8cdb1de,ETTm1,patchtst_ext,gd_calib_sgd0.0001,gd,1.0,48,3,patchtst_ext,48752,1.3176259994506836
5433b20517b8,ETTm1,patchtst_ext,gd_calib_sgd0.001,gd,1.0,48,3,patchtst_ext,48752,1.3048218488693237
967206107976,ETTm1,patchtst_ext,gd_calib_sgd0.01,gd,1.0,48,3,patchtst_ext,48752,2.051562547683716
8cf51b4cb480,ETTm1,patchtst_ext,gd_calib_sgd0.1,gd,1.0,48,3,patchtst_ext,48752,
b731fbcc5b91,ETTm1,patchtst_ext,gd_feat_adam0.01,gd,1.0,48,3,patchtst_ext,48752,0.9850926399230957
3edbf8c68221,ETTm1,patchtst_ext,gd_feat_sgd0.0001,gd,1.0,48,3,patchtst_ext,48752,0.717579185962677
b4e3f9284356,ETTm1,patchtst_ext,gd_feat_sgd0.001,gd,1.0,48,3,patchtst_ext,48752,0.7231451869010925
a07dd2a88156,ETTm1,patchtst_ext,gd_feat_sgd0.01,gd,1.0,48,3,patchtst_ext,48752,1.1008836030960083
21abf71d7256,ETTm1,patchtst_ext,gd_feat_sgd0.1,gd,1.0,48,3,patchtst_ext,48752,
6e2d1420e327,ETTm1,patchtst_ext,gd_feat_sgddec0.001,gd,1.0,48,3,patchtst_ext,48752,0.6872220635414124
f6069210a622,ETTm1,patchtst_ext,gd_feat_sgddec0.01,gd,1.0,48,3,patchtst_ext,48752,0.7858638763427734
754d487f2fdd,ETTm1,patchtst_ext,gd_feat_sgddec0.1,gd,1.0,48,3,patchtst_ext,48752,
d5ee7e9615c6,ETTm1,patchtst_ext,naive,naive,1.0,48,3,patchtst_ext,48752,1.8006871938705444
3f6c2f9d77be,ETTm1,patchtst_ext,nlms_feat,classic,1.0,48,3,patchtst_ext,48752,1.2966941595077515
56ab0926382e,ETTm1,patchtst_ext,nlms_feat_mu0.02,classic,1.0,48,3,patchtst_ext,48752,0.7620280981063843
df3f1ffec8e4,ETTm1,patchtst_ext,nlms_feat_mu0.05,classic,1.0,48,3,patchtst_ext,48752,0.9406999945640564
72d5c6656763,ETTm1,patchtst_ext,nlms_feat_mu0.3,classic,1.0,48,3,patchtst_ext,48752,2.4484777450561523
815338f9547c,ETTm1,patchtst_ext,rls_bank_dftl,rls_ablation,1.0,48,3,patchtst_ext,48752,0.8309170603752136
45284fe79533,ETTm1,patchtst_ext,rls_bank_ftl,rls_ablation,1.0,48,3,patchtst_ext,48752,0.8312376737594604
ab9f67b88956,ETTm1,patchtst_ext,rls_bank_med,rls,1.0,48,3,patchtst_ext,48752,0.6580727696418762
3f69f796a54e,ETTm1,patchtst_ext,rls_bank_med_noclip,rls_ablation,1.0,48,3,patchtst_ext,48752,0.6580727696418762
babb106b1d06,ETTm1,patchtst_ext,rls_calib,rls,1.0,48,3,patchtst_ext,48752,1.278356671333313
dc37c31a53f3,ETTm1,patchtst_ext,rls_feat,rls,1.0,48,3,patchtst_ext,48752,0.6654064655303955
5260d75799c6,ETTm1,patchtst_ext,rls_feat_l0.99,rls_sweep,1.0,48,3,patchtst_ext,48752,0.8312612771987915
d8d520b97bea,ETTm1,patchtst_ext,rls_feat_l0.995,rls_sweep,1.0,48,3,patchtst_ext,48752,0.7287918329238892
21f6f84b962f,ETTm1,patchtst_ext,rls_feat_l0.9995,rls_sweep,1.0,48,3,patchtst_ext,48752,0.6636610627174377
ec096df595b3,ETTm1,patchtst_ext,rls_feat_l0.9999,rls_sweep,1.0,48,3,patchtst_ext,48752,0.6719160676002502
bdb2424c7957,ETTm1,patchtst_ext,rls_feat_l1,rls_sweep,1.0,48,3,patchtst_ext,48752,0.6777251958847046
9bf7b6026cf9,ETTm1,patchtst_ext,rls_feat_noclip,rls_ablation,1.0,48,3,patchtst_ext,48752,0.6654064655303955
f602e3946675,ETTm1,patchtst_ext,snaive,naive,1.0,48,3,patchtst_ext,48752,0.9632731676101685
c8a20605e01a,ETTm1,patchtst_ext,tafas,external_tta,1.0,48,3,patchtst_ext,48752,1.4170114994049072
373806e7b0ba,ETTm1,patchtst_ext,bias_ema,simple,1.0,96,3,patchtst_ext,48752,1.2353928089141846
3d0105c0467d,ETTm1,patchtst_ext,cosa,external_tta,1.0,96,3,patchtst_ext,48752,0.9315338134765625
1b7a99f52f61,ETTm1,patchtst_ext,elf_linear,elf,1.0,96,3,patchtst_ext,48752,0.5193876028060913
6b380e2445d8,ETTm1,patchtst_ext,elf_mix,elf,1.0,96,3,patchtst_ext,48752,0.5801385045051575
081edddef0b1,ETTm1,patchtst_ext,frozen,frozen,1.0,96,3,patchtst_ext,48752,1.4969700574874878
8a1f64957e4e,ETTm1,patchtst_ext,gd_calib_sgd0.0001,gd,1.0,96,3,patchtst_ext,48752,1.3168565034866333
4d59a154ceff,ETTm1,patchtst_ext,gd_calib_sgd0.001,gd,1.0,96,3,patchtst_ext,48752,1.280281662940979
74b156780455,ETTm1,patchtst_ext,gd_calib_sgd0.01,gd,1.0,96,3,patchtst_ext,48752,1.3208743333816528
15fa3dba0a7d,ETTm1,patchtst_ext,gd_calib_sgd0.1,gd,1.0,96,3,patchtst_ext,48752,
40029f9b89a7,ETTm1,patchtst_ext,gd_feat_adam0.01,gd,1.0,96,3,patchtst_ext,48752,1.0772790908813477
fa6d1b35bc72,ETTm1,patchtst_ext,gd_feat_sgd0.0001,gd,1.0,96,3,patchtst_ext,48752,0.7193792462348938
05c1631fd1a9,ETTm1,patchtst_ext,gd_feat_sgd0.001,gd,1.0,96,3,patchtst_ext,48752,0.7321100234985352
1f1fb3252897,ETTm1,patchtst_ext,gd_feat_sgd0.01,gd,1.0,96,3,patchtst_ext,48752,1.0635815858840942
8fd0dc21d98b,ETTm1,patchtst_ext,gd_feat_sgd0.1,gd,1.0,96,3,patchtst_ext,48752,
fd41a3595664,ETTm1,patchtst_ext,gd_feat_sgddec0.001,gd,1.0,96,3,patchtst_ext,48752,0.6903291344642639
a61d79c128d4,ETTm1,patchtst_ext,gd_feat_sgddec0.01,gd,1.0,96,3,patchtst_ext,48752,0.7921044230461121
ddd32ba405b4,ETTm1,patchtst_ext,gd_feat_sgddec0.1,gd,1.0,96,3,patchtst_ext,48752,
007b5535b1b8,ETTm1,patchtst_ext,naive,naive,1.0,96,3,patchtst_ext,48752,1.8006871938705444
6b0c4223945c,ETTm1,patchtst_ext,nlms_feat,classic,1.0,96,3,patchtst_ext,48752,1.2160582542419434
f6743cb70ff7,ETTm1,patchtst_ext,nlms_feat_mu0.02,classic,1.0,96,3,patchtst_ext,48752,0.7732566595077515
03ea50164560,ETTm1,patchtst_ext,nlms_feat_mu0.05,classic,1.0,96,3,patchtst_ext,48752,0.9392625093460083
1c888c538bec,ETTm1,patchtst_ext,nlms_feat_mu0.3,classic,1.0,96,3,patchtst_ext,48752,1.8294703960418701
b2da5af9a4c6,ETTm1,patchtst_ext,rls_bank_dftl,rls_ablation,1.0,96,3,patchtst_ext,48752,0.8585377931594849
2eb27bbbc4d2,ETTm1,patchtst_ext,rls_bank_ftl,rls_ablation,1.0,96,3,patchtst_ext,48752,0.8594450354576111
ce5322f31533,ETTm1,patchtst_ext,rls_bank_med,rls,1.0,96,3,patchtst_ext,48752,0.6645219922065735
4029a6c323b8,ETTm1,patchtst_ext,rls_bank_med_noclip,rls_ablation,1.0,96,3,patchtst_ext,48752,0.6645219922065735
ab6f2d63369d,ETTm1,patchtst_ext,rls_calib,rls,1.0,96,3,patchtst_ext,48752,1.2779467105865479
5c9ec2ca08cf,ETTm1,patchtst_ext,rls_feat,rls,1.0,96,3,patchtst_ext,48752,0.6746614575386047
13e4443b4f2d,ETTm1,patchtst_ext,rls_feat_l0.99,rls_sweep,1.0,96,3,patchtst_ext,48752,0.8594881892204285
815c8b044ea6,ETTm1,patchtst_ext,rls_feat_l0.995,rls_sweep,1.0,96,3,patchtst_ext,48752,0.752435564994812
d85506123a2a,ETTm1,patchtst_ext,rls_feat_l0.9995,rls_sweep,1.0,96,3,patchtst_ext,48752,0.6692541241645813
e34dda46a986,ETTm1,patchtst_ext,rls_feat_l0.9999,rls_sweep,1.0,96,3,patchtst_ext,48752,0.6742500066757202
647158a8dc92,ETTm1,patchtst_ext,rls_feat_l1,rls_sweep,1.0,96,3,patchtst_ext,48752,0.6793849468231201
cb2f2d6410ac,ETTm1,patchtst_ext,rls_feat_noclip,rls_ablation,1.0,96,3,patchtst_ext,48752,0.6746614575386047
076c584dcdec,ETTm1,patchtst_ext,snaive,naive,1.0,96,3,patchtst_ext,48752,0.9632731676101685
e1998f6a54cc,ETTm1,patchtst_ext,tafas,external_tta,1.0,96,3,patchtst_ext,48752,1.4181321859359741
5468397559a4,ETTm1,patchtst_ext,elf_linear,elf,2.0,1,3,patchtst_ext,48752,0.5120382905006409
535e47b59727,ETTm1,patchtst_ext,elf_mix,elf,2.0,1,3,patchtst_ext,48752,0.5331333875656128
5486afd2a5ad,ETTm1,patchtst_ext,bias_ema,simple,2.0,24,3,patchtst_ext,48752,2.5752220153808594
b17c83f8a5a5,ETTm1,patchtst_ext,cosa,external_tta,2.0,24,3,patchtst_ext,48752,1.0005733966827393
2f4078b923e6,ETTm1,patchtst_ext,dynatta,external_tta,2.0,24,3,patchtst_ext,48752,0.6061342358589172
a91a02ee34bf,ETTm1,patchtst_ext,elf_linear,elf,2.0,24,3,patchtst_ext,48752,0.5148970484733582
cfc155c800bd,ETTm1,patchtst_ext,elf_mix,elf,2.0,24,3,patchtst_ext,48752,0.55991131067276
0eb120012249,ETTm1,patchtst_ext,frozen,frozen,2.0,24,3,patchtst_ext,48752,1.4067966938018799
8f36319debce,ETTm1,patchtst_ext,frozen,external_tta,2.0,24,3,patchtst_ext,48752,1.4067966938018799
46de6a36d4e6,ETTm1,patchtst_ext,gd_calib_sgd0.0001,gd,2.0,24,3,patchtst_ext,48752,1.2401959896087646
ac2f5d0e0756,ETTm1,patchtst_ext,gd_calib_sgd0.001,gd,2.0,24,3,patchtst_ext,48752,1.2713524103164673
0a27a75109e9,ETTm1,patchtst_ext,gd_calib_sgd0.01,gd,2.0,24,3,patchtst_ext,48752,2.0026471614837646
1433286930f1,ETTm1,patchtst_ext,gd_calib_sgd0.1,gd,2.0,24,3,patchtst_ext,48752,
d00554e80a37,ETTm1,patchtst_ext,gd_feat_adam0.01,gd,2.0,24,3,patchtst_ext,48752,0.9434234499931335
58dae85c042e,ETTm1,patchtst_ext,gd_feat_sgd0.0001,gd,2.0,24,3,patchtst_ext,48752,0.7233580946922302
c4bdc696ae8f,ETTm1,patchtst_ext,gd_feat_sgd0.001,gd,2.0,24,3,patchtst_ext,48752,0.7304959297180176
f5d6c6bc5ae7,ETTm1,patchtst_ext,gd_feat_sgd0.01,gd,2.0,24,3,patchtst_ext,48752,1.0855380296707153
8f55475987e2,ETTm1,patchtst_ext,gd_feat_sgd0.1,gd,2.0,24,3,patchtst_ext,48752,
c3b6f9352584,ETTm1,patchtst_ext,gd_feat_sgddec0.001,gd,2.0,24,3,patchtst_ext,48752,0.692902147769928
6a3cd28bd1a2,ETTm1,patchtst_ext,gd_feat_sgddec0.01,gd,2.0,24,3,patchtst_ext,48752,0.7937881946563721
dd8527a0d0fb,ETTm1,patchtst_ext,gd_feat_sgddec0.1,gd,2.0,24,3,patchtst_ext,48752,
da05682a3fcf,ETTm1,patchtst_ext,naive,naive,2.0,24,3,patchtst_ext,48752,1.8006871938705444
0dbf1e028d64,ETTm1,patchtst_ext,nlms_feat,classic,2.0,24,3,patchtst_ext,48752,1.350692629814148
11a28e58e757,ETTm1,patchtst_ext,nlms_feat_mu0.02,classic,2.0,24,3,patchtst_ext,48752,0.7870927453041077
05738093ce26,ETTm1,patchtst_ext,nlms_feat_mu0.05,classic,2.0,24,3,patchtst_ext,48752,0.9758611917495728
98fdf5a7915f,ETTm1,patchtst_ext,nlms_feat_mu0.3,classic,2.0,24,3,patchtst_ext,48752,2.5434749126434326
1b0d14c253ee,ETTm1,patchtst_ext,petsa,external_tta,2.0,24,3,patchtst_ext,48752,1.4103232622146606
4b05a4ca68ec,ETTm1,patchtst_ext,rls_bank_dftl,rls_ablation,2.0,24,3,patchtst_ext,48752,0.8201261758804321
ad2a0f7be58e,ETTm1,patchtst_ext,rls_bank_ftl,rls_ablation,2.0,24,3,patchtst_ext,48752,0.8201159238815308
315b222d6c7f,ETTm1,patchtst_ext,rls_bank_med,rls,2.0,24,3,patchtst_ext,48752,0.656869649887085
dd2394816a32,ETTm1,patchtst_ext,rls_bank_med_noclip,rls_ablation,2.0,24,3,patchtst_ext,48752,0.656869649887085
9e1f91911453,ETTm1,patchtst_ext,rls_calib,rls,2.0,24,3,patchtst_ext,48752,1.2166413068771362
2c4baeb54719,ETTm1,patchtst_ext,rls_feat,rls,2.0,24,3,patchtst_ext,48752,0.6630906462669373
d220e62e30b7,ETTm1,patchtst_ext,rls_feat_l0.99,rls_sweep,2.0,24,3,patchtst_ext,48752,0.8201301097869873
5acaff704d63,ETTm1,patchtst_ext,rls_feat_l0.995,rls_sweep,2.0,24,3,patchtst_ext,48752,0.7167738676071167
eb9c8801eeb3,ETTm1,patchtst_ext,rls_feat_l0.9995,rls_sweep,2.0,24,3,patchtst_ext,48752,0.664151132106781
ebb574707285,ETTm1,patchtst_ext,rls_feat_l0.9999,rls_sweep,2.0,24,3,patchtst_ext,48752,0.6756447553634644
6ed110809527,ETTm1,patchtst_ext,rls_feat_l1,rls_sweep,2.0,24,3,patchtst_ext,48752,0.6825417876243591
9428b2769747,ETTm1,patchtst_ext,rls_feat_noclip,rls_ablation,2.0,24,3,patchtst_ext,48752,0.6630906462669373
7f7b3466e6b3,ETTm1,patchtst_ext,snaive,naive,2.0,24,3,patchtst_ext,48752,0.9632731676101685
14f6461ccf03,ETTm1,patchtst_ext,tafas,external_tta,2.0,24,3,patchtst_ext,48752,1.3256349563598633
c29ab6b28072,ETTm1,patchtst_ext,bias_ema,simple,2.0,48,3,patchtst_ext,48752,2.342374563217163
0c5fe1f84a01,ETTm1,patchtst_ext,cosa,external_tta,2.0,48,3,patchtst_ext,48752,0.8815704584121704
e6cef870c77c,ETTm1,patchtst_ext,elf_linear,elf,2.0,48,3,patchtst_ext,48752,0.5158725380897522
f559efb7e10c,ETTm1,patchtst_ext,elf_mix,elf,2.0,48,3,patchtst_ext,48752,0.565945029258728
f7fd8fde1081,ETTm1,patchtst_ext,frozen,frozen,2.0,48,3,patchtst_ext,48752,1.4067966938018799
68745ac5f544,ETTm1,patchtst_ext,gd_calib_sgd0.0001,gd,2.0,48,3,patchtst_ext,48752,1.2348884344100952
e2af00d77387,ETTm1,patchtst_ext,gd_calib_sgd0.001,gd,2.0,48,3,patchtst_ext,48752,1.2226721048355103
1e835df2764a,ETTm1,patchtst_ext,gd_calib_sgd0.01,gd,2.0,48,3,patchtst_ext,48752,1.8665844202041626
9aad44c5b9b1,ETTm1,patchtst_ext,gd_calib_sgd0.1,gd,2.0,48,3,patchtst_ext,48752,
e1eb8bc0b3d8,ETTm1,patchtst_ext,gd_feat_adam0.01,gd,2.0,48,3,patchtst_ext,48752,0.9817397594451904
5963aaae7c7c,ETTm1,patchtst_ext,gd_feat_sgd0.0001,gd,2.0,48,3,patchtst_ext,48752,0.7235009074211121
0b6351b62bb8,ETTm1,patchtst_ext,gd_feat_sgd0.001,gd,2.0,48,3,patchtst_ext,48752,0.7301896810531616
cd64822d2277,ETTm1,patchtst_ext,gd_feat_sgd0.01,gd,2.0,48,3,patchtst_ext,48752,1.0860607624053955
701a947711f7,ETTm1,patchtst_ext,gd_feat_sgd0.1,gd,2.0,48,3,patchtst_ext,48752,
1b6529d4475f,ETTm1,patchtst_ext,gd_feat_sgddec0.001,gd,2.0,48,3,patchtst_ext,48752,0.6930736899375916
4423a92a6768,ETTm1,patchtst_ext,gd_feat_sgddec0.01,gd,2.0,48,3,patchtst_ext,48752,0.792839765548706
3c8f307a1367,ETTm1,patchtst_ext,gd_feat_sgddec0.1,gd,2.0,48,3,patchtst_ext,48752,
348735f68c6a,ETTm1,patchtst_ext,naive,naive,2.0,48,3,patchtst_ext,48752,1.8006871938705444
ee8452e74667,ETTm1,patchtst_ext,nlms_feat,classic,2.0,48,3,patchtst_ext,48752,1.2972182035446167
e74b9fb0ac68,ETTm1,patchtst_ext,nlms_feat_mu0.02,classic,2.0,48,3,patchtst_ext,48752,0.7686249613761902
4ece2bcb6aca,ETTm1,patchtst_ext,nlms_feat_mu0.05,classic,2.0,48,3,patchtst_ext,48752,0.9461677074432373
b786523ac8e9,ETTm1,patchtst_ext,nlms_feat_mu0.3,classic,2.0,48,3,patchtst_ext,48752,2.398106813430786
9f228828c941,ETTm1,patchtst_ext,rls_bank_dftl,rls_ablation,2.0,48,3,patchtst_ext,48752,0.8265084028244019
c2d06de507fb,ETTm1,patchtst_ext,rls_bank_ftl,rls_ablation,2.0,48,3,patchtst_ext,48752,0.8267640471458435
96aec4098739,ETTm1,patchtst_ext,rls_bank_med,rls,2.0,48,3,patchtst_ext,48752,0.660780131816864
cd6a7eb63a01,ETTm1,patchtst_ext,rls_bank_med_noclip,rls_ablation,2.0,48,3,patchtst_ext,48752,0.660780131816864
3de9b18d2da1,ETTm1,patchtst_ext,rls_calib,rls,2.0,48,3,patchtst_ext,48752,1.19769287109375
422f2b272c34,ETTm1,patchtst_ext,rls_feat,rls,2.0,48,3,patchtst_ext,48752,0.6677839756011963
b35a3912306d,ETTm1,patchtst_ext,rls_feat_l0.99,rls_sweep,2.0,48,3,patchtst_ext,48752,0.8267930150032043
e069231cc7a2,ETTm1,patchtst_ext,rls_feat_l0.995,rls_sweep,2.0,48,3,patchtst_ext,48752,0.7291601896286011
3afe249450e3,ETTm1,patchtst_ext,rls_feat_l0.9995,rls_sweep,2.0,48,3,patchtst_ext,48752,0.6667463183403015
e5caccaa1142,ETTm1,patchtst_ext,rls_feat_l0.9999,rls_sweep,2.0,48,3,patchtst_ext,48752,0.6764172911643982
da66cf5b6f12,ETTm1,patchtst_ext,rls_feat_l1,rls_sweep,2.0,48,3,patchtst_ext,48752,0.6829867362976074
360d66d6f9b0,ETTm1,patchtst_ext,rls_feat_noclip,rls_ablation,2.0,48,3,patchtst_ext,48752,0.6677839756011963
e05b704a15ab,ETTm1,patchtst_ext,snaive,naive,2.0,48,3,patchtst_ext,48752,0.9632731676101685
a7bfc3e8d8c4,ETTm1,patchtst_ext,tafas,external_tta,2.0,48,3,patchtst_ext,48752,1.3256951570510864
2d340cffa5b4,ETTm1,patchtst_ext,bias_ema,simple,2.0,96,3,patchtst_ext,48752,1.185670018196106
cee4063d403b,ETTm1,patchtst_ext,cosa,external_tta,2.0,96,3,patchtst_ext,48752,0.9106235504150391
531d7d487d75,ETTm1,patchtst_ext,elf_linear,elf,2.0,96,3,patchtst_ext,48752,0.5193876028060913
65b25ee2a3ac,ETTm1,patchtst_ext,elf_mix,elf,2.0,96,3,patchtst_ext,48752,0.5774245262145996
59a940be4eb9,ETTm1,patchtst_ext,frozen,frozen,2.0,96,3,patchtst_ext,48752,1.4067966938018799
08af20fb3964,ETTm1,patchtst_ext,gd_calib_sgd0.0001,gd,2.0,96,3,patchtst_ext,48752,1.2345366477966309
83a14d78c868,ETTm1,patchtst_ext,gd_calib_sgd0.001,gd,2.0,96,3,patchtst_ext,48752,1.2011127471923828
ee47a411116b,ETTm1,patchtst_ext,gd_calib_sgd0.01,gd,2.0,96,3,patchtst_ext,48752,1.2036184072494507
4ddc93d1267a,ETTm1,patchtst_ext,gd_calib_sgd0.1,gd,2.0,96,3,patchtst_ext,48752,
a7c40d0ddd9d,ETTm1,patchtst_ext,gd_feat_adam0.01,gd,2.0,96,3,patchtst_ext,48752,1.0666558742523193
749f4472fc2c,ETTm1,patchtst_ext,gd_feat_sgd0.0001,gd,2.0,96,3,patchtst_ext,48752,0.7249346375465393
d78a3e1b5c00,ETTm1,patchtst_ext,gd_feat_sgd0.001,gd,2.0,96,3,patchtst_ext,48752,0.7381463646888733
59684dc979aa,ETTm1,patchtst_ext,gd_feat_sgd0.01,gd,2.0,96,3,patchtst_ext,48752,1.0606187582015991
7f950a2709d2,ETTm1,patchtst_ext,gd_feat_sgd0.1,gd,2.0,96,3,patchtst_ext,48752,
bb72a0746d7e,ETTm1,patchtst_ext,gd_feat_sgddec0.001,gd,2.0,96,3,patchtst_ext,48752,0.6956984996795654
58ef632986b4,ETTm1,patchtst_ext,gd_feat_sgddec0.01,gd,2.0,96,3,patchtst_ext,48752,0.7978549599647522
9fbec439e755,ETTm1,patchtst_ext,gd_feat_sgddec0.1,gd,2.0,96,3,patchtst_ext,48752,
16886a2d5645,ETTm1,patchtst_ext,naive,naive,2.0,96,3,patchtst_ext,48752,1.8006871938705444
09bdce75091f,ETTm1,patchtst_ext,nlms_feat,classic,2.0,96,3,patchtst_ext,48752,1.2176182270050049
e1a5f9fcbb33,ETTm1,patchtst_ext,nlms_feat_mu0.02,classic,2.0,96,3,patchtst_ext,48752,0.7819713950157166
2abfb4d79956,ETTm1,patchtst_ext,nlms_feat_mu0.05,classic,2.0,96,3,patchtst_ext,48752,0.9457937479019165
76416b8008d6,ETTm1,patchtst_ext,nlms_feat_mu0.3,classic,2.0,96,3,patchtst_ext,48752,1.8094288110733032
59f743ae7e3f,ETTm1,patchtst_ext,rls_bank_dftl,rls_ablation,2.0,96,3,patchtst_ext,48752,0.8524371385574341
f09797b1ddbd,ETTm1,patchtst_ext,rls_bank_ftl,rls_ablation,2.0,96,3,patchtst_ext,48752,0.8536519408226013
314d686710f2,ETTm1,patchtst_ext,rls_bank_med,rls,2.0,96,3,patchtst_ext,48752,0.6669595241546631
a54a39f76c05,ETTm1,patchtst_ext,rls_bank_med_noclip,rls_ablation,2.0,96,3,patchtst_ext,48752,0.6669595241546631
b26cb43433ab,ETTm1,patchtst_ext,rls_calib,rls,2.0,96,3,patchtst_ext,48752,1.1980377435684204
350c649a06c2,ETTm1,patchtst_ext,rls_feat,rls,2.0,96,3,patchtst_ext,48752,0.6766736507415771
67b7f020b0d5,ETTm1,patchtst_ext,rls_feat_l0.99,rls_sweep,2.0,96,3,patchtst_ext,48752,0.8537005186080933
8778009dd885,ETTm1,patchtst_ext,rls_feat_l0.995,rls_sweep,2.0,96,3,patchtst_ext,48752,0.7500731945037842
9d7466afe2c6,ETTm1,patchtst_ext,rls_feat_l0.9995,rls_sweep,2.0,96,3,patchtst_ext,48752,0.6722012162208557
9bce6cd2dcc0,ETTm1,patchtst_ext,rls_feat_l0.9999,rls_sweep,2.0,96,3,patchtst_ext,48752,0.6786597371101379
ec89853a1d23,ETTm1,patchtst_ext,rls_feat_l1,rls_sweep,2.0,96,3,patchtst_ext,48752,0.6845483779907227
25f6493d84d8,ETTm1,patchtst_ext,rls_feat_noclip,rls_ablation,2.0,96,3,patchtst_ext,48752,0.6766736507415771
026e7f0d0b70,ETTm1,patchtst_ext,snaive,naive,2.0,96,3,patchtst_ext,48752,0.9632731676101685
3a3908732231,ETTm1,patchtst_ext,tafas,external_tta,2.0,96,3,patchtst_ext,48752,1.3259501457214355
7b6b76280769,electricity,dlinear,bias_ema,simple,0.0,1,3,,18389,6.274770736694336
a98a2df8d79f,electricity,dlinear,frozen,frozen,0.0,1,3,,18389,86.10086822509766
013bcd59f230,electricity,dlinear,gd_calib_sgd0.0001,gd,0.0,1,3,,18389,
1329bb4a8cee,electricity,dlinear,gd_calib_sgd0.001,gd,0.0,1,3,,18389,
e95300617802,electricity,dlinear,gd_calib_sgd0.01,gd,0.0,1,3,,18389,
424f5ddbf656,electricity,dlinear,gd_calib_sgd0.1,gd,0.0,1,3,,18389,
8a6f892a19df,electricity,dlinear,gd_feat_adam0.01,gd,0.0,1,3,,18389,8.9248628616333
6d9f6a695d8f,electricity,dlinear,gd_feat_sgd0.0001,gd,0.0,1,3,,18389,
02a4af114200,electricity,dlinear,gd_feat_sgd0.001,gd,0.0,1,3,,18389,
9713cf459281,electricity,dlinear,gd_feat_sgd0.01,gd,0.0,1,3,,18389,
9c9357b4556d,electricity,dlinear,gd_feat_sgd0.1,gd,0.0,1,3,,18389,
c3602b82db28,electricity,dlinear,gd_feat_sgddec0.001,gd,0.0,1,3,,18389,
d85baf1cf017,electricity,dlinear,gd_feat_sgddec0.01,gd,0.0,1,3,,18389,
c022371af066,electricity,dlinear,gd_feat_sgddec0.1,gd,0.0,1,3,,18389,
72826312f374,electricity,dlinear,naive,naive,0.0,1,3,,18389,71.83171844482422
82000e901a27,electricity,dlinear,nlms_feat,classic,0.0,1,3,,18389,7.401540756225586
29f733a47a17,electricity,dlinear,nlms_feat_mu0.02,classic,0.0,1,3,,18389,8.83898639678955
185f170fe82a,electricity,dlinear,nlms_feat_mu0.05,classic,0.0,1,3,,18389,7.900414943695068
2d36ee6d55ff,electricity,dlinear,nlms_feat_mu0.3,classic,0.0,1,3,,18389,6.570338249206543
1c1e1125ba87,electricity,dlinear,rls_bank_dftl,rls_ablation,0.0,1,3,,18389,4.645737648010254
3b006241b6bf,electricity,dlinear,rls_bank_ftl,rls_ablation,0.0,1,3,,18389,4.649997711181641
45cd89f15c95,electricity,dlinear,rls_bank_med,rls,0.0,1,3,,18389,5.741862773895264
db126f98a06e,electricity,dlinear,rls_bank_med_noclip,rls_ablation,0.0,1,3,,18389,5.7219767570495605
cfa27335d4fc,electricity,dlinear,rls_calib,rls,0.0,1,3,,18389,6.305351734161377
bd3a5091b93a,electricity,dlinear,rls_feat,rls,0.0,1,3,,18389,5.693811416625977
31a7d14e5f9a,electricity,dlinear,rls_feat_l0.99,rls_sweep,0.0,1,3,,18389,4.859779357910156
7d51e61eb24d,electricity,dlinear,rls_feat_l0.995,rls_sweep,0.0,1,3,,18389,21601.30859375
2312884f50a6,electricity,dlinear,rls_feat_l0.9995,rls_sweep,0.0,1,3,,18389,10317.6064453125
bc2ae38e2517,electricity,dlinear,rls_feat_l0.9999,rls_sweep,0.0,1,3,,18389,6.456671237945557
b755f827ac3b,electricity,dlinear,rls_feat_l1,rls_sweep,0.0,1,3,,18389,6.685657024383545
244d51df8a62,electricity,dlinear,rls_feat_noclip,rls_ablation,0.0,1,3,,18389,52179588.0
de98302a9350,electricity,dlinear,snaive,naive,0.0,1,3,,18389,6.45555305480957
183b243141f5,electricity,dlinear,bias_ema,simple,0.0,24,3,,18389,7.570241928100586
7daa1fed0aee,electricity,dlinear,frozen,frozen,0.0,24,3,,18389,86.10086822509766
cfd08efefc41,electricity,dlinear,gd_calib_sgd0.0001,gd,0.0,24,3,,18389,
a7b238b2d46e,electricity,dlinear,gd_calib_sgd0.001,gd,0.0,24,3,,18389,
719cb179eb7b,electricity,dlinear,gd_calib_sgd0.01,gd,0.0,24,3,,18389,
f3deb8de93e6,electricity,dlinear,gd_calib_sgd0.1,gd,0.0,24,3,,18389,
eef55b0bf2f4,electricity,dlinear,gd_feat_adam0.01,gd,0.0,24,3,,18389,10.422172546386719
5e23b88888e8,electricity,dlinear,gd_feat_sgd0.0001,gd,0.0,24,3,,18389,
a23e917ba095,electricity,dlinear,gd_feat_sgd0.001,gd,0.0,24,3,,18389,
8dceb2c22b8c,electricity,dlinear,gd_feat_sgd0.01,gd,0.0,24,3,,18389,
6e7ff866274d,electricity,dlinear,gd_feat_sgd0.1,gd,0.0,24,3,,18389,
2302cdcbd9f1,electricity,dlinear,gd_feat_sgddec0.001,gd,0.0,24,3,,18389,
17eac04265f6,electricity,dlinear,gd_feat_sgddec0.01,gd,0.0,24,3,,18389,
f5d7868bc816,electricity,dlinear,gd_feat_sgddec0.1,gd,0.0,24,3,,18389,
72ade254a1c1,electricity,dlinear,naive,naive,0.0,24,3,,18389,71.83171844482422
9793d57093b4,electricity,dlinear,nlms_feat,classic,0.0,24,3,,18389,10.20713996887207
2cf1c29fa419,electricity,dlinear,nlms_feat_mu0.02,classic,0.0,24,3,,18389,9.522640228271484
edfa02ade0e2,electricity,dlinear,nlms_feat_mu0.05,classic,0.0,24,3,,18389,9.539298057556152
170ffcb29dd8,electricity,dlinear,nlms_feat_mu0.3,classic,0.0,24,3,,18389,11.200194358825684
6eede2fd76c6,electricity,dlinear,rls_bank_dftl,rls_ablation,0.0,24,3,,18389,5.458045959472656
2307b519165f,electricity,dlinear,rls_bank_ftl,rls_ablation,0.0,24,3,,18389,5.460742473602295
4016c2a6278e,electricity,dlinear,rls_bank_med,rls,0.0,24,3,,18389,6.0358195304870605
9b7e3e780277,electricity,dlinear,rls_bank_med_noclip,rls_ablation,0.0,24,3,,18389,6.0198469161987305
4a73a1313f55,electricity,dlinear,rls_calib,rls,0.0,24,3,,18389,6.525873184204102
51b380698fb5,electricity,dlinear,rls_feat,rls,0.0,24,3,,18389,5.956103324890137
307f3d01675e,electricity,dlinear,rls_feat_l0.99,rls_sweep,0.0,24,3,,18389,5.659887790679932
35c4deb9be85,electricity,dlinear,rls_feat_l0.995,rls_sweep,0.0,24,3,,18389,10549.119140625
d281edb15840,electricity,dlinear,rls_feat_l0.9995,rls_sweep,0.0,24,3,,18389,6705.974609375
e168810adf1c,electricity,dlinear,rls_feat_l0.9999,rls_sweep,0.0,24,3,,18389,6.648748874664307
b7bc118951ed,electricity,dlinear,rls_feat_l1,rls_sweep,0.0,24,3,,18389,6.869243144989014
b2541907540d,electricity,dlinear,rls_feat_noclip,rls_ablation,0.0,24,3,,18389,53247140.0
d41a761225fc,electricity,dlinear,snaive,naive,0.0,24,3,,18389,6.45555305480957
a7b176e875f4,electricity,dlinear,bias_ema,simple,0.0,48,3,,18389,7.423859596252441
7e5127f2f56f,electricity,dlinear,frozen,frozen,0.0,48,3,,18389,86.10086822509766
aa32e4520b3e,electricity,dlinear,gd_calib_sgd0.0001,gd,0.0,48,3,,18389,
07f712e1f7d2,electricity,dlinear,gd_calib_sgd0.001,gd,0.0,48,3,,18389,
14f08cdbc539,electricity,dlinear,gd_calib_sgd0.01,gd,0.0,48,3,,18389,
17d07e5956ab,electricity,dlinear,gd_calib_sgd0.1,gd,0.0,48,3,,18389,
1b646db19223,electricity,dlinear,gd_feat_adam0.01,gd,0.0,48,3,,18389,10.719644546508789
8875fa9f1e02,electricity,dlinear,gd_feat_sgd0.0001,gd,0.0,48,3,,18389,
95052ddbdfb6,electricity,dlinear,gd_feat_sgd0.001,gd,0.0,48,3,,18389,
360cea886a00,electricity,dlinear,gd_feat_sgd0.01,gd,0.0,48,3,,18389,
e48404da6fba,electricity,dlinear,gd_feat_sgd0.1,gd,0.0,48,3,,18389,
2fac4e980c0d,electricity,dlinear,gd_feat_sgddec0.001,gd,0.0,48,3,,18389,
785521f672eb,electricity,dlinear,gd_feat_sgddec0.01,gd,0.0,48,3,,18389,
b7288103c672,electricity,dlinear,gd_feat_sgddec0.1,gd,0.0,48,3,,18389,
2ae0726581b0,electricity,dlinear,naive,naive,0.0,48,3,,18389,71.83171844482422
7728789c9227,electricity,dlinear,nlms_feat,classic,0.0,48,3,,18389,11.045974731445312
6125c186165e,electricity,dlinear,nlms_feat_mu0.02,classic,0.0,48,3,,18389,9.661930084228516
22b2dc233ccc,electricity,dlinear,nlms_feat_mu0.05,classic,0.0,48,3,,18389,9.91164493560791
5722193d6fc9,electricity,dlinear,nlms_feat_mu0.3,classic,0.0,48,3,,18389,13.325841903686523
7e8cc13376a7,electricity,dlinear,rls_bank_dftl,rls_ablation,0.0,48,3,,18389,5.624589920043945
4ce627252184,electricity,dlinear,rls_bank_ftl,rls_ablation,0.0,48,3,,18389,5.622631549835205
4be47ff600a3,electricity,dlinear,rls_bank_med,rls,0.0,48,3,,18389,6.155786514282227
69809ddeb00c,electricity,dlinear,rls_bank_med_noclip,rls_ablation,0.0,48,3,,18389,6.136322975158691
26a18c709a81,electricity,dlinear,rls_calib,rls,0.0,48,3,,18389,6.613303184509277
460810173268,electricity,dlinear,rls_feat,rls,0.0,48,3,,18389,6.060496807098389
0bb7bc3312bd,electricity,dlinear,rls_feat_l0.99,rls_sweep,0.0,48,3,,18389,5.808136463165283
ad19d273c07b,electricity,dlinear,rls_feat_l0.995,rls_sweep,0.0,48,3,,18389,10950.21484375
942035619a48,electricity,dlinear,rls_feat_l0.9995,rls_sweep,0.0,48,3,,18389,6970.041015625
c8d3de086489,electricity,dlinear,rls_feat_l0.9999,rls_sweep,0.0,48,3,,18389,6.735267162322998
8b9b2a2afdb6,electricity,dlinear,rls_feat_l1,rls_sweep,0.0,48,3,,18389,6.949805736541748
145d91f5f31c,electricity,dlinear,rls_feat_noclip,rls_ablation,0.0,48,3,,18389,63641996.0
b2cbd44992e3,electricity,dlinear,snaive,naive,0.0,48,3,,18389,6.45555305480957
1b469268a329,electricity,dlinear,bias_ema,simple,0.0,96,3,,18389,7.633321285247803
ada062cf6cfd,electricity,dlinear,frozen,frozen,0.0,96,3,,18389,86.10086822509766
36911aeeaae0,electricity,dlinear,gd_calib_sgd0.0001,gd,0.0,96,3,,18389,
9608763602a3,electricity,dlinear,gd_calib_sgd0.001,gd,0.0,96,3,,18389,
61c18735fb4d,electricity,dlinear,gd_calib_sgd0.01,gd,0.0,96,3,,18389,
00a655f23264,electricity,dlinear,gd_calib_sgd0.1,gd,0.0,96,3,,18389,
636fb1c7068e,electricity,dlinear,gd_feat_adam0.01,gd,0.0,96,3,,18389,10.380998611450195
4f364919491f,electricity,dlinear,gd_feat_sgd0.0001,gd,0.0,96,3,,18389,
3fc6990353c7,electricity,dlinear,gd_feat_sgd0.001,gd,0.0,96,3,,18389,
3151f5016c14,electricity,dlinear,gd_feat_sgd0.01,gd,0.0,96,3,,18389,
d920b6164466,electricity,dlinear,gd_feat_sgd0.1,gd,0.0,96,3,,18389,
063f550f99da,electricity,dlinear,gd_feat_sgddec0.001,gd,0.0,96,3,,18389,
82fa0a0f2ae4,electricity,dlinear,gd_feat_sgddec0.01,gd,0.0,96,3,,18389,
a57bf63dd113,electricity,dlinear,gd_feat_sgddec0.1,gd,0.0,96,3,,18389,
900d5e1f7f42,electricity,dlinear,naive,naive,0.0,96,3,,18389,71.83171844482422
13e3711d4492,electricity,dlinear,nlms_feat,classic,0.0,96,3,,18389,11.367837905883789
911f126bd6b3,electricity,dlinear,nlms_feat_mu0.02,classic,0.0,96,3,,18389,9.735593795776367
af77440d345b,electricity,dlinear,nlms_feat_mu0.05,classic,0.0,96,3,,18389,10.130940437316895
4e7ef1f49805,electricity,dlinear,nlms_feat_mu0.3,classic,0.0,96,3,,18389,14.075823783874512
91c8451c32d9,electricity,dlinear,rls_bank_dftl,rls_ablation,0.0,96,3,,18389,6.02878475189209
db8db70517c9,electricity,dlinear,rls_bank_ftl,rls_ablation,0.0,96,3,,18389,6.033444881439209
7bf20429b4ce,electricity,dlinear,rls_bank_med,rls,0.0,96,3,,18389,6.402605056762695
e1bf91e48f9c,electricity,dlinear,rls_bank_med_noclip,rls_ablation,0.0,96,3,,18389,6.3868255615234375
ca9281bba65a,electricity,dlinear,rls_calib,rls,0.0,96,3,,18389,6.892906188964844
818e8a48cf80,electricity,dlinear,rls_feat,rls,0.0,96,3,,18389,6.3265910148620605
9ede3b8fbc74,electricity,dlinear,rls_feat_l0.99,rls_sweep,0.0,96,3,,18389,6.221839427947998
2e6cd860c087,electricity,dlinear,rls_feat_l0.995,rls_sweep,0.0,96,3,,18389,9037.232421875
9f4d3b259135,electricity,dlinear,rls_feat_l0.9995,rls_sweep,0.0,96,3,,18389,7432.353515625
0ab4477f454e,electricity,dlinear,rls_feat_l0.9999,rls_sweep,0.0,96,3,,18389,6.9412970542907715
5e800f474e67,electricity,dlinear,rls_feat_l1,rls_sweep,0.0,96,3,,18389,7.152807235717773
0243e1a767a4,electricity,dlinear,rls_feat_noclip,rls_ablation,0.0,96,3,,18389,47790736.0
fa24904ce70c,electricity,dlinear,snaive,naive,0.0,96,3,,18389,6.45555305480957
315add8dfd2a,electricity,patchtst,bias_ema,simple,0.0,1,3,pt_d128l3h8p16s8ep20lr0.0001,18389,8.591235160827637
e3b620d1da74,electricity,patchtst,frozen,frozen,0.0,1,3,pt_d128l3h8p16s8ep20lr0.0001,18389,119.59877014160156
9913caf157f8,electricity,patchtst,gd_calib_sgd0.0001,gd,0.0,1,3,pt_d128l3h8p16s8ep20lr0.0001,18389,
6a9e59e1c1d4,electricity,patchtst,gd_calib_sgd0.001,gd,0.0,1,3,pt_d128l3h8p16s8ep20lr0.0001,18389,
270e9d3595ab,electricity,patchtst,gd_calib_sgd0.01,gd,0.0,1,3,pt_d128l3h8p16s8ep20lr0.0001,18389,
310f60bc7c8e,electricity,patchtst,gd_calib_sgd0.1,gd,0.0,1,3,pt_d128l3h8p16s8ep20lr0.0001,18389,
10ae04a5b48a,electricity,patchtst,gd_feat_adam0.01,gd,0.0,1,3,pt_d128l3h8p16s8ep20lr0.0001,18389,7.0412373542785645
0d6319ba4a7b,electricity,patchtst,gd_feat_sgd0.0001,gd,0.0,1,3,pt_d128l3h8p16s8ep20lr0.0001,18389,
1018b1cc9a25,electricity,patchtst,gd_feat_sgd0.001,gd,0.0,1,3,pt_d128l3h8p16s8ep20lr0.0001,18389,
4549d69b4cb4,electricity,patchtst,gd_feat_sgd0.01,gd,0.0,1,3,pt_d128l3h8p16s8ep20lr0.0001,18389,
61cee3101575,electricity,patchtst,gd_feat_sgd0.1,gd,0.0,1,3,pt_d128l3h8p16s8ep20lr0.0001,18389,
1c5899a59b8f,electricity,patchtst,gd_feat_sgddec0.001,gd,0.0,1,3,pt_d128l3h8p16s8ep20lr0.0001,18389,
1c0effc62446,electricity,patchtst,gd_feat_sgddec0.01,gd,0.0,1,3,pt_d128l3h8p16s8ep20lr0.0001,18389,
c626ec4cd380,electricity,patchtst,gd_feat_sgddec0.1,gd,0.0,1,3,pt_d128l3h8p16s8ep20lr0.0001,18389,
836a5a5e3a70,electricity,patchtst,naive,naive,0.0,1,3,pt_d128l3h8p16s8ep20lr0.0001,18389,71.83171844482422
408c9d14809b,electricity,patchtst,nlms_feat,classic,0.0,1,3,pt_d128l3h8p16s8ep20lr0.0001,18389,5.289462566375732
6609e644a398,electricity,patchtst,nlms_feat_mu0.02,classic,0.0,1,3,pt_d128l3h8p16s8ep20lr0.0001,18389,6.567882061004639
82d2251cc851,electricity,patchtst,nlms_feat_mu0.05,classic,0.0,1,3,pt_d128l3h8p16s8ep20lr0.0001,18389,5.737005710601807
6fbf5a5de286,electricity,patchtst,nlms_feat_mu0.3,classic,0.0,1,3,pt_d128l3h8p16s8ep20lr0.0001,18389,4.5325212478637695
3216fe58889d,electricity,patchtst,rls_bank_dftl,rls_ablation,0.0,1,3,pt_d128l3h8p16s8ep20lr0.0001,18389,4.697542190551758
be11aff8fbf9,electricity,patchtst,rls_bank_ftl,rls_ablation,0.0,1,3,pt_d128l3h8p16s8ep20lr0.0001,18389,4.691588878631592
fc99c3daa9f9,electricity,patchtst,rls_bank_med,rls,0.0,1,3,pt_d128l3h8p16s8ep20lr0.0001,18389,5.414985179901123
995b90cae0c0,electricity,patchtst,rls_bank_med_noclip,rls_ablation,0.0,1,3,pt_d128l3h8p16s8ep20lr0.0001,18389,5.311644077301025
068c7b4ce46b,electricity,patchtst,rls_calib,rls,0.0,1,3,pt_d128l3h8p16s8ep20lr0.0001,18389,5.804902076721191
765682474a2e,electricity,patchtst,rls_feat,rls,0.0,1,3,pt_d128l3h8p16s8ep20lr0.0001,18389,5.293586730957031
cc1637377b02,electricity,patchtst,rls_feat_l0.99,rls_sweep,0.0,1,3,pt_d128l3h8p16s8ep20lr0.0001,18389,12893.380859375
fc844de2ce81,electricity,patchtst,rls_feat_l0.995,rls_sweep,0.0,1,3,pt_d128l3h8p16s8ep20lr0.0001,18389,622760.0625
1414d67872d2,electricity,patchtst,rls_feat_l0.9995,rls_sweep,0.0,1,3,pt_d128l3h8p16s8ep20lr0.0001,18389,28.839994430541992
3f13d7611120,electricity,patchtst,rls_feat_l0.9999,rls_sweep,0.0,1,3,pt_d128l3h8p16s8ep20lr0.0001,18389,5.655575275421143
16b3dafb251c,electricity,patchtst,rls_feat_l1,rls_sweep,0.0,1,3,pt_d128l3h8p16s8ep20lr0.0001,18389,5.705938816070557
0042c76fd8df,electricity,patchtst,rls_feat_noclip,rls_ablation,0.0,1,3,pt_d128l3h8p16s8ep20lr0.0001,18389,11038691.0
90fe904f0ec0,electricity,patchtst,snaive,naive,0.0,1,3,pt_d128l3h8p16s8ep20lr0.0001,18389,6.45555305480957
cb0808e1c5be,electricity,patchtst,bias_ema,simple,0.0,24,3,pt_d128l3h8p16s8ep20lr0.0001,18389,9.482622146606445
05d7b11a038b,electricity,patchtst,frozen,frozen,0.0,24,3,pt_d128l3h8p16s8ep20lr0.0001,18389,119.59877014160156
9da45ab694dc,electricity,patchtst,gd_calib_sgd0.0001,gd,0.0,24,3,pt_d128l3h8p16s8ep20lr0.0001,18389,
5ceebddc916e,electricity,patchtst,gd_calib_sgd0.001,gd,0.0,24,3,pt_d128l3h8p16s8ep20lr0.0001,18389,
911fe0e67cf0,electricity,patchtst,gd_calib_sgd0.01,gd,0.0,24,3,pt_d128l3h8p16s8ep20lr0.0001,18389,
ed637ef55e63,electricity,patchtst,gd_calib_sgd0.1,gd,0.0,24,3,pt_d128l3h8p16s8ep20lr0.0001,18389,
01e5ae3dd546,electricity,patchtst,gd_feat_adam0.01,gd,0.0,24,3,pt_d128l3h8p16s8ep20lr0.0001,18389,7.907759666442871
051dfcce49da,electricity,patchtst,gd_feat_sgd0.0001,gd,0.0,24,3,pt_d128l3h8p16s8ep20lr0.0001,18389,
4fb48a6957fb,electricity,patchtst,gd_feat_sgd0.001,gd,0.0,24,3,pt_d128l3h8p16s8ep20lr0.0001,18389,
affa7c4ca8c0,electricity,patchtst,gd_feat_sgd0.01,gd,0.0,24,3,pt_d128l3h8p16s8ep20lr0.0001,18389,
d9a5ada785e8,electricity,patchtst,gd_feat_sgd0.1,gd,0.0,24,3,pt_d128l3h8p16s8ep20lr0.0001,18389,
a20ea67a0b8e,electricity,patchtst,gd_feat_sgddec0.001,gd,0.0,24,3,pt_d128l3h8p16s8ep20lr0.0001,18389,
f8481fd27339,electricity,patchtst,gd_feat_sgddec0.01,gd,0.0,24,3,pt_d128l3h8p16s8ep20lr0.0001,18389,
cda73bae94f8,electricity,patchtst,gd_feat_sgddec0.1,gd,0.0,24,3,pt_d128l3h8p16s8ep20lr0.0001,18389,
a6bbb9e26b38,electricity,patchtst,naive,naive,0.0,24,3,pt_d128l3h8p16s8ep20lr0.0001,18389,71.83171844482422
6ad343f2bd85,electricity,patchtst,nlms_feat,classic,0.0,24,3,pt_d128l3h8p16s8ep20lr0.0001,18389,7.8419294357299805
a6b6c27dc9bc,electricity,patchtst,nlms_feat_mu0.02,classic,0.0,24,3,pt_d128l3h8p16s8ep20lr0.0001,18389,7.1723761558532715
610c80b58caa,electricity,patchtst,nlms_feat_mu0.05,classic,0.0,24,3,pt_d128l3h8p16s8ep20lr0.0001,18389,7.167215824127197
c24076c8e5ec,electricity,patchtst,nlms_feat_mu0.3,classic,0.0,24,3,pt_d128l3h8p16s8ep20lr0.0001,18389,9.293758392333984
526eddddce97,electricity,patchtst,rls_bank_dftl,rls_ablation,0.0,24,3,pt_d128l3h8p16s8ep20lr0.0001,18389,5.53963565826416
60b66be9e36e,electricity,patchtst,rls_bank_ftl,rls_ablation,0.0,24,3,pt_d128l3h8p16s8ep20lr0.0001,18389,5.549319267272949
d2eed452c97a,electricity,patchtst,rls_bank_med,rls,0.0,24,3,pt_d128l3h8p16s8ep20lr0.0001,18389,5.707162380218506
9f93a08deb90,electricity,patchtst,rls_bank_med_noclip,rls_ablation,0.0,24,3,pt_d128l3h8p16s8ep20lr0.0001,18389,5.609941005706787
ab7897e5908b,electricity,patchtst,rls_calib,rls,0.0,24,3,pt_d128l3h8p16s8ep20lr0.0001,18389,6.021036624908447
b390b226dd3f,electricity,patchtst,rls_feat,rls,0.0,24,3,pt_d128l3h8p16s8ep20lr0.0001,18389,5.587885856628418
5a7c3786efdf,electricity,patchtst,rls_feat_l0.99,rls_sweep,0.0,24,3,pt_d128l3h8p16s8ep20lr0.0001,18389,9813.080078125
c0fa61861ccd,electricity,patchtst,rls_feat_l0.995,rls_sweep,0.0,24,3,pt_d128l3h8p16s8ep20lr0.0001,18389,639014.125
25645576e1eb,electricity,patchtst,rls_feat_l0.9995,rls_sweep,0.0,24,3,pt_d128l3h8p16s8ep20lr0.0001,18389,26.243833541870117
15d2db140d36,electricity,patchtst,rls_feat_l0.9999,rls_sweep,0.0,24,3,pt_d128l3h8p16s8ep20lr0.0001,18389,5.863348484039307
f23cf9dbaa8c,electricity,patchtst,rls_feat_l1,rls_sweep,0.0,24,3,pt_d128l3h8p16s8ep20lr0.0001,18389,5.909346103668213
1f75789b183c,electricity,patchtst,rls_feat_noclip,rls_ablation,0.0,24,3,pt_d128l3h8p16s8ep20lr0.0001,18389,7456839.0
4ba5050e2153,electricity,patchtst,snaive,naive,0.0,24,3,pt_d128l3h8p16s8ep20lr0.0001,18389,6.45555305480957
ffefbdb04e20,electricity,patchtst,bias_ema,simple,0.0,48,3,pt_d128l3h8p16s8ep20lr0.0001,18389,9.5285005569458
43d8e0c5be09,electricity,patchtst,frozen,frozen,0.0,48,3,pt_d128l3h8p16s8ep20lr0.0001,18389,119.59877014160156
acdd947828a1,electricity,patchtst,gd_calib_sgd0.0001,gd,0.0,48,3,pt_d128l3h8p16s8ep20lr0.0001,18389,
e9e444fccae3,electricity,patchtst,gd_calib_sgd0.001,gd,0.0,48,3,pt_d128l3h8p16s8ep20lr0.0001,18389,
64e84112506a,electricity,patchtst,gd_calib_sgd0.01,gd,0.0,48,3,pt_d128l3h8p16s8ep20lr0.0001,18389,
3ddf0dbe62a2,electricity,patchtst,gd_calib_sgd0.1,gd,0.0,48,3,pt_d128l3h8p16s8ep20lr0.0001,18389,
1fa34025f6bd,electricity,patchtst,gd_feat_adam0.01,gd,0.0,48,3,pt_d128l3h8p16s8ep20lr0.0001,18389,8.25572395324707
2964739cdf90,electricity,patchtst,gd_feat_sgd0.0001,gd,0.0,48,3,pt_d128l3h8p16s8ep20lr0.0001,18389,
e776f8cb5c65,electricity,patchtst,gd_feat_sgd0.001,gd,0.0,48,3,pt_d128l3h8p16s8ep20lr0.0001,18389,
c7a37819e2f8,electricity,patchtst,gd_feat_sgd0.01,gd,0.0,48,3,pt_d128l3h8p16s8ep20lr0.0001,18389,
4562163907f4,electricity,patchtst,gd_feat_sgd0.1,gd,0.0,48,3,pt_d128l3h8p16s8ep20lr0.0001,18389,
57e2b8139311,electricity,patchtst,gd_feat_sgddec0.001,gd,0.0,48,3,pt_d128l3h8p16s8ep20lr0.0001,18389,
3414531c8a41,electricity,patchtst,gd_feat_sgddec0.01,gd,0.0,48,3,pt_d128l3h8p16s8ep20lr0.0001,18389,
5a90c0033efb,electricity,patchtst,gd_feat_sgddec0.1,gd,0.0,48,3,pt_d128l3h8p16s8ep20lr0.0001,18389,
f779cf1392c5,electricity,patchtst,naive,naive,0.0,48,3,pt_d128l3h8p16s8ep20lr0.0001,18389,71.83171844482422
b6bd54fa9d72,electricity,patchtst,nlms_feat,classic,0.0,48,3,pt_d128l3h8p16s8ep20lr0.0001,18389,7.953269958496094
ee6eb5242e83,electricity,patchtst,nlms_feat_mu0.02,classic,0.0,48,3,pt_d128l3h8p16s8ep20lr0.0001,18389,7.241521835327148
8c9d4835cb67,electricity,patchtst,nlms_feat_mu0.05,classic,0.0,48,3,pt_d128l3h8p16s8ep20lr0.0001,18389,7.265712738037109
67da9f6788b0,electricity,patchtst,nlms_feat_mu0.3,classic,0.0,48,3,pt_d128l3h8p16s8ep20lr0.0001,18389,9.559636116027832
c303bb697bc7,electricity,patchtst,rls_bank_dftl,rls_ablation,0.0,48,3,pt_d128l3h8p16s8ep20lr0.0001,18389,5.64642333984375
f3b978e9b30b,electricity,patchtst,rls_bank_ftl,rls_ablation,0.0,48,3,pt_d128l3h8p16s8ep20lr0.0001,18389,5.663005352020264
5cc21e0c996e,electricity,patchtst,rls_bank_med,rls,0.0,48,3,pt_d128l3h8p16s8ep20lr0.0001,18389,5.788025856018066
d92597283812,electricity,patchtst,rls_bank_med_noclip,rls_ablation,0.0,48,3,pt_d128l3h8p16s8ep20lr0.0001,18389,5.693072319030762
30965416323a,electricity,patchtst,rls_calib,rls,0.0,48,3,pt_d128l3h8p16s8ep20lr0.0001,18389,6.080760955810547
f5bc393058cd,electricity,patchtst,rls_feat,rls,0.0,48,3,pt_d128l3h8p16s8ep20lr0.0001,18389,5.662054061889648
42c45627cc78,electricity,patchtst,rls_feat_l0.99,rls_sweep,0.0,48,3,pt_d128l3h8p16s8ep20lr0.0001,18389,9304.1748046875
c9d04e3cd1b3,electricity,patchtst,rls_feat_l0.995,rls_sweep,0.0,48,3,pt_d128l3h8p16s8ep20lr0.0001,18389,676710.8125
0590f610f925,electricity,patchtst,rls_feat_l0.9995,rls_sweep,0.0,48,3,pt_d128l3h8p16s8ep20lr0.0001,18389,23.80528450012207
84a32933b908,electricity,patchtst,rls_feat_l0.9999,rls_sweep,0.0,48,3,pt_d128l3h8p16s8ep20lr0.0001,18389,5.920446872711182
7d4752e9d039,electricity,patchtst,rls_feat_l1,rls_sweep,0.0,48,3,pt_d128l3h8p16s8ep20lr0.0001,18389,5.969216823577881
0a8a176f2831,electricity,patchtst,rls_feat_noclip,rls_ablation,0.0,48,3,pt_d128l3h8p16s8ep20lr0.0001,18389,5254045.5
e9a5940db2e5,electricity,patchtst,snaive,naive,0.0,48,3,pt_d128l3h8p16s8ep20lr0.0001,18389,6.45555305480957
b4d8c162a9c8,electricity,patchtst,bias_ema,simple,0.0,96,3,pt_d128l3h8p16s8ep20lr0.0001,18389,10.096923828125
8dbc07adcee6,electricity,patchtst,frozen,frozen,0.0,96,3,pt_d128l3h8p16s8ep20lr0.0001,18389,119.59877014160156
de8d7be0332f,electricity,patchtst,gd_calib_sgd0.0001,gd,0.0,96,3,pt_d128l3h8p16s8ep20lr0.0001,18389,
03c4116d7142,electricity,patchtst,gd_calib_sgd0.001,gd,0.0,96,3,pt_d128l3h8p16s8ep20lr0.0001,18389,
253637d3fbd2,electricity,patchtst,gd_calib_sgd0.01,gd,0.0,96,3,pt_d128l3h8p16s8ep20lr0.0001,18389,
127dcd148d51,electricity,patchtst,gd_calib_sgd0.1,gd,0.0,96,3,pt_d128l3h8p16s8ep20lr0.0001,18389,
8f9593620711,electricity,patchtst,gd_feat_adam0.01,gd,0.0,96,3,pt_d128l3h8p16s8ep20lr0.0001,18389,8.309844970703125
7434f6bf5869,electricity,patchtst,gd_feat_sgd0.0001,gd,0.0,96,3,pt_d128l3h8p16s8ep20lr0.0001,18389,
95cf728c8779,electricity,patchtst,gd_feat_sgd0.001,gd,0.0,96,3,pt_d128l3h8p16s8ep20lr0.0001,18389,
da966bd2dda2,electricity,patchtst,gd_feat_sgd0.01,gd,0.0,96,3,pt_d128l3h8p16s8ep20lr0.0001,18389,
8d916dbbeea0,electricity,patchtst,gd_feat_sgd0.1,gd,0.0,96,3,pt_d128l3h8p16s8ep20lr0.0001,18389,
0467cd6cb206,electricity,patchtst,gd_feat_sgddec0.001,gd,0.0,96,3,pt_d128l3h8p16s8ep20lr0.0001,18389,
a1406a77262c,electricity,patchtst,gd_feat_sgddec0.01,gd,0.0,96,3,pt_d128l3h8p16s8ep20lr0.0001,18389,
9a131f9b259b,electricity,patchtst,gd_feat_sgddec0.1,gd,0.0,96,3,pt_d128l3h8p16s8ep20lr0.0001,18389,
fc048ea21e26,electricity,patchtst,naive,naive,0.0,96,3,pt_d128l3h8p16s8ep20lr0.0001,18389,71.83171844482422
14f48f8f1baa,electricity,patchtst,nlms_feat,classic,0.0,96,3,pt_d128l3h8p16s8ep20lr0.0001,18389,8.836726188659668
e3800b062f2c,electricity,patchtst,nlms_feat_mu0.02,classic,0.0,96,3,pt_d128l3h8p16s8ep20lr0.0001,18389,7.422258377075195
0f4e99118804,electricity,patchtst,nlms_feat_mu0.05,classic,0.0,96,3,pt_d128l3h8p16s8ep20lr0.0001,18389,7.744847774505615
960a33dce9da,electricity,patchtst,nlms_feat_mu0.3,classic,0.0,96,3,pt_d128l3h8p16s8ep20lr0.0001,18389,11.212385177612305
e1922c2e36ef,electricity,patchtst,rls_bank_dftl,rls_ablation,0.0,96,3,pt_d128l3h8p16s8ep20lr0.0001,18389,6.291694164276123
bf43ed081592,electricity,patchtst,rls_bank_ftl,rls_ablation,0.0,96,3,pt_d128l3h8p16s8ep20lr0.0001,18389,6.31273078918457
64788206ae6a,electricity,patchtst,rls_bank_med,rls,0.0,96,3,pt_d128l3h8p16s8ep20lr0.0001,18389,6.19116735458374
de4f17db4d88,electricity,patchtst,rls_bank_med_noclip,rls_ablation,0.0,96,3,pt_d128l3h8p16s8ep20lr0.0001,18389,6.096832752227783
d21746e26af2,electricity,patchtst,rls_calib,rls,0.0,96,3,pt_d128l3h8p16s8ep20lr0.0001,18389,6.416594505310059
7643bcf3fb81,electricity,patchtst,rls_feat,rls,0.0,96,3,pt_d128l3h8p16s8ep20lr0.0001,18389,6.085179328918457
29f4ad2ee970,electricity,patchtst,rls_feat_l0.99,rls_sweep,0.0,96,3,pt_d128l3h8p16s8ep20lr0.0001,18389,10298.9951171875
7e3437a6d629,electricity,patchtst,rls_feat_l0.995,rls_sweep,0.0,96,3,pt_d128l3h8p16s8ep20lr0.0001,18389,589315.1875
c9b7983e8742,electricity,patchtst,rls_feat_l0.9995,rls_sweep,0.0,96,3,pt_d128l3h8p16s8ep20lr0.0001,18389,20.50274658203125
3d8f780b2f2d,electricity,patchtst,rls_feat_l0.9999,rls_sweep,0.0,96,3,pt_d128l3h8p16s8ep20lr0.0001,18389,6.299072742462158
a2dbe5e08eee,electricity,patchtst,rls_feat_l1,rls_sweep,0.0,96,3,pt_d128l3h8p16s8ep20lr0.0001,18389,6.348066806793213
3bc92944ae1e,electricity,patchtst,rls_feat_noclip,rls_ablation,0.0,96,3,pt_d128l3h8p16s8ep20lr0.0001,18389,5777261.5
0d2c58028db4,electricity,patchtst,snaive,naive,0.0,96,3,pt_d128l3h8p16s8ep20lr0.0001,18389,6.45555305480957
7bc5ddb22c5e,electricity,patchtst_ext,bias_ema,simple,0.0,24,3,patchtst_ext,18388,5.580034255981445
46a17312e71d,electricity,patchtst_ext,cosa,external_tta,0.0,24,3,patchtst_ext,18388,5.524697780609131
daf87a918ce5,electricity,patchtst_ext,dynatta,external_tta,0.0,24,3,patchtst_ext,18388,5.456414222717285
951adade7fea,electricity,patchtst_ext,frozen,frozen,0.0,24,3,patchtst_ext,18388,4.755014896392822
b651014c9add,electricity,patchtst_ext,frozen,external_tta,0.0,24,3,patchtst_ext,18388,4.755014896392822
5f5dd708cbe5,electricity,patchtst_ext,gd_feat_sgd0.0001,gd,0.0,24,3,patchtst_ext,18388,
a23ef627ef55,electricity,patchtst_ext,gd_feat_sgd0.001,gd,0.0,24,3,patchtst_ext,18388,
607e856e9f78,electricity,patchtst_ext,gd_feat_sgddec0.001,gd,0.0,24,3,patchtst_ext,18388,
cf14147f0802,electricity,patchtst_ext,naive,naive,0.0,24,3,patchtst_ext,18388,71.83547973632812
2bee4a533570,electricity,patchtst_ext,petsa,external_tta,0.0,24,3,patchtst_ext,18388,6.621552467346191
bf3ebfea04fd,electricity,patchtst_ext,rls_bank_med,rls,0.0,24,3,patchtst_ext,18388,4.758401393890381
95bf57bad484,electricity,patchtst_ext,rls_bank_med_noclip,rls_ablation,0.0,24,3,patchtst_ext,18388,4.766075611114502
e253476a0f67,electricity,patchtst_ext,rls_feat,rls,0.0,24,3,patchtst_ext,18388,4.77676248550415
8e6943ec6bf0,electricity,patchtst_ext,rls_feat_noclip,rls_ablation,0.0,24,3,patchtst_ext,18388,60863116.0
9d77fe305ea4,electricity,patchtst_ext,snaive,naive,0.0,24,3,patchtst_ext,18388,6.455862045288086
7311c105cf60,electricity,patchtst_ext,tafas,external_tta,0.0,24,3,patchtst_ext,18388,4.807135581970215
0916455bd122,electricity,patchtst_ext,bias_ema,simple,0.0,48,3,patchtst_ext,18388,5.250732898712158
781a6cc6d4aa,electricity,patchtst_ext,cosa,external_tta,0.0,48,3,patchtst_ext,18388,5.206790447235107
23cde5451918,electricity,patchtst_ext,dynatta,external_tta,0.0,48,3,patchtst_ext,18388,5.233090877532959
2a4d724e74fe,electricity,patchtst_ext,frozen,frozen,0.0,48,3,patchtst_ext,18388,4.755014896392822
63827448e86b,electricity,patchtst_ext,gd_feat_sgd0.0001,gd,0.0,48,3,patchtst_ext,18388,
85dd783ee193,electricity,patchtst_ext,gd_feat_sgd0.001,gd,0.0,48,3,patchtst_ext,18388,
280a9df09638,electricity,patchtst_ext,gd_feat_sgddec0.001,gd,0.0,48,3,patchtst_ext,18388,
ebc081c62f86,electricity,patchtst_ext,naive,naive,0.0,48,3,patchtst_ext,18388,71.83547973632812
07f810554b30,electricity,patchtst_ext,petsa,external_tta,0.0,48,3,patchtst_ext,18388,6.5832905769348145
fd9a5d3482ac,electricity,patchtst_ext,rls_bank_med,rls,0.0,48,3,patchtst_ext,18388,4.761638164520264
53c39ccbb2c2,electricity,patchtst_ext,rls_bank_med_noclip,rls_ablation,0.0,48,3,patchtst_ext,18388,4.76472282409668
114e70b80b79,electricity,patchtst_ext,rls_feat,rls,0.0,48,3,patchtst_ext,18388,4.779868125915527
368894c5db8b,electricity,patchtst_ext,rls_feat_noclip,rls_ablation,0.0,48,3,patchtst_ext,18388,44299536.0
30e7ae8ba0b8,electricity,patchtst_ext,snaive,naive,0.0,48,3,patchtst_ext,18388,6.455862045288086
02f9c5dc0ba6,electricity,patchtst_ext,tafas,external_tta,0.0,48,3,patchtst_ext,18388,4.746942043304443
47df7d59e9d8,electricity,patchtst_ext,bias_ema,simple,0.0,96,3,patchtst_ext,18388,5.719198703765869
00272bfadd51,electricity,patchtst_ext,cosa,external_tta,0.0,96,3,patchtst_ext,18388,5.2832255363464355
8bf43bec78a4,electricity,patchtst_ext,dynatta,external_tta,0.0,96,3,patchtst_ext,18388,5.23482084274292
c4ab566e2fdd,electricity,patchtst_ext,frozen,frozen,0.0,96,3,patchtst_ext,18388,4.755014896392822
ea7003552edc,electricity,patchtst_ext,gd_feat_sgd0.0001,gd,0.0,96,3,patchtst_ext,18388,
6edd64deaba1,electricity,patchtst_ext,gd_feat_sgd0.001,gd,0.0,96,3,patchtst_ext,18388,
7111c5390d8d,electricity,patchtst_ext,gd_feat_sgddec0.001,gd,0.0,96,3,patchtst_ext,18388,
de7ef0a7b8b9,electricity,patchtst_ext,naive,naive,0.0,96,3,patchtst_ext,18388,71.83547973632812
01f5ef6edbba,electricity,patchtst_ext,petsa,external_tta,0.0,96,3,patchtst_ext,18388,6.594852924346924
c63e5a6fbc41,electricity,patchtst_ext,rls_bank_med,rls,0.0,96,3,patchtst_ext,18388,5.232645511627197
12a9dd0a02bf,electricity,patchtst_ext,rls_bank_med_noclip,rls_ablation,0.0,96,3,patchtst_ext,18388,5.235520362854004
479b016f308c,electricity,patchtst_ext,rls_feat,rls,0.0,96,3,patchtst_ext,18388,5.26009464263916
53c2bce2dd97,electricity,patchtst_ext,rls_feat_noclip,rls_ablation,0.0,96,3,patchtst_ext,18388,86447592.0
fcd70c3699cb,electricity,patchtst_ext,snaive,naive,0.0,96,3,patchtst_ext,18388,6.455862045288086
65af299105bc,electricity,patchtst_ext,tafas,external_tta,0.0,96,3,patchtst_ext,18388,4.740085124969482
808ef8d67d8a,traffic,dlinear,bias_ema,simple,0.0,1,3,,12257,1.2960518598556519
cdbe83f9d3ac,traffic,dlinear,frozen,frozen,0.0,1,3,,12257,1.3954994678497314
60f4a46525f3,traffic,dlinear,gd_calib_sgd0.0001,gd,0.0,1,3,,12257,0.7332931756973267
a4fd79385f82,traffic,dlinear,gd_calib_sgd0.001,gd,0.0,1,3,,12257,16378.962890625
ddbd16566390,traffic,dlinear,gd_calib_sgd0.01,gd,0.0,1,3,,12257,
483c5479444e,traffic,dlinear,gd_calib_sgd0.1,gd,0.0,1,3,,12257,
6b1ce40b561b,traffic,dlinear,gd_feat_adam0.01,gd,0.0,1,3,,12257,0.6432158350944519
a8f923ea65ff,traffic,dlinear,gd_feat_sgd0.0001,gd,0.0,1,3,,12257,0.7022848725318909
5cd51924b8bf,traffic,dlinear,gd_feat_sgd0.001,gd,0.0,1,3,,12257,
4fd0b1c2052f,traffic,dlinear,gd_feat_sgd0.01,gd,0.0,1,3,,12257,
026ca3f2f8cb,traffic,dlinear,gd_feat_sgd0.1,gd,0.0,1,3,,12257,
50e339c76e8a,traffic,dlinear,gd_feat_sgddec0.001,gd,0.0,1,3,,12257,0.6051948070526123
7955ff3f5c42,traffic,dlinear,gd_feat_sgddec0.01,gd,0.0,1,3,,12257,
1916c949c32d,traffic,dlinear,gd_feat_sgddec0.1,gd,0.0,1,3,,12257,
180277f3630d,traffic,dlinear,naive,naive,0.0,1,3,,12257,2.574033737182617
75b4077a1524,traffic,dlinear,nlms_feat,classic,0.0,1,3,,12257,0.6659854650497437
60780b7b8480,traffic,dlinear,nlms_feat_mu0.02,classic,0.0,1,3,,12257,0.6394948363304138
620f4c323dee,traffic,dlinear,nlms_feat_mu0.05,classic,0.0,1,3,,12257,0.6462964415550232
403181f65eb8,traffic,dlinear,nlms_feat_mu0.3,classic,0.0,1,3,,12257,0.6919078230857849
0d68d3e8e655,traffic,dlinear,rls_bank_dftl,rls_ablation,0.0,1,3,,12257,0.565956175327301
150b47826bec,traffic,dlinear,rls_bank_ftl,rls_ablation,0.0,1,3,,12257,0.5655288696289062
6208c82c77bc,traffic,dlinear,rls_bank_med,rls,0.0,1,3,,12257,0.5806098580360413
2c1a7d873644,traffic,dlinear,rls_bank_med_noclip,rls_ablation,0.0,1,3,,12257,0.5801439881324768
25bc83a95046,traffic,dlinear,rls_calib,rls,0.0,1,3,,12257,0.6029894351959229
d360afe4ff87,traffic,dlinear,rls_feat,rls,0.0,1,3,,12257,0.5784288048744202
7f4fdfd94c93,traffic,dlinear,rls_feat_l0.99,rls_sweep,0.0,1,3,,12257,0.5708754658699036
90bea8bb80a4,traffic,dlinear,rls_feat_l0.995,rls_sweep,0.0,1,3,,12257,0.5688479542732239
98d8747d9dcc,traffic,dlinear,rls_feat_l0.9995,rls_sweep,0.0,1,3,,12257,21.326492309570312
252f44bd38a6,traffic,dlinear,rls_feat_l0.9999,rls_sweep,0.0,1,3,,12257,0.6005468368530273
d6f1d410bab3,traffic,dlinear,rls_feat_l1,rls_sweep,0.0,1,3,,12257,0.6058629751205444
7d062b329042,traffic,dlinear,rls_feat_noclip,rls_ablation,0.0,1,3,,12257,2279.22314453125
6e097eba5f83,traffic,dlinear,snaive,naive,0.0,1,3,,12257,0.7830793857574463
5657c24af123,traffic,dlinear,bias_ema,simple,0.0,24,3,,12257,1.3424490690231323
c6f89eb667a8,traffic,dlinear,frozen,frozen,0.0,24,3,,12257,1.3954994678497314
a46f4e759512,traffic,dlinear,gd_calib_sgd0.0001,gd,0.0,24,3,,12257,0.7463265657424927
cf9c488d2cf3,traffic,dlinear,gd_calib_sgd0.001,gd,0.0,24,3,,12257,20235.130859375
71bce54c3cb3,traffic,dlinear,gd_calib_sgd0.01,gd,0.0,24,3,,12257,
c4355aaf328d,traffic,dlinear,gd_calib_sgd0.1,gd,0.0,24,3,,12257,
99cf687095f9,traffic,dlinear,gd_feat_adam0.01,gd,0.0,24,3,,12257,0.6910083889961243
83ea9951f33a,traffic,dlinear,gd_feat_sgd0.0001,gd,0.0,24,3,,12257,0.72456294298172
99a3903827c6,traffic,dlinear,gd_feat_sgd0.001,gd,0.0,24,3,,12257,
ed6aa2168465,traffic,dlinear,gd_feat_sgd0.01,gd,0.0,24,3,,12257,
2273b4c4d2cb,traffic,dlinear,gd_feat_sgd0.1,gd,0.0,24,3,,12257,
ffa2526f252e,traffic,dlinear,gd_feat_sgddec0.001,gd,0.0,24,3,,12257,0.6593981385231018
b2db340f169d,traffic,dlinear,gd_feat_sgddec0.01,gd,0.0,24,3,,12257,
9925b6774e16,traffic,dlinear,gd_feat_sgddec0.1,gd,0.0,24,3,,12257,
979ce82b239e,traffic,dlinear,naive,naive,0.0,24,3,,12257,2.574033737182617
294f5c768f4e,traffic,dlinear,nlms_feat,classic,0.0,24,3,,12257,0.914550244808197
90f1155e520d,traffic,dlinear,nlms_feat_mu0.02,classic,0.0,24,3,,12257,0.6766102910041809
c4d95a8ed214,traffic,dlinear,nlms_feat_mu0.05,classic,0.0,24,3,,12257,0.7483056783676147
82bf7e3a7a3c,traffic,dlinear,nlms_feat_mu0.3,classic,0.0,24,3,,12257,1.7575948238372803
7c3aaf00c76d,traffic,dlinear,rls_bank_dftl,rls_ablation,0.0,24,3,,12257,0.6411561369895935
909aa268b82a,traffic,dlinear,rls_bank_ftl,rls_ablation,0.0,24,3,,12257,0.6284125447273254
a590c85d7395,traffic,dlinear,rls_bank_med,rls,0.0,24,3,,12257,0.5957578420639038
1025fca69c7a,traffic,dlinear,rls_bank_med_noclip,rls_ablation,0.0,24,3,,12257,0.5954796671867371
82054b9554ab,traffic,dlinear,rls_calib,rls,0.0,24,3,,12257,0.612743616104126
2e4a93f53fff,traffic,dlinear,rls_feat,rls,0.0,24,3,,12257,0.5921894907951355
9cd324576681,traffic,dlinear,rls_feat_l0.99,rls_sweep,0.0,24,3,,12257,0.6618894338607788
deab83b9385a,traffic,dlinear,rls_feat_l0.995,rls_sweep,0.0,24,3,,12257,0.6108258366584778
57a739a7ec7a,traffic,dlinear,rls_feat_l0.9995,rls_sweep,0.0,24,3,,12257,57.772647857666016
3ad853785f37,traffic,dlinear,rls_feat_l0.9999,rls_sweep,0.0,24,3,,12257,0.6086140275001526
5b53b6912256,traffic,dlinear,rls_feat_l1,rls_sweep,0.0,24,3,,12257,0.6133562922477722
bf6cbdfda4d7,traffic,dlinear,rls_feat_noclip,rls_ablation,0.0,24,3,,12257,4584.57470703125
714a40a24019,traffic,dlinear,snaive,naive,0.0,24,3,,12257,0.7830793857574463
204c52771364,traffic,dlinear,bias_ema,simple,0.0,48,3,,12257,1.3256621360778809
fa77458839f1,traffic,dlinear,frozen,frozen,0.0,48,3,,12257,1.3954994678497314
2b80ca0282a5,traffic,dlinear,gd_calib_sgd0.0001,gd,0.0,48,3,,12257,0.7520626783370972
3145b6f42128,traffic,dlinear,gd_calib_sgd0.001,gd,0.0,48,3,,12257,13088.7587890625
3eac3c691352,traffic,dlinear,gd_calib_sgd0.01,gd,0.0,48,3,,12257,
3f28c6865edf,traffic,dlinear,gd_calib_sgd0.1,gd,0.0,48,3,,12257,
fb192cfc5192,traffic,dlinear,gd_feat_adam0.01,gd,0.0,48,3,,12257,0.7064694166183472
d1ce207fbded,traffic,dlinear,gd_feat_sgd0.0001,gd,0.0,48,3,,12257,0.7282085418701172
b48a2b4305b3,traffic,dlinear,gd_feat_sgd0.001,gd,0.0,48,3,,12257,
4b04dfea70ba,traffic,dlinear,gd_feat_sgd0.01,gd,0.0,48,3,,12257,
b2613f4e0207,traffic,dlinear,gd_feat_sgd0.1,gd,0.0,48,3,,12257,
3ebe9e657b56,traffic,dlinear,gd_feat_sgddec0.001,gd,0.0,48,3,,12257,0.6616193652153015
b188c2f7cd02,traffic,dlinear,gd_feat_sgddec0.01,gd,0.0,48,3,,12257,
3334239e7e9a,traffic,dlinear,gd_feat_sgddec0.1,gd,0.0,48,3,,12257,
87be327a721e,traffic,dlinear,naive,naive,0.0,48,3,,12257,2.574033737182617
546d597b9e29,traffic,dlinear,nlms_feat,classic,0.0,48,3,,12257,0.8102450370788574
ff2b7ee7a337,traffic,dlinear,nlms_feat_mu0.02,classic,0.0,48,3,,12257,0.6681376695632935
1fe21f881bcf,traffic,dlinear,nlms_feat_mu0.05,classic,0.0,48,3,,12257,0.715516209602356
61fd4a510596,traffic,dlinear,nlms_feat_mu0.3,classic,0.0,48,3,,12257,1.2110788822174072
8fd21db2bd17,traffic,dlinear,rls_bank_dftl,rls_ablation,0.0,48,3,,12257,0.6293315887451172
8349d073097e,traffic,dlinear,rls_bank_ftl,rls_ablation,0.0,48,3,,12257,0.6192719340324402
5c10f20e6db3,traffic,dlinear,rls_bank_med,rls,0.0,48,3,,12257,0.5950716137886047
2a1ec90b7ece,traffic,dlinear,rls_bank_med_noclip,rls_ablation,0.0,48,3,,12257,0.5947574377059937
b08724868e31,traffic,dlinear,rls_calib,rls,0.0,48,3,,12257,0.6134545803070068
1a19e62654c7,traffic,dlinear,rls_feat,rls,0.0,48,3,,12257,0.591088056564331
dea986c4f957,traffic,dlinear,rls_feat_l0.99,rls_sweep,0.0,48,3,,12257,0.6540430784225464
5c5ae2079af9,traffic,dlinear,rls_feat_l0.995,rls_sweep,0.0,48,3,,12257,0.6061160564422607
3bc75fb82de8,traffic,dlinear,rls_feat_l0.9995,rls_sweep,0.0,48,3,,12257,39.470523834228516
b2950da1fc76,traffic,dlinear,rls_feat_l0.9999,rls_sweep,0.0,48,3,,12257,0.6079057455062866
b1e03824dcc5,traffic,dlinear,rls_feat_l1,rls_sweep,0.0,48,3,,12257,0.6126927137374878
55b7a65d99eb,traffic,dlinear,rls_feat_noclip,rls_ablation,0.0,48,3,,12257,3405.1181640625
5fdfc21ef97b,traffic,dlinear,snaive,naive,0.0,48,3,,12257,0.7830793857574463
e229abf9c3f2,traffic,dlinear,bias_ema,simple,0.0,96,3,,12257,1.3198343515396118
8330626cb9c4,traffic,dlinear,frozen,frozen,0.0,96,3,,12257,1.3954994678497314
5256611f1d98,traffic,dlinear,gd_calib_sgd0.0001,gd,0.0,96,3,,12257,0.749991238117218
e6da734b3b3b,traffic,dlinear,gd_calib_sgd0.001,gd,0.0,96,3,,12257,44378.64453125
94ff53a3fa59,traffic,dlinear,gd_calib_sgd0.01,gd,0.0,96,3,,12257,
6790810b0a49,traffic,dlinear,gd_calib_sgd0.1,gd,0.0,96,3,,12257,
26d7f71edac9,traffic,dlinear,gd_feat_adam0.01,gd,0.0,96,3,,12257,0.6419915556907654
0a4325ebb43b,traffic,dlinear,gd_feat_sgd0.0001,gd,0.0,96,3,,12257,0.7265825271606445
e4a4136eedb3,traffic,dlinear,gd_feat_sgd0.001,gd,0.0,96,3,,12257,
8dfa91aac0aa,traffic,dlinear,gd_feat_sgd0.01,gd,0.0,96,3,,12257,
1ed04383def1,traffic,dlinear,gd_feat_sgd0.1,gd,0.0,96,3,,12257,
1f6228186b5a,traffic,dlinear,gd_feat_sgddec0.001,gd,0.0,96,3,,12257,0.6657952666282654
05b1b6e747eb,traffic,dlinear,gd_feat_sgddec0.01,gd,0.0,96,3,,12257,
7e5364cc9aa5,traffic,dlinear,gd_feat_sgddec0.1,gd,0.0,96,3,,12257,
61a98d36d102,traffic,dlinear,naive,naive,0.0,96,3,,12257,2.574033737182617
0e3d56593703,traffic,dlinear,nlms_feat,classic,0.0,96,3,,12257,0.8031866550445557
a2e1506b9513,traffic,dlinear,nlms_feat_mu0.02,classic,0.0,96,3,,12257,0.6528991460800171
2de39e31f9cc,traffic,dlinear,nlms_feat_mu0.05,classic,0.0,96,3,,12257,0.6944132447242737
3329c4c73782,traffic,dlinear,nlms_feat_mu0.3,classic,0.0,96,3,,12257,1.258294701576233
bfec1ed15a94,traffic,dlinear,rls_bank_dftl,rls_ablation,0.0,96,3,,12257,0.6001500487327576
1558253c97dd,traffic,dlinear,rls_bank_ftl,rls_ablation,0.0,96,3,,12257,0.599988579750061
9fe869be30f3,traffic,dlinear,rls_bank_med,rls,0.0,96,3,,12257,0.5913975238800049
35fe79508caa,traffic,dlinear,rls_bank_med_noclip,rls_ablation,0.0,96,3,,12257,0.591068685054779
48580e46be17,traffic,dlinear,rls_calib,rls,0.0,96,3,,12257,0.6140864491462708
d35c9dc670ff,traffic,dlinear,rls_feat,rls,0.0,96,3,,12257,0.5892735719680786
80fecb05738e,traffic,dlinear,rls_feat_l0.99,rls_sweep,0.0,96,3,,12257,0.6086922287940979
f9bbb057159b,traffic,dlinear,rls_feat_l0.995,rls_sweep,0.0,96,3,,12257,0.5890783071517944
69fcfce5c894,traffic,dlinear,rls_feat_l0.9995,rls_sweep,0.0,96,3,,12257,182.40509033203125
7f3bf2c643fb,traffic,dlinear,rls_feat_l0.9999,rls_sweep,0.0,96,3,,12257,0.6083391904830933
ce2ee3f0289d,traffic,dlinear,rls_feat_l1,rls_sweep,0.0,96,3,,12257,0.6132862567901611
117b4a32cf61,traffic,dlinear,rls_feat_noclip,rls_ablation,0.0,96,3,,12257,4435.90380859375
7e34869bd77b,traffic,dlinear,snaive,naive,0.0,96,3,,12257,0.7830793857574463
0382038b7cb2,traffic,patchtst,bias_ema,simple,0.0,1,3,pt_d128l3h8p16s8ep20lr0.0001,12257,0.4725893437862396
42427f37fb3c,traffic,patchtst,frozen,frozen,0.0,1,3,pt_d128l3h8p16s8ep20lr0.0001,12257,0.5410106182098389
b83e03a843db,traffic,patchtst,gd_calib_sgd0.0001,gd,0.0,1,3,pt_d128l3h8p16s8ep20lr0.0001,12257,0.499538779258728
1f967331b1f9,traffic,patchtst,gd_calib_sgd0.001,gd,0.0,1,3,pt_d128l3h8p16s8ep20lr0.0001,12257,0.47175878286361694
febfbbcddf9a,traffic,patchtst,gd_calib_sgd0.01,gd,0.0,1,3,pt_d128l3h8p16s8ep20lr0.0001,12257,70.2171630859375
4dd898fac1f5,traffic,patchtst,gd_calib_sgd0.1,gd,0.0,1,3,pt_d128l3h8p16s8ep20lr0.0001,12257,
e7d35edc78de,traffic,patchtst,gd_feat_adam0.01,gd,0.0,1,3,pt_d128l3h8p16s8ep20lr0.0001,12257,0.49960213899612427
82a7c81cd22a,traffic,patchtst,gd_feat_sgd0.0001,gd,0.0,1,3,pt_d128l3h8p16s8ep20lr0.0001,12257,0.4869243800640106
502cf36c688e,traffic,patchtst,gd_feat_sgd0.001,gd,0.0,1,3,pt_d128l3h8p16s8ep20lr0.0001,12257,0.9205543398857117
be27b4e60650,traffic,patchtst,gd_feat_sgd0.01,gd,0.0,1,3,pt_d128l3h8p16s8ep20lr0.0001,12257,
44352dd20cd2,traffic,patchtst,gd_feat_sgd0.1,gd,0.0,1,3,pt_d128l3h8p16s8ep20lr0.0001,12257,
c182203e7791,traffic,patchtst,gd_feat_sgddec0.001,gd,0.0,1,3,pt_d128l3h8p16s8ep20lr0.0001,12257,0.4655505418777466
51e8335a4063,traffic,patchtst,gd_feat_sgddec0.01,gd,0.0,1,3,pt_d128l3h8p16s8ep20lr0.0001,12257,
bb04510e6054,traffic,patchtst,gd_feat_sgddec0.1,gd,0.0,1,3,pt_d128l3h8p16s8ep20lr0.0001,12257,
f15cdf125a40,traffic,patchtst,naive,naive,0.0,1,3,pt_d128l3h8p16s8ep20lr0.0001,12257,2.574033737182617
62185b4ae402,traffic,patchtst,nlms_feat,classic,0.0,1,3,pt_d128l3h8p16s8ep20lr0.0001,12257,0.5969144105911255
8b2e2a2650cb,traffic,patchtst,nlms_feat_mu0.02,classic,0.0,1,3,pt_d128l3h8p16s8ep20lr0.0001,12257,0.5017834901809692
dc8a93f97d41,traffic,patchtst,nlms_feat_mu0.05,classic,0.0,1,3,pt_d128l3h8p16s8ep20lr0.0001,12257,0.5377804040908813
1b06a0e90875,traffic,patchtst,nlms_feat_mu0.3,classic,0.0,1,3,pt_d128l3h8p16s8ep20lr0.0001,12257,0.6988180875778198
b0664add67f0,traffic,patchtst,rls_bank_dftl,rls_ablation,0.0,1,3,pt_d128l3h8p16s8ep20lr0.0001,12257,0.4512336552143097
8856df7451fa,traffic,patchtst,rls_bank_ftl,rls_ablation,0.0,1,3,pt_d128l3h8p16s8ep20lr0.0001,12257,0.45245441794395447
971e270e95ec,traffic,patchtst,rls_bank_med,rls,0.0,1,3,pt_d128l3h8p16s8ep20lr0.0001,12257,0.46244746446609497
b50ab002ea48,traffic,patchtst,rls_bank_med_noclip,rls_ablation,0.0,1,3,pt_d128l3h8p16s8ep20lr0.0001,12257,0.46214380860328674
13a8facf0e05,traffic,patchtst,rls_calib,rls,0.0,1,3,pt_d128l3h8p16s8ep20lr0.0001,12257,0.4714113473892212
726abcc9dfef,traffic,patchtst,rls_feat,rls,0.0,1,3,pt_d128l3h8p16s8ep20lr0.0001,12257,0.46067509055137634
f673d4f1cab2,traffic,patchtst,rls_feat_l0.99,rls_sweep,0.0,1,3,pt_d128l3h8p16s8ep20lr0.0001,12257,0.4567233920097351
39446f6cd010,traffic,patchtst,rls_feat_l0.995,rls_sweep,0.0,1,3,pt_d128l3h8p16s8ep20lr0.0001,12257,0.45426231622695923
d45038db204f,traffic,patchtst,rls_feat_l0.9995,rls_sweep,0.0,1,3,pt_d128l3h8p16s8ep20lr0.0001,12257,30.386768341064453
f3d47350fa45,traffic,patchtst,rls_feat_l0.9999,rls_sweep,0.0,1,3,pt_d128l3h8p16s8ep20lr0.0001,12257,0.4761273264884949
8ea916e700c9,traffic,patchtst,rls_feat_l1,rls_sweep,0.0,1,3,pt_d128l3h8p16s8ep20lr0.0001,12257,0.48011183738708496
37d7d739b356,traffic,patchtst,rls_feat_noclip,rls_ablation,0.0,1,3,pt_d128l3h8p16s8ep20lr0.0001,12257,7772840.5
21787c735e29,traffic,patchtst,snaive,naive,0.0,1,3,pt_d128l3h8p16s8ep20lr0.0001,12257,0.7830793857574463
ae45eb64378a,traffic,patchtst,bias_ema,simple,0.0,24,3,pt_d128l3h8p16s8ep20lr0.0001,12257,0.5213173031806946
d5070c05570a,traffic,patchtst,frozen,frozen,0.0,24,3,pt_d128l3h8p16s8ep20lr0.0001,12257,0.5410106182098389
e4a386dac6d3,traffic,patchtst,gd_calib_sgd0.0001,gd,0.0,24,3,pt_d128l3h8p16s8ep20lr0.0001,12257,0.5004425048828125
73fa42a9a10e,traffic,patchtst,gd_calib_sgd0.001,gd,0.0,24,3,pt_d128l3h8p16s8ep20lr0.0001,12257,0.4795088768005371
1b581760dcd7,traffic,patchtst,gd_calib_sgd0.01,gd,0.0,24,3,pt_d128l3h8p16s8ep20lr0.0001,12257,176.21861267089844
cb5db1cbb162,traffic,patchtst,gd_calib_sgd0.1,gd,0.0,24,3,pt_d128l3h8p16s8ep20lr0.0001,12257,
dfbff38c34da,traffic,patchtst,gd_feat_adam0.01,gd,0.0,24,3,pt_d128l3h8p16s8ep20lr0.0001,12257,0.5060194730758667
75a19e12e47d,traffic,patchtst,gd_feat_sgd0.0001,gd,0.0,24,3,pt_d128l3h8p16s8ep20lr0.0001,12257,0.49600496888160706
61319b760883,traffic,patchtst,gd_feat_sgd0.001,gd,0.0,24,3,pt_d128l3h8p16s8ep20lr0.0001,12257,1.0751501321792603
fa8f0d687d55,traffic,patchtst,gd_feat_sgd0.01,gd,0.0,24,3,pt_d128l3h8p16s8ep20lr0.0001,12257,
726dc706cf74,traffic,patchtst,gd_feat_sgd0.1,gd,0.0,24,3,pt_d128l3h8p16s8ep20lr0.0001,12257,
8195707fc79f,traffic,patchtst,gd_feat_sgddec0.001,gd,0.0,24,3,pt_d128l3h8p16s8ep20lr0.0001,12257,0.4933811128139496
cb0e890e4cdd,traffic,patchtst,gd_feat_sgddec0.01,gd,0.0,24,3,pt_d128l3h8p16s8ep20lr0.0001,12257,
ecdd3174a5fd,traffic,patchtst,gd_feat_sgddec0.1,gd,0.0,24,3,pt_d128l3h8p16s8ep20lr0.0001,12257,
35a1e5eb9567,traffic,patchtst,naive,naive,0.0,24,3,pt_d128l3h8p16s8ep20lr0.0001,12257,2.574033737182617
9effe010e4ea,traffic,patchtst,nlms_feat,classic,0.0,24,3,pt_d128l3h8p16s8ep20lr0.0001,12257,0.7431594133377075
483652babe16,traffic,patchtst,nlms_feat_mu0.02,classic,0.0,24,3,pt_d128l3h8p16s8ep20lr0.0001,12257,0.5200783610343933
5068123b6c89,traffic,patchtst,nlms_feat_mu0.05,classic,0.0,24,3,pt_d128l3h8p16s8ep20lr0.0001,12257,0.5915694832801819
3fa570a85537,traffic,patchtst,nlms_feat_mu0.3,classic,0.0,24,3,pt_d128l3h8p16s8ep20lr0.0001,12257,1.4879236221313477
8cbf13153e58,traffic,patchtst,rls_bank_dftl,rls_ablation,0.0,24,3,pt_d128l3h8p16s8ep20lr0.0001,12257,0.5042120218276978
e7089d7a85e7,traffic,patchtst,rls_bank_ftl,rls_ablation,0.0,24,3,pt_d128l3h8p16s8ep20lr0.0001,12257,0.49104443192481995
aa5d9c927068,traffic,patchtst,rls_bank_med,rls,0.0,24,3,pt_d128l3h8p16s8ep20lr0.0001,12257,0.4707472026348114
589b487bc842,traffic,patchtst,rls_bank_med_noclip,rls_ablation,0.0,24,3,pt_d128l3h8p16s8ep20lr0.0001,12257,0.47049641609191895
9beba041dde1,traffic,patchtst,rls_calib,rls,0.0,24,3,pt_d128l3h8p16s8ep20lr0.0001,12257,0.4758477807044983
79cff1fdf5f9,traffic,patchtst,rls_feat,rls,0.0,24,3,pt_d128l3h8p16s8ep20lr0.0001,12257,0.4687083661556244
3a6faf7ef9d4,traffic,patchtst,rls_feat_l0.99,rls_sweep,0.0,24,3,pt_d128l3h8p16s8ep20lr0.0001,12257,0.5181784629821777
c30476c57957,traffic,patchtst,rls_feat_l0.995,rls_sweep,0.0,24,3,pt_d128l3h8p16s8ep20lr0.0001,12257,0.4790147840976715
c51437ba38d3,traffic,patchtst,rls_feat_l0.9995,rls_sweep,0.0,24,3,pt_d128l3h8p16s8ep20lr0.0001,12257,37.58905792236328
61f7b2f2d6de,traffic,patchtst,rls_feat_l0.9999,rls_sweep,0.0,24,3,pt_d128l3h8p16s8ep20lr0.0001,12257,0.48060888051986694
835534ab210e,traffic,patchtst,rls_feat_l1,rls_sweep,0.0,24,3,pt_d128l3h8p16s8ep20lr0.0001,12257,0.48420247435569763
aa47d81cb48c,traffic,patchtst,rls_feat_noclip,rls_ablation,0.0,24,3,pt_d128l3h8p16s8ep20lr0.0001,12257,23555550.0
499295a15180,traffic,patchtst,snaive,naive,0.0,24,3,pt_d128l3h8p16s8ep20lr0.0001,12257,0.7830793857574463
b166f17b2748,traffic,patchtst,bias_ema,simple,0.0,48,3,pt_d128l3h8p16s8ep20lr0.0001,12257,0.5296450257301331
38d9eb392076,traffic,patchtst,frozen,frozen,0.0,48,3,pt_d128l3h8p16s8ep20lr0.0001,12257,0.5410106182098389
f4923bb34bc7,traffic,patchtst,gd_calib_sgd0.0001,gd,0.0,48,3,pt_d128l3h8p16s8ep20lr0.0001,12257,0.5007242560386658
1315a56a462a,traffic,patchtst,gd_calib_sgd0.001,gd,0.0,48,3,pt_d128l3h8p16s8ep20lr0.0001,12257,0.48139744997024536
5cf909b7d4bc,traffic,patchtst,gd_calib_sgd0.01,gd,0.0,48,3,pt_d128l3h8p16s8ep20lr0.0001,12257,49.58921813964844
ce27f9a6a335,traffic,patchtst,gd_calib_sgd0.1,gd,0.0,48,3,pt_d128l3h8p16s8ep20lr0.0001,12257,
e3f0276f1ab8,traffic,patchtst,gd_feat_adam0.01,gd,0.0,48,3,pt_d128l3h8p16s8ep20lr0.0001,12257,0.506937563419342
68fdc7839c73,traffic,patchtst,gd_feat_sgd0.0001,gd,0.0,48,3,pt_d128l3h8p16s8ep20lr0.0001,12257,0.49666348099708557
89a92c37917d,traffic,patchtst,gd_feat_sgd0.001,gd,0.0,48,3,pt_d128l3h8p16s8ep20lr0.0001,12257,0.5804990530014038
4b5c864938b0,traffic,patchtst,gd_feat_sgd0.01,gd,0.0,48,3,pt_d128l3h8p16s8ep20lr0.0001,12257,
c20719dd3438,traffic,patchtst,gd_feat_sgd0.1,gd,0.0,48,3,pt_d128l3h8p16s8ep20lr0.0001,12257,
94eb1eec6f1b,traffic,patchtst,gd_feat_sgddec0.001,gd,0.0,48,3,pt_d128l3h8p16s8ep20lr0.0001,12257,0.49370211362838745
4de56eaa1f81,traffic,patchtst,gd_feat_sgddec0.01,gd,0.0,48,3,pt_d128l3h8p16s8ep20lr0.0001,12257,
f32033779539,traffic,patchtst,gd_feat_sgddec0.1,gd,0.0,48,3,pt_d128l3h8p16s8ep20lr0.0001,12257,
e9072aa805ef,traffic,patchtst,naive,naive,0.0,48,3,pt_d128l3h8p16s8ep20lr0.0001,12257,2.574033737182617
e6928d02e4c9,traffic,patchtst,nlms_feat,classic,0.0,48,3,pt_d128l3h8p16s8ep20lr0.0001,12257,0.6596877574920654
1ecc0b7e0370,traffic,patchtst,nlms_feat_mu0.02,classic,0.0,48,3,pt_d128l3h8p16s8ep20lr0.0001,12257,0.5106992721557617
03b328adfc7d,traffic,patchtst,nlms_feat_mu0.05,classic,0.0,48,3,pt_d128l3h8p16s8ep20lr0.0001,12257,0.5597304701805115
6b6ffbe7e77a,traffic,patchtst,nlms_feat_mu0.3,classic,0.0,48,3,pt_d128l3h8p16s8ep20lr0.0001,12257,1.121433138847351
2f2a2da70ff6,traffic,patchtst,rls_bank_dftl,rls_ablation,0.0,48,3,pt_d128l3h8p16s8ep20lr0.0001,12257,0.5097179412841797
acc81906c4cb,traffic,patchtst,rls_bank_ftl,rls_ablation,0.0,48,3,pt_d128l3h8p16s8ep20lr0.0001,12257,0.48154664039611816
545f0c14bf41,traffic,patchtst,rls_bank_med,rls,0.0,48,3,pt_d128l3h8p16s8ep20lr0.0001,12257,0.4690575897693634
f5f0fee43b29,traffic,patchtst,rls_bank_med_noclip,rls_ablation,0.0,48,3,pt_d128l3h8p16s8ep20lr0.0001,12257,0.46882155537605286
9ffba90d39b3,traffic,patchtst,rls_calib,rls,0.0,48,3,pt_d128l3h8p16s8ep20lr0.0001,12257,0.47589805722236633
2ce68c0c294c,traffic,patchtst,rls_feat,rls,0.0,48,3,pt_d128l3h8p16s8ep20lr0.0001,12257,0.4666266143321991
7ee6a598e22e,traffic,patchtst,rls_feat_l0.99,rls_sweep,0.0,48,3,pt_d128l3h8p16s8ep20lr0.0001,12257,0.5222822427749634
68fe404417c7,traffic,patchtst,rls_feat_l0.995,rls_sweep,0.0,48,3,pt_d128l3h8p16s8ep20lr0.0001,12257,0.4729185700416565
22feb8a812c9,traffic,patchtst,rls_feat_l0.9995,rls_sweep,0.0,48,3,pt_d128l3h8p16s8ep20lr0.0001,12257,39.3364372253418
e7ce61ca33f2,traffic,patchtst,rls_feat_l0.9999,rls_sweep,0.0,48,3,pt_d128l3h8p16s8ep20lr0.0001,12257,0.479217529296875
ae234915ac4b,traffic,patchtst,rls_feat_l1,rls_sweep,0.0,48,3,pt_d128l3h8p16s8ep20lr0.0001,12257,0.4828750491142273
a02f63f834c5,traffic,patchtst,rls_feat_noclip,rls_ablation,0.0,48,3,pt_d128l3h8p16s8ep20lr0.0001,12257,35689488.0
c932bab1a510,traffic,patchtst,snaive,naive,0.0,48,3,pt_d128l3h8p16s8ep20lr0.0001,12257,0.7830793857574463
0f7091dea453,traffic,patchtst,bias_ema,simple,0.0,96,3,pt_d128l3h8p16s8ep20lr0.0001,12257,0.5338220000267029
585e8371ce9f,traffic,patchtst,frozen,frozen,0.0,96,3,pt_d128l3h8p16s8ep20lr0.0001,12257,0.5410106182098389
7676050898d4,traffic,patchtst,gd_calib_sgd0.0001,gd,0.0,96,3,pt_d128l3h8p16s8ep20lr0.0001,12257,0.5005024075508118
5c08cb0bee77,traffic,patchtst,gd_calib_sgd0.001,gd,0.0,96,3,pt_d128l3h8p16s8ep20lr0.0001,12257,0.4783470928668976
960244cc8415,traffic,patchtst,gd_calib_sgd0.01,gd,0.0,96,3,pt_d128l3h8p16s8ep20lr0.0001,12257,2.4398725032806396
a4549a45173c,traffic,patchtst,gd_calib_sgd0.1,gd,0.0,96,3,pt_d128l3h8p16s8ep20lr0.0001,12257,
00af8c5129b0,traffic,patchtst,gd_feat_adam0.01,gd,0.0,96,3,pt_d128l3h8p16s8ep20lr0.0001,12257,0.4942176043987274
061b502f5bf6,traffic,patchtst,gd_feat_sgd0.0001,gd,0.0,96,3,pt_d128l3h8p16s8ep20lr0.0001,12257,0.49377506971359253
c174a7349f8e,traffic,patchtst,gd_feat_sgd0.001,gd,0.0,96,3,pt_d128l3h8p16s8ep20lr0.0001,12257,0.6243325471878052
af757c92474f,traffic,patchtst,gd_feat_sgd0.01,gd,0.0,96,3,pt_d128l3h8p16s8ep20lr0.0001,12257,
856111b2453f,traffic,patchtst,gd_feat_sgd0.1,gd,0.0,96,3,pt_d128l3h8p16s8ep20lr0.0001,12257,
158a6738b1f9,traffic,patchtst,gd_feat_sgddec0.001,gd,0.0,96,3,pt_d128l3h8p16s8ep20lr0.0001,12257,0.49681079387664795
1ba975c2c5f4,traffic,patchtst,gd_feat_sgddec0.01,gd,0.0,96,3,pt_d128l3h8p16s8ep20lr0.0001,12257,
752482cdcd9f,traffic,patchtst,gd_feat_sgddec0.1,gd,0.0,96,3,pt_d128l3h8p16s8ep20lr0.0001,12257,
bfc587284add,traffic,patchtst,naive,naive,0.0,96,3,pt_d128l3h8p16s8ep20lr0.0001,12257,2.574033737182617
358481964bd4,traffic,patchtst,nlms_feat,classic,0.0,96,3,pt_d128l3h8p16s8ep20lr0.0001,12257,0.6229490041732788
a564604120de,traffic,patchtst,nlms_feat_mu0.02,classic,0.0,96,3,pt_d128l3h8p16s8ep20lr0.0001,12257,0.49866995215415955
09595b644a8c,traffic,patchtst,nlms_feat_mu0.05,classic,0.0,96,3,pt_d128l3h8p16s8ep20lr0.0001,12257,0.5338519811630249
d17ae2b54496,traffic,patchtst,nlms_feat_mu0.3,classic,0.0,96,3,pt_d128l3h8p16s8ep20lr0.0001,12257,1.049967646598816
49af9b001782,traffic,patchtst,rls_bank_dftl,rls_ablation,0.0,96,3,pt_d128l3h8p16s8ep20lr0.0001,12257,0.4761255085468292
3c227ee5c3bc,traffic,patchtst,rls_bank_ftl,rls_ablation,0.0,96,3,pt_d128l3h8p16s8ep20lr0.0001,12257,0.4761005938053131
062cfaf043f6,traffic,patchtst,rls_bank_med,rls,0.0,96,3,pt_d128l3h8p16s8ep20lr0.0001,12257,0.46858900785446167
17c6f64c54fb,traffic,patchtst,rls_bank_med_noclip,rls_ablation,0.0,96,3,pt_d128l3h8p16s8ep20lr0.0001,12257,0.4683811068534851
e46f5cdb0f86,traffic,patchtst,rls_calib,rls,0.0,96,3,pt_d128l3h8p16s8ep20lr0.0001,12257,0.4762941598892212
4ea13647e207,traffic,patchtst,rls_feat,rls,0.0,96,3,pt_d128l3h8p16s8ep20lr0.0001,12257,0.4665575325489044
087bc4204377,traffic,patchtst,rls_feat_l0.99,rls_sweep,0.0,96,3,pt_d128l3h8p16s8ep20lr0.0001,12257,0.4825661778450012
a3996e436d81,traffic,patchtst,rls_feat_l0.995,rls_sweep,0.0,96,3,pt_d128l3h8p16s8ep20lr0.0001,12257,0.46818187832832336
76b9c5aa54e0,traffic,patchtst,rls_feat_l0.9995,rls_sweep,0.0,96,3,pt_d128l3h8p16s8ep20lr0.0001,12257,30.172317504882812
5f28d79cffd6,traffic,patchtst,rls_feat_l0.9999,rls_sweep,0.0,96,3,pt_d128l3h8p16s8ep20lr0.0001,12257,0.47964683175086975
64555c5fbdd6,traffic,patchtst,rls_feat_l1,rls_sweep,0.0,96,3,pt_d128l3h8p16s8ep20lr0.0001,12257,0.4832913279533386
c4c989d7bf29,traffic,patchtst,rls_feat_noclip,rls_ablation,0.0,96,3,pt_d128l3h8p16s8ep20lr0.0001,12257,85013208.0
f796eef528c1,traffic,patchtst,snaive,naive,0.0,96,3,pt_d128l3h8p16s8ep20lr0.0001,12257,0.7830793857574463
452d9202c43c,traffic,patchtst_ext,bias_ema,simple,0.0,24,3,patchtst_ext,12256,0.4527739882469177
ab462e44a69d,traffic,patchtst_ext,cosa,external_tta,0.0,24,3,patchtst_ext,12256,0.41209152340888977
6f930d80d6fd,traffic,patchtst_ext,frozen,frozen,0.0,24,3,patchtst_ext,12256,0.4134211838245392
a39c2ed1ad16,traffic,patchtst_ext,frozen,external_tta,0.0,24,3,patchtst_ext,12256,0.4134211838245392
029294f4d6be,traffic,patchtst_ext,gd_feat_sgd0.0001,gd,0.0,24,3,patchtst_ext,12256,0.41191115975379944
8d491aa3f532,traffic,patchtst_ext,gd_feat_sgd0.001,gd,0.0,24,3,patchtst_ext,12256,4.339358760381843e+29
233a031fa011,traffic,patchtst_ext,gd_feat_sgddec0.001,gd,0.0,24,3,patchtst_ext,12256,0.4256919324398041
dde53e76ca9f,traffic,patchtst_ext,naive,naive,0.0,24,3,patchtst_ext,12256,2.5741820335388184
58084435e45a,traffic,patchtst_ext,petsa,external_tta,0.0,24,3,patchtst_ext,12256,0.460297554731369
b3951e91dd82,traffic,patchtst_ext,rls_bank_med,rls,0.0,24,3,patchtst_ext,12256,0.4095779061317444
e1017fc7bfac,traffic,patchtst_ext,rls_bank_med_noclip,rls_ablation,0.0,24,3,patchtst_ext,12256,0.40961843729019165
3305e8e773f3,traffic,patchtst_ext,rls_feat,rls,0.0,24,3,patchtst_ext,12256,0.4111734926700592
45bf373a1917,traffic,patchtst_ext,rls_feat_noclip,rls_ablation,0.0,24,3,patchtst_ext,12256,43648.859375
f27bec02ef39,traffic,patchtst_ext,snaive,naive,0.0,24,3,patchtst_ext,12256,0.7830989956855774
7ddf854edf11,traffic,patchtst_ext,tafas,external_tta,0.0,24,3,patchtst_ext,12256,0.4115413427352905
21dbfadd0a2c,traffic,patchtst_ext,bias_ema,simple,0.0,48,3,patchtst_ext,12256,0.46052244305610657
a64f600434a7,traffic,patchtst_ext,cosa,external_tta,0.0,48,3,patchtst_ext,12256,0.4135527014732361
bcae8d0b6f74,traffic,patchtst_ext,frozen,frozen,0.0,48,3,patchtst_ext,12256,0.4134211838245392
27552ca625da,traffic,patchtst_ext,gd_feat_sgd0.0001,gd,0.0,48,3,patchtst_ext,12256,0.4099815785884857
220478d0729a,traffic,patchtst_ext,gd_feat_sgd0.001,gd,0.0,48,3,patchtst_ext,12256,7.16604143873718e+28
d40250b04f9a,traffic,patchtst_ext,gd_feat_sgddec0.001,gd,0.0,48,3,patchtst_ext,12256,0.42137327790260315
0ba0140d3a41,traffic,patchtst_ext,naive,naive,0.0,48,3,patchtst_ext,12256,2.5741820335388184
adcc9559cd9a,traffic,patchtst_ext,petsa,external_tta,0.0,48,3,patchtst_ext,12256,0.45570793747901917
7f4bd9b2ef69,traffic,patchtst_ext,rls_bank_med,rls,0.0,48,3,patchtst_ext,12256,0.40707331895828247
eb22a2602676,traffic,patchtst_ext,rls_bank_med_noclip,rls_ablation,0.0,48,3,patchtst_ext,12256,0.40712714195251465
ac6de1da00ce,traffic,patchtst_ext,rls_feat,rls,0.0,48,3,patchtst_ext,12256,0.40818077325820923
dc062a798a46,traffic,patchtst_ext,rls_feat_noclip,rls_ablation,0.0,48,3,patchtst_ext,12256,24716.755859375
a8869f399ed9,traffic,patchtst_ext,snaive,naive,0.0,48,3,patchtst_ext,12256,0.7830989956855774
88a2f6139a4c,traffic,patchtst_ext,tafas,external_tta,0.0,48,3,patchtst_ext,12256,0.41674742102622986
c1220ba56601,traffic,patchtst_ext,bias_ema,simple,0.0,96,3,patchtst_ext,12256,0.4606914520263672
f3c4731f4ace,traffic,patchtst_ext,cosa,external_tta,0.0,96,3,patchtst_ext,12256,0.4124864637851715
a5d8861546f6,traffic,patchtst_ext,frozen,frozen,0.0,96,3,patchtst_ext,12256,0.4134211838245392
01c8dc11a666,traffic,patchtst_ext,gd_feat_sgd0.0001,gd,0.0,96,3,patchtst_ext,12256,0.4091005027294159
4834e862f06e,traffic,patchtst_ext,gd_feat_sgd0.001,gd,0.0,96,3,patchtst_ext,12256,3.259816715454195e+29
c8f957d60b06,traffic,patchtst_ext,gd_feat_sgddec0.001,gd,0.0,96,3,patchtst_ext,12256,0.4199177026748657
278b5161013a,traffic,patchtst_ext,naive,naive,0.0,96,3,patchtst_ext,12256,2.5741820335388184
50b7db8abbb7,traffic,patchtst_ext,petsa,external_tta,0.0,96,3,patchtst_ext,12256,0.4552765488624573
0f96533d4d35,traffic,patchtst_ext,rls_bank_med,rls,0.0,96,3,patchtst_ext,12256,0.40596267580986023
2ecb6018b9e5,traffic,patchtst_ext,rls_bank_med_noclip,rls_ablation,0.0,96,3,patchtst_ext,12256,0.4059878885746002
f336e1f14b2e,traffic,patchtst_ext,rls_feat,rls,0.0,96,3,patchtst_ext,12256,0.4069902002811432
8d576629f499,traffic,patchtst_ext,rls_feat_noclip,rls_ablation,0.0,96,3,patchtst_ext,12256,50662.3828125
7bf4b0c7febf,traffic,patchtst_ext,snaive,naive,0.0,96,3,patchtst_ext,12256,0.7830989956855774
f6ba3e6bb648,traffic,patchtst_ext,tafas,external_tta,0.0,96,3,patchtst_ext,12256,0.41617581248283386
fbc163e4d7bb,weather,dlinear,bias_ema,simple,0.0,1,3,,36864,1.0727789402008057
646d8b9bd97f,weather,dlinear,elf_linear,elf,0.0,1,3,,36864,0.7295518517494202
59420b3f1e77,weather,dlinear,elf_mix,elf,0.0,1,3,,36864,0.6533574461936951
0ad18d0b34e6,weather,dlinear,frozen,frozen,0.0,1,3,,36864,1.4117587804794312
b295d1b3577a,weather,dlinear,gd_calib_sgd0.0001,gd,0.0,1,3,,36864,0.8039368391036987
84e8b3ce9962,weather,dlinear,gd_calib_sgd0.001,gd,0.0,1,3,,36864,40.74809646606445
70fefa9ec1b5,weather,dlinear,gd_calib_sgd0.01,gd,0.0,1,3,,36864,
2929cef06184,weather,dlinear,gd_calib_sgd0.1,gd,0.0,1,3,,36864,
7894c2e77a81,weather,dlinear,gd_feat_adam0.01,gd,0.0,1,3,,36864,0.6108998656272888
1a9c8921c0d6,weather,dlinear,gd_feat_sgd0.0001,gd,0.0,1,3,,36864,0.664114773273468
fb71d303942e,weather,dlinear,gd_feat_sgd0.001,gd,0.0,1,3,,36864,37018520.0
453660159a85,weather,dlinear,gd_feat_sgd0.01,gd,0.0,1,3,,36864,
19278d7d3781,weather,dlinear,gd_feat_sgd0.1,gd,0.0,1,3,,36864,
dd0daf4e9ef0,weather,dlinear,gd_feat_sgddec0.001,gd,0.0,1,3,,36864,0.9837307333946228
29a6ce7d9a73,weather,dlinear,gd_feat_sgddec0.01,gd,0.0,1,3,,36864,inf
c17c3707bba5,weather,dlinear,gd_feat_sgddec0.1,gd,0.0,1,3,,36864,
5a22f68ecd86,weather,dlinear,naive,naive,0.0,1,3,,36864,1.0429818630218506
0b781772dc50,weather,dlinear,nlms_feat,classic,0.0,1,3,,36864,1.3390767574310303
15c9f886ae95,weather,dlinear,nlms_feat_mu0.02,classic,0.0,1,3,,36864,0.7443851828575134
f68f233ef965,weather,dlinear,nlms_feat_mu0.05,classic,0.0,1,3,,36864,1.0292249917984009
23bb7fb61128,weather,dlinear,nlms_feat_mu0.3,classic,0.0,1,3,,36864,1.7313737869262695
02aae9700147,weather,dlinear,rls_bank_dftl,rls_ablation,0.0,1,3,,36864,0.6394568085670471
74d1f79d2ba4,weather,dlinear,rls_bank_ftl,rls_ablation,0.0,1,3,,36864,0.6205796003341675
2025a3ac1c2a,weather,dlinear,rls_bank_med,rls,0.0,1,3,,36864,0.5752573013305664
b91ac265a31a,weather,dlinear,rls_bank_med_noclip,rls_ablation,0.0,1,3,,36864,0.5739821195602417
ffff91f4d88f,weather,dlinear,rls_calib,rls,0.0,1,3,,36864,0.6620094776153564
49b51586df62,weather,dlinear,rls_feat,rls,0.0,1,3,,36864,0.5912755727767944
89af62f7949b,weather,dlinear,rls_feat_l0.99,rls_sweep,0.0,1,3,,36864,0.7926477789878845
7d8e3935f422,weather,dlinear,rls_feat_l0.995,rls_sweep,0.0,1,3,,36864,0.7288917899131775
6a6abbaee574,weather,dlinear,rls_feat_l0.9995,rls_sweep,0.0,1,3,,36864,0.5923900604248047
f97eea7e255e,weather,dlinear,rls_feat_l0.9999,rls_sweep,0.0,1,3,,36864,0.6114810705184937
9901b386e0ab,weather,dlinear,rls_feat_l1,rls_sweep,0.0,1,3,,36864,0.6340901851654053
55a07da0d950,weather,dlinear,rls_feat_noclip,rls_ablation,0.0,1,3,,36864,0.5912742018699646
95722e930655,weather,dlinear,snaive,naive,0.0,1,3,,36864,1.7683537006378174
0adfd45e1e57,weather,dlinear,bias_ema,simple,0.0,24,3,,36864,1.8449201583862305
c343cf149285,weather,dlinear,elf_linear,elf,0.0,24,3,,36864,0.7744545936584473
017ca152f65b,weather,dlinear,elf_mix,elf,0.0,24,3,,36864,0.677383542060852
a37a13bed6fa,weather,dlinear,frozen,frozen,0.0,24,3,,36864,1.4117587804794312
328599c343c1,weather,dlinear,gd_calib_sgd0.0001,gd,0.0,24,3,,36864,0.8426780700683594
18ef86359aaf,weather,dlinear,gd_calib_sgd0.001,gd,0.0,24,3,,36864,1.6431596279144287
9a5d9ae9aa36,weather,dlinear,gd_calib_sgd0.01,gd,0.0,24,3,,36864,
d932b8114388,weather,dlinear,gd_calib_sgd0.1,gd,0.0,24,3,,36864,
3f88e44bfe27,weather,dlinear,gd_feat_adam0.01,gd,0.0,24,3,,36864,0.9426305890083313
debef5a2375c,weather,dlinear,gd_feat_sgd0.0001,gd,0.0,24,3,,36864,0.699352502822876
1bdea5695b3e,weather,dlinear,gd_feat_sgd0.001,gd,0.0,24,3,,36864,471369.75
f2cdfa82abd6,weather,dlinear,gd_feat_sgd0.01,gd,0.0,24,3,,36864,
41f9bb312ffb,weather,dlinear,gd_feat_sgd0.1,gd,0.0,24,3,,36864,
3b72ade68760,weather,dlinear,gd_feat_sgddec0.001,gd,0.0,24,3,,36864,0.6976286172866821
fea6b5dc56dc,weather,dlinear,gd_feat_sgddec0.01,gd,0.0,24,3,,36864,inf
54b2bad6fadc,weather,dlinear,gd_feat_sgddec0.1,gd,0.0,24,3,,36864,
327c22cd6bb4,weather,dlinear,naive,naive,0.0,24,3,,36864,1.0429818630218506
b5241afd3b5a,weather,dlinear,nlms_feat,classic,0.0,24,3,,36864,2.214256763458252
c40a9f8c3b01,weather,dlinear,nlms_feat_mu0.02,classic,0.0,24,3,,36864,0.8416454792022705
5eed45f49392,weather,dlinear,nlms_feat_mu0.05,classic,0.0,24,3,,36864,1.3658761978149414
0543d5778ee9,weather,dlinear,nlms_feat_mu0.3,classic,0.0,24,3,,36864,4.313344955444336
8daff24d47fe,weather,dlinear,rls_bank_dftl,rls_ablation,0.0,24,3,,36864,10.671184539794922
c82001d5c677,weather,dlinear,rls_bank_ftl,rls_ablation,0.0,24,3,,36864,10.519122123718262
7c20e49d6057,weather,dlinear,rls_bank_med,rls,0.0,24,3,,36864,0.804524302482605
6922b3022464,weather,dlinear,rls_bank_med_noclip,rls_ablation,0.0,24,3,,36864,0.8039229512214661
8d0baa8bdd3d,weather,dlinear,rls_calib,rls,0.0,24,3,,36864,0.7817902565002441
c2c37fe7a153,weather,dlinear,rls_feat,rls,0.0,24,3,,36864,1.2377903461456299
7e4869bb350a,weather,dlinear,rls_feat_l0.99,rls_sweep,0.0,24,3,,36864,12.506641387939453
73028f475b41,weather,dlinear,rls_feat_l0.995,rls_sweep,0.0,24,3,,36864,5.735981464385986
48a2129f0368,weather,dlinear,rls_feat_l0.9995,rls_sweep,0.0,24,3,,36864,0.8204697966575623
d08614f72766,weather,dlinear,rls_feat_l0.9999,rls_sweep,0.0,24,3,,36864,0.6503934860229492
1a813de3c23c,weather,dlinear,rls_feat_l1,rls_sweep,0.0,24,3,,36864,0.6578661203384399
517721631a70,weather,dlinear,rls_feat_noclip,rls_ablation,0.0,24,3,,36864,1.2377890348434448
a4ebc19098a5,weather,dlinear,snaive,naive,0.0,24,3,,36864,1.7683537006378174
a94d1d234991,weather,dlinear,bias_ema,simple,0.0,48,3,,36864,2.238799571990967
447eff5c193c,weather,dlinear,elf_linear,elf,0.0,48,3,,36864,0.6859614849090576
d236dda65991,weather,dlinear,elf_mix,elf,0.0,48,3,,36864,0.6553230285644531
0f1c32ed5abb,weather,dlinear,frozen,frozen,0.0,48,3,,36864,1.4117587804794312
a047beb2e9b4,weather,dlinear,gd_calib_sgd0.0001,gd,0.0,48,3,,36864,0.8529879450798035
5fcef931ca6f,weather,dlinear,gd_calib_sgd0.001,gd,0.0,48,3,,36864,1.3732222318649292
519d30505eec,weather,dlinear,gd_calib_sgd0.01,gd,0.0,48,3,,36864,
3d1116d692a9,weather,dlinear,gd_calib_sgd0.1,gd,0.0,48,3,,36864,
c87fe5460f39,weather,dlinear,gd_feat_adam0.01,gd,0.0,48,3,,36864,1.1101469993591309
4d8deb92723e,weather,dlinear,gd_feat_sgd0.0001,gd,0.0,48,3,,36864,0.7094986438751221
96c58c72e05f,weather,dlinear,gd_feat_sgd0.001,gd,0.0,48,3,,36864,206822.890625
bc1ef43bffc9,weather,dlinear,gd_feat_sgd0.01,gd,0.0,48,3,,36864,
3e2cdf1a9aef,weather,dlinear,gd_feat_sgd0.1,gd,0.0,48,3,,36864,
16921fa423a4,weather,dlinear,gd_feat_sgddec0.001,gd,0.0,48,3,,36864,0.7094506025314331
a8cbc62017e6,weather,dlinear,gd_feat_sgddec0.01,gd,0.0,48,3,,36864,inf
f8bf928e081a,weather,dlinear,gd_feat_sgddec0.1,gd,0.0,48,3,,36864,
8a36ab309049,weather,dlinear,naive,naive,0.0,48,3,,36864,1.0429818630218506
7bfc5b508a81,weather,dlinear,nlms_feat,classic,0.0,48,3,,36864,2.3541252613067627
fd638fe1ed75,weather,dlinear,nlms_feat_mu0.02,classic,0.0,48,3,,36864,0.8319113850593567
ce8f98c73c26,weather,dlinear,nlms_feat_mu0.05,classic,0.0,48,3,,36864,1.3811018466949463
283265b0228f,weather,dlinear,nlms_feat_mu0.3,classic,0.0,48,3,,36864,4.520567893981934
0ef94622f61a,weather,dlinear,rls_bank_dftl,rls_ablation,0.0,48,3,,36864,13.84664535522461
04a68444d5ef,weather,dlinear,rls_bank_ftl,rls_ablation,0.0,48,3,,36864,13.62765884399414
946b291ce0b8,weather,dlinear,rls_bank_med,rls,0.0,48,3,,36864,0.8315783739089966
4c0fb3ae7bf7,weather,dlinear,rls_bank_med_noclip,rls_ablation,0.0,48,3,,36864,0.830890953540802
afa003ca75e4,weather,dlinear,rls_calib,rls,0.0,48,3,,36864,0.7326541543006897
9f7954bd3f7c,weather,dlinear,rls_feat,rls,0.0,48,3,,36864,1.316498041152954
4d8f56e7de72,weather,dlinear,rls_feat_l0.99,rls_sweep,0.0,48,3,,36864,15.706316947937012
796a351e1fec,weather,dlinear,rls_feat_l0.995,rls_sweep,0.0,48,3,,36864,6.872247695922852
ea87ed612842,weather,dlinear,rls_feat_l0.9995,rls_sweep,0.0,48,3,,36864,0.8353758454322815
aade64fa7871,weather,dlinear,rls_feat_l0.9999,rls_sweep,0.0,48,3,,36864,0.6458142399787903
19fc2c4a2ea3,weather,dlinear,rls_feat_l1,rls_sweep,0.0,48,3,,36864,0.655260443687439
5435bf8aeef6,weather,dlinear,rls_feat_noclip,rls_ablation,0.0,48,3,,36864,1.316497564315796
28dff5b5af49,weather,dlinear,snaive,naive,0.0,48,3,,36864,1.7683537006378174
080b446b7c86,weather,dlinear,bias_ema,simple,0.0,96,3,,36864,1.6216871738433838
38931503a024,weather,dlinear,elf_linear,elf,0.0,96,3,,36864,0.6251745223999023
51e81fe27f2a,weather,dlinear,elf_mix,elf,0.0,96,3,,36864,0.645919680595398
a683eabc61bb,weather,dlinear,frozen,frozen,0.0,96,3,,36864,1.4117587804794312
3d2270fec363,weather,dlinear,gd_calib_sgd0.0001,gd,0.0,96,3,,36864,0.8566789031028748
a78fe7bf7e0e,weather,dlinear,gd_calib_sgd0.001,gd,0.0,96,3,,36864,0.7740128040313721
807130b9c6d6,weather,dlinear,gd_calib_sgd0.01,gd,0.0,96,3,,36864,
68fdcaf1f570,weather,dlinear,gd_calib_sgd0.1,gd,0.0,96,3,,36864,
bef081ce4269,weather,dlinear,gd_feat_adam0.01,gd,0.0,96,3,,36864,1.230056643486023
d51cb02a2b66,weather,dlinear,gd_feat_sgd0.0001,gd,0.0,96,3,,36864,0.7153285145759583
397ec0f66636,weather,dlinear,gd_feat_sgd0.001,gd,0.0,96,3,,36864,301458.28125
42047b2fd2f3,weather,dlinear,gd_feat_sgd0.01,gd,0.0,96,3,,36864,
57b5cc7de23d,weather,dlinear,gd_feat_sgd0.1,gd,0.0,96,3,,36864,
aaf37e3d4e8a,weather,dlinear,gd_feat_sgddec0.001,gd,0.0,96,3,,36864,0.6940440535545349
5ed559563bbd,weather,dlinear,gd_feat_sgddec0.01,gd,0.0,96,3,,36864,inf
34e5660aa6e1,weather,dlinear,gd_feat_sgddec0.1,gd,0.0,96,3,,36864,
645cd34622bd,weather,dlinear,naive,naive,0.0,96,3,,36864,1.0429818630218506
987e48a2ef04,weather,dlinear,nlms_feat,classic,0.0,96,3,,36864,2.223069667816162
1c6d0a37aaca,weather,dlinear,nlms_feat_mu0.02,classic,0.0,96,3,,36864,0.8006210923194885
02349c1193ea,weather,dlinear,nlms_feat_mu0.05,classic,0.0,96,3,,36864,1.2596123218536377
937892f3f311,weather,dlinear,nlms_feat_mu0.3,classic,0.0,96,3,,36864,5.084280014038086
9d6f5cd9dabb,weather,dlinear,rls_bank_dftl,rls_ablation,0.0,96,3,,36864,1.3737982511520386
efe75538f464,weather,dlinear,rls_bank_ftl,rls_ablation,0.0,96,3,,36864,1.3165160417556763
bac6ee96f746,weather,dlinear,rls_bank_med,rls,0.0,96,3,,36864,0.6287702918052673
4aab38340291,weather,dlinear,rls_bank_med_noclip,rls_ablation,0.0,96,3,,36864,0.6282863616943359
e75ce2fe42b9,weather,dlinear,rls_calib,rls,0.0,96,3,,36864,0.7113616466522217
bf79b2aabd6d,weather,dlinear,rls_feat,rls,0.0,96,3,,36864,0.6611981987953186
7445364de445,weather,dlinear,rls_feat_l0.99,rls_sweep,0.0,96,3,,36864,1.5909860134124756
5c04b4c3638a,weather,dlinear,rls_feat_l0.995,rls_sweep,0.0,96,3,,36864,1.0835522413253784
e83cf3867d97,weather,dlinear,rls_feat_l0.9995,rls_sweep,0.0,96,3,,36864,0.6331675052642822
134aac6c06ed,weather,dlinear,rls_feat_l0.9999,rls_sweep,0.0,96,3,,36864,0.6330673098564148
38ae583accd9,weather,dlinear,rls_feat_l1,rls_sweep,0.0,96,3,,36864,0.6519472002983093
490ef8240b32,weather,dlinear,rls_feat_noclip,rls_ablation,0.0,96,3,,36864,0.6611975431442261
eb8cfb8f07a9,weather,dlinear,snaive,naive,0.0,96,3,,36864,1.7683537006378174
1fe5fcc76ca1,weather,patchtst,bias_ema,simple,0.0,1,3,pt_d128l3h8p16s8ep20lr0.0001,36864,0.507904052734375
51d815b8467c,weather,patchtst,elf_linear,elf,0.0,1,3,pt_d128l3h8p16s8ep20lr0.0001,36864,0.7295518517494202
4c62e79c71fc,weather,patchtst,elf_mix,elf,0.0,1,3,pt_d128l3h8p16s8ep20lr0.0001,36864,0.561652660369873
780ed63b0744,weather,patchtst,frozen,frozen,0.0,1,3,pt_d128l3h8p16s8ep20lr0.0001,36864,1.1203418970108032
0ef163231bc4,weather,patchtst,gd_calib_sgd0.0001,gd,0.0,1,3,pt_d128l3h8p16s8ep20lr0.0001,36864,0.6786769032478333
fca53240670d,weather,patchtst,gd_calib_sgd0.001,gd,0.0,1,3,pt_d128l3h8p16s8ep20lr0.0001,36864,0.5940477252006531
58cdcb499d20,weather,patchtst,gd_calib_sgd0.01,gd,0.0,1,3,pt_d128l3h8p16s8ep20lr0.0001,36864,309918695424.0
bc4ce1ba66ee,weather,patchtst,gd_calib_sgd0.1,gd,0.0,1,3,pt_d128l3h8p16s8ep20lr0.0001,36864,
7262bab4e6f0,weather,patchtst,gd_feat_adam0.01,gd,0.0,1,3,pt_d128l3h8p16s8ep20lr0.0001,36864,0.6038706302642822
14a23ccad3cc,weather,patchtst,gd_feat_sgd0.0001,gd,0.0,1,3,pt_d128l3h8p16s8ep20lr0.0001,36864,0.6524549722671509
88814f789afb,weather,patchtst,gd_feat_sgd0.001,gd,0.0,1,3,pt_d128l3h8p16s8ep20lr0.0001,36864,1066.5172119140625
001829b39eb6,weather,patchtst,gd_feat_sgd0.01,gd,0.0,1,3,pt_d128l3h8p16s8ep20lr0.0001,36864,
672df09c8de6,weather,patchtst,gd_feat_sgd0.1,gd,0.0,1,3,pt_d128l3h8p16s8ep20lr0.0001,36864,
26f53dd7a62a,weather,patchtst,gd_feat_sgddec0.001,gd,0.0,1,3,pt_d128l3h8p16s8ep20lr0.0001,36864,0.6457622051239014
101bd495e7ce,weather,patchtst,gd_feat_sgddec0.01,gd,0.0,1,3,pt_d128l3h8p16s8ep20lr0.0001,36864,3.7621042145205016e+24
46c4696901bb,weather,patchtst,gd_feat_sgddec0.1,gd,0.0,1,3,pt_d128l3h8p16s8ep20lr0.0001,36864,
9aab9a9eab35,weather,patchtst,naive,naive,0.0,1,3,pt_d128l3h8p16s8ep20lr0.0001,36864,1.0429818630218506
7537298ca27c,weather,patchtst,nlms_feat,classic,0.0,1,3,pt_d128l3h8p16s8ep20lr0.0001,36864,1.2348889112472534
79216ea9de0e,weather,patchtst,nlms_feat_mu0.02,classic,0.0,1,3,pt_d128l3h8p16s8ep20lr0.0001,36864,0.6806517839431763
91f5ce64d458,weather,patchtst,nlms_feat_mu0.05,classic,0.0,1,3,pt_d128l3h8p16s8ep20lr0.0001,36864,0.9575985670089722
1d21d0f5fae3,weather,patchtst,nlms_feat_mu0.3,classic,0.0,1,3,pt_d128l3h8p16s8ep20lr0.0001,36864,1.4360707998275757
3f3c24cabc0a,weather,patchtst,rls_bank_dftl,rls_ablation,0.0,1,3,pt_d128l3h8p16s8ep20lr0.0001,36864,1.2118091583251953
4ec5a1362e63,weather,patchtst,rls_bank_ftl,rls_ablation,0.0,1,3,pt_d128l3h8p16s8ep20lr0.0001,36864,1.0951014757156372
e839162bd802,weather,patchtst,rls_bank_med,rls,0.0,1,3,pt_d128l3h8p16s8ep20lr0.0001,36864,0.6185930967330933
da1b1327c6bc,weather,patchtst,rls_bank_med_noclip,rls_ablation,0.0,1,3,pt_d128l3h8p16s8ep20lr0.0001,36864,0.6160441637039185
ffee3b951c3b,weather,patchtst,rls_calib,rls,0.0,1,3,pt_d128l3h8p16s8ep20lr0.0001,36864,0.648946225643158
65544cc01142,weather,patchtst,rls_feat,rls,0.0,1,3,pt_d128l3h8p16s8ep20lr0.0001,36864,0.6740615963935852
01c22dd4adf8,weather,patchtst,rls_feat_l0.99,rls_sweep,0.0,1,3,pt_d128l3h8p16s8ep20lr0.0001,36864,1.3207050561904907
7b31d903cad9,weather,patchtst,rls_feat_l0.995,rls_sweep,0.0,1,3,pt_d128l3h8p16s8ep20lr0.0001,36864,1.1275513172149658
cc33bb4fb5ac,weather,patchtst,rls_feat_l0.9995,rls_sweep,0.0,1,3,pt_d128l3h8p16s8ep20lr0.0001,36864,0.6503905057907104
03b0fbf1d89b,weather,patchtst,rls_feat_l0.9999,rls_sweep,0.0,1,3,pt_d128l3h8p16s8ep20lr0.0001,36864,0.6955543756484985
319b8e785e5f,weather,patchtst,rls_feat_l1,rls_sweep,0.0,1,3,pt_d128l3h8p16s8ep20lr0.0001,36864,0.7274190783500671
da203faec9fe,weather,patchtst,rls_feat_noclip,rls_ablation,0.0,1,3,pt_d128l3h8p16s8ep20lr0.0001,36864,0.6740614175796509
0dda9b235f30,weather,patchtst,snaive,naive,0.0,1,3,pt_d128l3h8p16s8ep20lr0.0001,36864,1.7683537006378174
ecb0f91d9755,weather,patchtst,bias_ema,simple,0.0,24,3,pt_d128l3h8p16s8ep20lr0.0001,36864,0.8125029802322388
5ebc7b482ef6,weather,patchtst,elf_linear,elf,0.0,24,3,pt_d128l3h8p16s8ep20lr0.0001,36864,0.7744545936584473
08b65a6b3381,weather,patchtst,elf_mix,elf,0.0,24,3,pt_d128l3h8p16s8ep20lr0.0001,36864,0.592660129070282
0e72c61d9e8f,weather,patchtst,frozen,frozen,0.0,24,3,pt_d128l3h8p16s8ep20lr0.0001,36864,1.1203418970108032
7acd0550daed,weather,patchtst,gd_calib_sgd0.0001,gd,0.0,24,3,pt_d128l3h8p16s8ep20lr0.0001,36864,0.6884868144989014
0bb3dac95ade,weather,patchtst,gd_calib_sgd0.001,gd,0.0,24,3,pt_d128l3h8p16s8ep20lr0.0001,36864,0.6511819958686829
ed39f661156e,weather,patchtst,gd_calib_sgd0.01,gd,0.0,24,3,pt_d128l3h8p16s8ep20lr0.0001,36864,9349678080.0
2637a0049364,weather,patchtst,gd_calib_sgd0.1,gd,0.0,24,3,pt_d128l3h8p16s8ep20lr0.0001,36864,
5260d262929c,weather,patchtst,gd_feat_adam0.01,gd,0.0,24,3,pt_d128l3h8p16s8ep20lr0.0001,36864,0.9758520126342773
28bbc3f27d08,weather,patchtst,gd_feat_sgd0.0001,gd,0.0,24,3,pt_d128l3h8p16s8ep20lr0.0001,36864,0.6705746650695801
3e7fb669d561,weather,patchtst,gd_feat_sgd0.001,gd,0.0,24,3,pt_d128l3h8p16s8ep20lr0.0001,36864,11.898722648620605
006b72c25735,weather,patchtst,gd_feat_sgd0.01,gd,0.0,24,3,pt_d128l3h8p16s8ep20lr0.0001,36864,
221bf885cb60,weather,patchtst,gd_feat_sgd0.1,gd,0.0,24,3,pt_d128l3h8p16s8ep20lr0.0001,36864,
c2afb83628c1,weather,patchtst,gd_feat_sgddec0.001,gd,0.0,24,3,pt_d128l3h8p16s8ep20lr0.0001,36864,0.6626917719841003
98413a616f20,weather,patchtst,gd_feat_sgddec0.01,gd,0.0,24,3,pt_d128l3h8p16s8ep20lr0.0001,36864,2.4959700673075106e+21
76e41a8cd697,weather,patchtst,gd_feat_sgddec0.1,gd,0.0,24,3,pt_d128l3h8p16s8ep20lr0.0001,36864,
a5c2cf84aee1,weather,patchtst,naive,naive,0.0,24,3,pt_d128l3h8p16s8ep20lr0.0001,36864,1.0429818630218506
e9460eb626d3,weather,patchtst,nlms_feat,classic,0.0,24,3,pt_d128l3h8p16s8ep20lr0.0001,36864,2.1582250595092773
aeec592d911b,weather,patchtst,nlms_feat_mu0.02,classic,0.0,24,3,pt_d128l3h8p16s8ep20lr0.0001,36864,0.8040886521339417
62338f1c2d27,weather,patchtst,nlms_feat_mu0.05,classic,0.0,24,3,pt_d128l3h8p16s8ep20lr0.0001,36864,1.3448224067687988
bbf5fa9c19a7,weather,patchtst,nlms_feat_mu0.3,classic,0.0,24,3,pt_d128l3h8p16s8ep20lr0.0001,36864,4.027795791625977
44df0bdc34ef,weather,patchtst,rls_bank_dftl,rls_ablation,0.0,24,3,pt_d128l3h8p16s8ep20lr0.0001,36864,1.8155356645584106
669f1c713218,weather,patchtst,rls_bank_ftl,rls_ablation,0.0,24,3,pt_d128l3h8p16s8ep20lr0.0001,36864,1.5933877229690552
ae99cb28796d,weather,patchtst,rls_bank_med,rls,0.0,24,3,pt_d128l3h8p16s8ep20lr0.0001,36864,0.66836017370224
5d976b292dcd,weather,patchtst,rls_bank_med_noclip,rls_ablation,0.0,24,3,pt_d128l3h8p16s8ep20lr0.0001,36864,0.6677891612052917
4a3073752d29,weather,patchtst,rls_calib,rls,0.0,24,3,pt_d128l3h8p16s8ep20lr0.0001,36864,0.7080610394477844
3c3bd851ee31,weather,patchtst,rls_feat,rls,0.0,24,3,pt_d128l3h8p16s8ep20lr0.0001,36864,0.7221089005470276
573a24fd3fb3,weather,patchtst,rls_feat_l0.99,rls_sweep,0.0,24,3,pt_d128l3h8p16s8ep20lr0.0001,36864,2.075458526611328
59e41557ffbc,weather,patchtst,rls_feat_l0.995,rls_sweep,0.0,24,3,pt_d128l3h8p16s8ep20lr0.0001,36864,1.7171473503112793
b9def8484c63,weather,patchtst,rls_feat_l0.9995,rls_sweep,0.0,24,3,pt_d128l3h8p16s8ep20lr0.0001,36864,0.6835748553276062
992a3a4cbe8b,weather,patchtst,rls_feat_l0.9999,rls_sweep,0.0,24,3,pt_d128l3h8p16s8ep20lr0.0001,36864,0.7154948115348816
ad6742a8341b,weather,patchtst,rls_feat_l1,rls_sweep,0.0,24,3,pt_d128l3h8p16s8ep20lr0.0001,36864,0.7437984943389893
09902097eb54,weather,patchtst,rls_feat_noclip,rls_ablation,0.0,24,3,pt_d128l3h8p16s8ep20lr0.0001,36864,0.7221089005470276
35f4d3c4e51c,weather,patchtst,snaive,naive,0.0,24,3,pt_d128l3h8p16s8ep20lr0.0001,36864,1.7683537006378174
c4c5df136474,weather,patchtst,bias_ema,simple,0.0,48,3,pt_d128l3h8p16s8ep20lr0.0001,36864,0.9476053714752197
130ee2c2f7a0,weather,patchtst,elf_linear,elf,0.0,48,3,pt_d128l3h8p16s8ep20lr0.0001,36864,0.6859614849090576
c8be0a25635a,weather,patchtst,elf_mix,elf,0.0,48,3,pt_d128l3h8p16s8ep20lr0.0001,36864,0.5812215209007263
4163e3db7925,weather,patchtst,frozen,frozen,0.0,48,3,pt_d128l3h8p16s8ep20lr0.0001,36864,1.1203418970108032
1c0092238e82,weather,patchtst,gd_calib_sgd0.0001,gd,0.0,48,3,pt_d128l3h8p16s8ep20lr0.0001,36864,0.6924629807472229
6b3fa437e0bd,weather,patchtst,gd_calib_sgd0.001,gd,0.0,48,3,pt_d128l3h8p16s8ep20lr0.0001,36864,0.6700736880302429
ccd726703922,weather,patchtst,gd_calib_sgd0.01,gd,0.0,48,3,pt_d128l3h8p16s8ep20lr0.0001,36864,1546418176.0
db84de8440d6,weather,patchtst,gd_calib_sgd0.1,gd,0.0,48,3,pt_d128l3h8p16s8ep20lr0.0001,36864,
54bd7abb842e,weather,patchtst,gd_feat_adam0.01,gd,0.0,48,3,pt_d128l3h8p16s8ep20lr0.0001,36864,1.1832633018493652
72f72853214b,weather,patchtst,gd_feat_sgd0.0001,gd,0.0,48,3,pt_d128l3h8p16s8ep20lr0.0001,36864,0.6746659874916077
e6e7c36acf4b,weather,patchtst,gd_feat_sgd0.001,gd,0.0,48,3,pt_d128l3h8p16s8ep20lr0.0001,36864,7.837837219238281
605ee64b38b1,weather,patchtst,gd_feat_sgd0.01,gd,0.0,48,3,pt_d128l3h8p16s8ep20lr0.0001,36864,
56df6882b8d6,weather,patchtst,gd_feat_sgd0.1,gd,0.0,48,3,pt_d128l3h8p16s8ep20lr0.0001,36864,
ce06ab660e8d,weather,patchtst,gd_feat_sgddec0.001,gd,0.0,48,3,pt_d128l3h8p16s8ep20lr0.0001,36864,0.6715496182441711
2f5059200ec7,weather,patchtst,gd_feat_sgddec0.01,gd,0.0,48,3,pt_d128l3h8p16s8ep20lr0.0001,36864,1.7575932271885843e+21
bed87acbc96d,weather,patchtst,gd_feat_sgddec0.1,gd,0.0,48,3,pt_d128l3h8p16s8ep20lr0.0001,36864,
01a4d0381279,weather,patchtst,naive,naive,0.0,48,3,pt_d128l3h8p16s8ep20lr0.0001,36864,1.0429818630218506
13091cf7429d,weather,patchtst,nlms_feat,classic,0.0,48,3,pt_d128l3h8p16s8ep20lr0.0001,36864,2.4134883880615234
5606f1303d8a,weather,patchtst,nlms_feat_mu0.02,classic,0.0,48,3,pt_d128l3h8p16s8ep20lr0.0001,36864,0.8300431370735168
23520d824706,weather,patchtst,nlms_feat_mu0.05,classic,0.0,48,3,pt_d128l3h8p16s8ep20lr0.0001,36864,1.4550049304962158
e73ed8d72d00,weather,patchtst,nlms_feat_mu0.3,classic,0.0,48,3,pt_d128l3h8p16s8ep20lr0.0001,36864,4.48509407043457
782dc4531ac3,weather,patchtst,rls_bank_dftl,rls_ablation,0.0,48,3,pt_d128l3h8p16s8ep20lr0.0001,36864,1.2391464710235596
5d2114bfa7d2,weather,patchtst,rls_bank_ftl,rls_ablation,0.0,48,3,pt_d128l3h8p16s8ep20lr0.0001,36864,1.1493124961853027
e35fa5df3040,weather,patchtst,rls_bank_med,rls,0.0,48,3,pt_d128l3h8p16s8ep20lr0.0001,36864,0.6690672636032104
83bbdcaebe11,weather,patchtst,rls_bank_med_noclip,rls_ablation,0.0,48,3,pt_d128l3h8p16s8ep20lr0.0001,36864,0.6684062480926514
33c919ae44f0,weather,patchtst,rls_calib,rls,0.0,48,3,pt_d128l3h8p16s8ep20lr0.0001,36864,0.6690844893455505
84fb1f6a45cc,weather,patchtst,rls_feat,rls,0.0,48,3,pt_d128l3h8p16s8ep20lr0.0001,36864,0.7048892378807068
c4600108b4e7,weather,patchtst,rls_feat_l0.99,rls_sweep,0.0,48,3,pt_d128l3h8p16s8ep20lr0.0001,36864,1.472638726234436
6beb21f7b257,weather,patchtst,rls_feat_l0.995,rls_sweep,0.0,48,3,pt_d128l3h8p16s8ep20lr0.0001,36864,1.2539372444152832
75c2535dbf0b,weather,patchtst,rls_feat_l0.9995,rls_sweep,0.0,48,3,pt_d128l3h8p16s8ep20lr0.0001,36864,0.6803312301635742
4ec9e857b6fb,weather,patchtst,rls_feat_l0.9999,rls_sweep,0.0,48,3,pt_d128l3h8p16s8ep20lr0.0001,36864,0.7171596884727478
54a81a0d8bd3,weather,patchtst,rls_feat_l1,rls_sweep,0.0,48,3,pt_d128l3h8p16s8ep20lr0.0001,36864,0.7450213432312012
d07f3b2ab6e8,weather,patchtst,rls_feat_noclip,rls_ablation,0.0,48,3,pt_d128l3h8p16s8ep20lr0.0001,36864,0.704889178276062
175035ee81dc,weather,patchtst,snaive,naive,0.0,48,3,pt_d128l3h8p16s8ep20lr0.0001,36864,1.7683537006378174
1102c069b0e0,weather,patchtst,bias_ema,simple,0.0,96,3,pt_d128l3h8p16s8ep20lr0.0001,36864,0.8616439700126648
7ffe0a7b314f,weather,patchtst,elf_linear,elf,0.0,96,3,pt_d128l3h8p16s8ep20lr0.0001,36864,0.6251745223999023
93a82d1ea2a7,weather,patchtst,elf_mix,elf,0.0,96,3,pt_d128l3h8p16s8ep20lr0.0001,36864,0.5731882452964783
8e6a59b7814c,weather,patchtst,frozen,frozen,0.0,96,3,pt_d128l3h8p16s8ep20lr0.0001,36864,1.1203418970108032
5f295a5a21be,weather,patchtst,gd_calib_sgd0.0001,gd,0.0,96,3,pt_d128l3h8p16s8ep20lr0.0001,36864,0.6952593326568604
77ac346a7815,weather,patchtst,gd_calib_sgd0.001,gd,0.0,96,3,pt_d128l3h8p16s8ep20lr0.0001,36864,0.6641429662704468
2047e6dba736,weather,patchtst,gd_calib_sgd0.01,gd,0.0,96,3,pt_d128l3h8p16s8ep20lr0.0001,36864,22628188.0
6738af061c26,weather,patchtst,gd_calib_sgd0.1,gd,0.0,96,3,pt_d128l3h8p16s8ep20lr0.0001,36864,
3d7b7d4b9ffc,weather,patchtst,gd_feat_adam0.01,gd,0.0,96,3,pt_d128l3h8p16s8ep20lr0.0001,36864,1.2771731615066528
39fb91c31971,weather,patchtst,gd_feat_sgd0.0001,gd,0.0,96,3,pt_d128l3h8p16s8ep20lr0.0001,36864,0.6765739917755127
6264aa715ffc,weather,patchtst,gd_feat_sgd0.001,gd,0.0,96,3,pt_d128l3h8p16s8ep20lr0.0001,36864,11.349540710449219
a8676c3f276a,weather,patchtst,gd_feat_sgd0.01,gd,0.0,96,3,pt_d128l3h8p16s8ep20lr0.0001,36864,
cd4479ef62a9,weather,patchtst,gd_feat_sgd0.1,gd,0.0,96,3,pt_d128l3h8p16s8ep20lr0.0001,36864,
d4dd954966be,weather,patchtst,gd_feat_sgddec0.001,gd,0.0,96,3,pt_d128l3h8p16s8ep20lr0.0001,36864,0.672278642654419
033bf1576ab0,weather,patchtst,gd_feat_sgddec0.01,gd,0.0,96,3,pt_d128l3h8p16s8ep20lr0.0001,36864,8.624284299303517e+22
6e5291b3867a,weather,patchtst,gd_feat_sgddec0.1,gd,0.0,96,3,pt_d128l3h8p16s8ep20lr0.0001,36864,
32b9486e7dda,weather,patchtst,naive,naive,0.0,96,3,pt_d128l3h8p16s8ep20lr0.0001,36864,1.0429818630218506
8ce60f4350d4,weather,patchtst,nlms_feat,classic,0.0,96,3,pt_d128l3h8p16s8ep20lr0.0001,36864,2.5733540058135986
2489240c874d,weather,patchtst,nlms_feat_mu0.02,classic,0.0,96,3,pt_d128l3h8p16s8ep20lr0.0001,36864,0.7971279621124268
0cee0025e9c0,weather,patchtst,nlms_feat_mu0.05,classic,0.0,96,3,pt_d128l3h8p16s8ep20lr0.0001,36864,1.3922224044799805
c6e29d6c4e5e,weather,patchtst,nlms_feat_mu0.3,classic,0.0,96,3,pt_d128l3h8p16s8ep20lr0.0001,36864,5.3280348777771
cfc0a9fdaf52,weather,patchtst,rls_bank_dftl,rls_ablation,0.0,96,3,pt_d128l3h8p16s8ep20lr0.0001,36864,1.2989461421966553
d7d9c174ac1a,weather,patchtst,rls_bank_ftl,rls_ablation,0.0,96,3,pt_d128l3h8p16s8ep20lr0.0001,36864,1.2444775104522705
6a24a545f465,weather,patchtst,rls_bank_med,rls,0.0,96,3,pt_d128l3h8p16s8ep20lr0.0001,36864,0.667328417301178
a0a9295e2133,weather,patchtst,rls_bank_med_noclip,rls_ablation,0.0,96,3,pt_d128l3h8p16s8ep20lr0.0001,36864,0.6667664051055908
ef916a879d04,weather,patchtst,rls_calib,rls,0.0,96,3,pt_d128l3h8p16s8ep20lr0.0001,36864,0.6680659651756287
07074b5a8dc2,weather,patchtst,rls_feat,rls,0.0,96,3,pt_d128l3h8p16s8ep20lr0.0001,36864,0.6996848583221436
7d423e7447a8,weather,patchtst,rls_feat_l0.99,rls_sweep,0.0,96,3,pt_d128l3h8p16s8ep20lr0.0001,36864,1.4754106998443604
00e17b74bea1,weather,patchtst,rls_feat_l0.995,rls_sweep,0.0,96,3,pt_d128l3h8p16s8ep20lr0.0001,36864,1.2482056617736816
f8d36332a9e5,weather,patchtst,rls_feat_l0.9995,rls_sweep,0.0,96,3,pt_d128l3h8p16s8ep20lr0.0001,36864,0.6782867312431335
dfa06a54fac0,weather,patchtst,rls_feat_l0.9999,rls_sweep,0.0,96,3,pt_d128l3h8p16s8ep20lr0.0001,36864,0.716424286365509
d2b82ecf265e,weather,patchtst,rls_feat_l1,rls_sweep,0.0,96,3,pt_d128l3h8p16s8ep20lr0.0001,36864,0.7440292835235596
f9c0b4d27fc8,weather,patchtst,rls_feat_noclip,rls_ablation,0.0,96,3,pt_d128l3h8p16s8ep20lr0.0001,36864,0.6996849179267883
02eaee6277e6,weather,patchtst,snaive,naive,0.0,96,3,pt_d128l3h8p16s8ep20lr0.0001,36864,1.7683537006378174
7744c5311ea1,weather,patchtst,bias_ema,simple,1.0,1,3,pt_d128l3h8p16s8ep20lr0.0001,36864,0.506638765335083
de1d2f09d269,weather,patchtst,elf_linear,elf,1.0,1,3,pt_d128l3h8p16s8ep20lr0.0001,36864,0.7295518517494202
0143f4eb2835,weather,patchtst,elf_mix,elf,1.0,1,3,pt_d128l3h8p16s8ep20lr0.0001,36864,0.5633357167243958
40dbceefcbb1,weather,patchtst,frozen,frozen,1.0,1,3,pt_d128l3h8p16s8ep20lr0.0001,36864,1.1076197624206543
9e05fd4efbeb,weather,patchtst,gd_calib_sgd0.0001,gd,1.0,1,3,pt_d128l3h8p16s8ep20lr0.0001,36864,0.6765061020851135
e28caf95ea4a,weather,patchtst,gd_calib_sgd0.001,gd,1.0,1,3,pt_d128l3h8p16s8ep20lr0.0001,36864,0.5911852121353149
5f55cb25c7d1,weather,patchtst,gd_calib_sgd0.01,gd,1.0,1,3,pt_d128l3h8p16s8ep20lr0.0001,36864,3182992818176.0
e87492388bc2,weather,patchtst,gd_calib_sgd0.1,gd,1.0,1,3,pt_d128l3h8p16s8ep20lr0.0001,36864,
76206c1f2364,weather,patchtst,gd_feat_adam0.01,gd,1.0,1,3,pt_d128l3h8p16s8ep20lr0.0001,36864,0.6012491583824158
340fd348dbad,weather,patchtst,gd_feat_sgd0.0001,gd,1.0,1,3,pt_d128l3h8p16s8ep20lr0.0001,36864,0.6498923301696777
67a022a3d2fe,weather,patchtst,gd_feat_sgd0.001,gd,1.0,1,3,pt_d128l3h8p16s8ep20lr0.0001,36864,1576.7154541015625
01714ab44d89,weather,patchtst,gd_feat_sgd0.01,gd,1.0,1,3,pt_d128l3h8p16s8ep20lr0.0001,36864,
560ead38f10e,weather,patchtst,gd_feat_sgd0.1,gd,1.0,1,3,pt_d128l3h8p16s8ep20lr0.0001,36864,
79474776486f,weather,patchtst,gd_feat_sgddec0.001,gd,1.0,1,3,pt_d128l3h8p16s8ep20lr0.0001,36864,0.645160973072052
d81db27c9215,weather,patchtst,gd_feat_sgddec0.01,gd,1.0,1,3,pt_d128l3h8p16s8ep20lr0.0001,36864,2.917155425679878e+24
e83c4818081a,weather,patchtst,gd_feat_sgddec0.1,gd,1.0,1,3,pt_d128l3h8p16s8ep20lr0.0001,36864,
3605fffbd0d5,weather,patchtst,naive,naive,1.0,1,3,pt_d128l3h8p16s8ep20lr0.0001,36864,1.0429818630218506
f0cd343461bb,weather,patchtst,nlms_feat,classic,1.0,1,3,pt_d128l3h8p16s8ep20lr0.0001,36864,1.2484570741653442
4a3064085c3b,weather,patchtst,nlms_feat_mu0.02,classic,1.0,1,3,pt_d128l3h8p16s8ep20lr0.0001,36864,0.6791433691978455
39b91f8279de,weather,patchtst,nlms_feat_mu0.05,classic,1.0,1,3,pt_d128l3h8p16s8ep20lr0.0001,36864,0.9649078845977783
7ba3b52598ee,weather,patchtst,nlms_feat_mu0.3,classic,1.0,1,3,pt_d128l3h8p16s8ep20lr0.0001,36864,1.4594454765319824
9628a37115b2,weather,patchtst,rls_bank_dftl,rls_ablation,1.0,1,3,pt_d128l3h8p16s8ep20lr0.0001,36864,1.7239668369293213
b8241e491c54,weather,patchtst,rls_bank_ftl,rls_ablation,1.0,1,3,pt_d128l3h8p16s8ep20lr0.0001,36864,1.6177377700805664
f39c4e050529,weather,patchtst,rls_bank_med,rls,1.0,1,3,pt_d128l3h8p16s8ep20lr0.0001,36864,0.6356043815612793
f4f3dc52c748,weather,patchtst,rls_bank_med_noclip,rls_ablation,1.0,1,3,pt_d128l3h8p16s8ep20lr0.0001,36864,0.6330591440200806
67f6c03528fa,weather,patchtst,rls_calib,rls,1.0,1,3,pt_d128l3h8p16s8ep20lr0.0001,36864,0.6373575329780579
b23ff31acc08,weather,patchtst,rls_feat,rls,1.0,1,3,pt_d128l3h8p16s8ep20lr0.0001,36864,0.7330352067947388
dabc0aac8ab1,weather,patchtst,rls_feat_l0.99,rls_sweep,1.0,1,3,pt_d128l3h8p16s8ep20lr0.0001,36864,1.8321707248687744
f19f45b66ea2,weather,patchtst,rls_feat_l0.995,rls_sweep,1.0,1,3,pt_d128l3h8p16s8ep20lr0.0001,36864,1.4804295301437378
a423f6178253,weather,patchtst,rls_feat_l0.9995,rls_sweep,1.0,1,3,pt_d128l3h8p16s8ep20lr0.0001,36864,0.666784942150116
f1af72c987bc,weather,patchtst,rls_feat_l0.9999,rls_sweep,1.0,1,3,pt_d128l3h8p16s8ep20lr0.0001,36864,0.6928514242172241
d781f8e32efc,weather,patchtst,rls_feat_l1,rls_sweep,1.0,1,3,pt_d128l3h8p16s8ep20lr0.0001,36864,0.7241501808166504
b4892c0b9455,weather,patchtst,rls_feat_noclip,rls_ablation,1.0,1,3,pt_d128l3h8p16s8ep20lr0.0001,36864,0.733035147190094
7bddc79220f2,weather,patchtst,snaive,naive,1.0,1,3,pt_d128l3h8p16s8ep20lr0.0001,36864,1.7683537006378174
a45d387001f7,weather,patchtst,bias_ema,simple,1.0,24,3,pt_d128l3h8p16s8ep20lr0.0001,36864,0.8124735951423645
ad02f13cbd25,weather,patchtst,elf_linear,elf,1.0,24,3,pt_d128l3h8p16s8ep20lr0.0001,36864,0.7744545936584473
9cc015cf0293,weather,patchtst,elf_mix,elf,1.0,24,3,pt_d128l3h8p16s8ep20lr0.0001,36864,0.5925585627555847
7ecf7e57ef60,weather,patchtst,frozen,frozen,1.0,24,3,pt_d128l3h8p16s8ep20lr0.0001,36864,1.1076197624206543
fb032d3afa98,weather,patchtst,gd_calib_sgd0.0001,gd,1.0,24,3,pt_d128l3h8p16s8ep20lr0.0001,36864,0.6858018040657043
dd05a322ed34,weather,patchtst,gd_calib_sgd0.001,gd,1.0,24,3,pt_d128l3h8p16s8ep20lr0.0001,36864,0.647209882736206
6026e8400dfc,weather,patchtst,gd_calib_sgd0.01,gd,1.0,24,3,pt_d128l3h8p16s8ep20lr0.0001,36864,117138505728.0
6c328eebd49a,weather,patchtst,gd_calib_sgd0.1,gd,1.0,24,3,pt_d128l3h8p16s8ep20lr0.0001,36864,
ed6d72243ef7,weather,patchtst,gd_feat_adam0.01,gd,1.0,24,3,pt_d128l3h8p16s8ep20lr0.0001,36864,0.9722192287445068
c7da195279b2,weather,patchtst,gd_feat_sgd0.0001,gd,1.0,24,3,pt_d128l3h8p16s8ep20lr0.0001,36864,0.666441798210144
4f46e463469c,weather,patchtst,gd_feat_sgd0.001,gd,1.0,24,3,pt_d128l3h8p16s8ep20lr0.0001,36864,20.11770248413086
4eca568d0014,weather,patchtst,gd_feat_sgd0.01,gd,1.0,24,3,pt_d128l3h8p16s8ep20lr0.0001,36864,
60b305742925,weather,patchtst,gd_feat_sgd0.1,gd,1.0,24,3,pt_d128l3h8p16s8ep20lr0.0001,36864,
24e7ebb3de4b,weather,patchtst,gd_feat_sgddec0.001,gd,1.0,24,3,pt_d128l3h8p16s8ep20lr0.0001,36864,0.6590237617492676
309669bfc552,weather,patchtst,gd_feat_sgddec0.01,gd,1.0,24,3,pt_d128l3h8p16s8ep20lr0.0001,36864,1.9867804270630504e+21
c74f28b19b36,weather,patchtst,gd_feat_sgddec0.1,gd,1.0,24,3,pt_d128l3h8p16s8ep20lr0.0001,36864,
204134637ed3,weather,patchtst,naive,naive,1.0,24,3,pt_d128l3h8p16s8ep20lr0.0001,36864,1.0429818630218506
7dc4fbdb93f0,weather,patchtst,nlms_feat,classic,1.0,24,3,pt_d128l3h8p16s8ep20lr0.0001,36864,2.1685469150543213
5f85bdc64c61,weather,patchtst,nlms_feat_mu0.02,classic,1.0,24,3,pt_d128l3h8p16s8ep20lr0.0001,36864,0.7992110848426819
d374b7dbd05c,weather,patchtst,nlms_feat_mu0.05,classic,1.0,24,3,pt_d128l3h8p16s8ep20lr0.0001,36864,1.3456528186798096
6fd837cd1e2c,weather,patchtst,nlms_feat_mu0.3,classic,1.0,24,3,pt_d128l3h8p16s8ep20lr0.0001,36864,4.075069904327393
c1c09c4b0084,weather,patchtst,rls_bank_dftl,rls_ablation,1.0,24,3,pt_d128l3h8p16s8ep20lr0.0001,36864,2.0151333808898926
37e6abd68399,weather,patchtst,rls_bank_ftl,rls_ablation,1.0,24,3,pt_d128l3h8p16s8ep20lr0.0001,36864,1.8321154117584229
fdce0d18eda3,weather,patchtst,rls_bank_med,rls,1.0,24,3,pt_d128l3h8p16s8ep20lr0.0001,36864,0.6774066090583801
2a7ba3c4262e,weather,patchtst,rls_bank_med_noclip,rls_ablation,1.0,24,3,pt_d128l3h8p16s8ep20lr0.0001,36864,0.6768677234649658
3e25ba1c338f,weather,patchtst,rls_calib,rls,1.0,24,3,pt_d128l3h8p16s8ep20lr0.0001,36864,0.6719544529914856
9bb4d4189d2d,weather,patchtst,rls_feat,rls,1.0,24,3,pt_d128l3h8p16s8ep20lr0.0001,36864,0.7639921307563782
69fc69c6d5ef,weather,patchtst,rls_feat_l0.99,rls_sweep,1.0,24,3,pt_d128l3h8p16s8ep20lr0.0001,36864,2.229590892791748
59dc202ade67,weather,patchtst,rls_feat_l0.995,rls_sweep,1.0,24,3,pt_d128l3h8p16s8ep20lr0.0001,36864,1.7795466184616089
659ea83eabd5,weather,patchtst,rls_feat_l0.9995,rls_sweep,1.0,24,3,pt_d128l3h8p16s8ep20lr0.0001,36864,0.6926179528236389
8fbb29bc5280,weather,patchtst,rls_feat_l0.9999,rls_sweep,1.0,24,3,pt_d128l3h8p16s8ep20lr0.0001,36864,0.7111109495162964
b9cd3abc6a89,weather,patchtst,rls_feat_l1,rls_sweep,1.0,24,3,pt_d128l3h8p16s8ep20lr0.0001,36864,0.739295244216919
c0f22c51739f,weather,patchtst,rls_feat_noclip,rls_ablation,1.0,24,3,pt_d128l3h8p16s8ep20lr0.0001,36864,0.763992190361023
5c64bb3dc4df,weather,patchtst,snaive,naive,1.0,24,3,pt_d128l3h8p16s8ep20lr0.0001,36864,1.7683537006378174
94401e58196b,weather,patchtst,bias_ema,simple,1.0,48,3,pt_d128l3h8p16s8ep20lr0.0001,36864,0.9650840163230896
f61002c66662,weather,patchtst,elf_linear,elf,1.0,48,3,pt_d128l3h8p16s8ep20lr0.0001,36864,0.6859614849090576
482a82dc3d89,weather,patchtst,elf_mix,elf,1.0,48,3,pt_d128l3h8p16s8ep20lr0.0001,36864,0.583868682384491
6da5e7c6bc9d,weather,patchtst,frozen,frozen,1.0,48,3,pt_d128l3h8p16s8ep20lr0.0001,36864,1.1076197624206543
306df20d5800,weather,patchtst,gd_calib_sgd0.0001,gd,1.0,48,3,pt_d128l3h8p16s8ep20lr0.0001,36864,0.6900193691253662
73d19ae82d5c,weather,patchtst,gd_calib_sgd0.001,gd,1.0,48,3,pt_d128l3h8p16s8ep20lr0.0001,36864,0.6679370999336243
f16ed9b2b448,weather,patchtst,gd_calib_sgd0.01,gd,1.0,48,3,pt_d128l3h8p16s8ep20lr0.0001,36864,7181995008.0
d51ebce5bf70,weather,patchtst,gd_calib_sgd0.1,gd,1.0,48,3,pt_d128l3h8p16s8ep20lr0.0001,36864,
7841b6077c0f,weather,patchtst,gd_feat_adam0.01,gd,1.0,48,3,pt_d128l3h8p16s8ep20lr0.0001,36864,1.1831313371658325
819c4b66eef4,weather,patchtst,gd_feat_sgd0.0001,gd,1.0,48,3,pt_d128l3h8p16s8ep20lr0.0001,36864,0.6705745458602905
55cd1f32628e,weather,patchtst,gd_feat_sgd0.001,gd,1.0,48,3,pt_d128l3h8p16s8ep20lr0.0001,36864,12.7880277633667
c05aecbea3e6,weather,patchtst,gd_feat_sgd0.01,gd,1.0,48,3,pt_d128l3h8p16s8ep20lr0.0001,36864,
04d852a820c8,weather,patchtst,gd_feat_sgd0.1,gd,1.0,48,3,pt_d128l3h8p16s8ep20lr0.0001,36864,
11cb33918225,weather,patchtst,gd_feat_sgddec0.001,gd,1.0,48,3,pt_d128l3h8p16s8ep20lr0.0001,36864,0.6678065061569214
5aeffd704b89,weather,patchtst,gd_feat_sgddec0.01,gd,1.0,48,3,pt_d128l3h8p16s8ep20lr0.0001,36864,1.6897642317257806e+21
e8c627915496,weather,patchtst,gd_feat_sgddec0.1,gd,1.0,48,3,pt_d128l3h8p16s8ep20lr0.0001,36864,
586a361aac4a,weather,patchtst,naive,naive,1.0,48,3,pt_d128l3h8p16s8ep20lr0.0001,36864,1.0429818630218506
6d2006b05b19,weather,patchtst,nlms_feat,classic,1.0,48,3,pt_d128l3h8p16s8ep20lr0.0001,36864,2.429309129714966
6639e9d5ad75,weather,patchtst,nlms_feat_mu0.02,classic,1.0,48,3,pt_d128l3h8p16s8ep20lr0.0001,36864,0.8245242834091187
c72e00e27224,weather,patchtst,nlms_feat_mu0.05,classic,1.0,48,3,pt_d128l3h8p16s8ep20lr0.0001,36864,1.4546115398406982
c14728c6c6c9,weather,patchtst,nlms_feat_mu0.3,classic,1.0,48,3,pt_d128l3h8p16s8ep20lr0.0001,36864,4.539572238922119
298c9ac4f115,weather,patchtst,rls_bank_dftl,rls_ablation,1.0,48,3,pt_d128l3h8p16s8ep20lr0.0001,36864,1.4807939529418945
8e2f8f796502,weather,patchtst,rls_bank_ftl,rls_ablation,1.0,48,3,pt_d128l3h8p16s8ep20lr0.0001,36864,1.3220239877700806
fecc4c907458,weather,patchtst,rls_bank_med,rls,1.0,48,3,pt_d128l3h8p16s8ep20lr0.0001,36864,0.6719627976417542
952ff2450780,weather,patchtst,rls_bank_med_noclip,rls_ablation,1.0,48,3,pt_d128l3h8p16s8ep20lr0.0001,36864,0.6711878180503845
478d1bb73db6,weather,patchtst,rls_calib,rls,1.0,48,3,pt_d128l3h8p16s8ep20lr0.0001,36864,0.6624654531478882
fd8de5c96bd8,weather,patchtst,rls_feat,rls,1.0,48,3,pt_d128l3h8p16s8ep20lr0.0001,36864,0.7232163548469543
536c7db2c39c,weather,patchtst,rls_feat_l0.99,rls_sweep,1.0,48,3,pt_d128l3h8p16s8ep20lr0.0001,36864,1.7448647022247314
878d721bbd15,weather,patchtst,rls_feat_l0.995,rls_sweep,1.0,48,3,pt_d128l3h8p16s8ep20lr0.0001,36864,1.4365297555923462
a18e7ccc379b,weather,patchtst,rls_feat_l0.9995,rls_sweep,1.0,48,3,pt_d128l3h8p16s8ep20lr0.0001,36864,0.6827844977378845
7f2d040a378b,weather,patchtst,rls_feat_l0.9999,rls_sweep,1.0,48,3,pt_d128l3h8p16s8ep20lr0.0001,36864,0.7130610942840576
4a636fd951d5,weather,patchtst,rls_feat_l1,rls_sweep,1.0,48,3,pt_d128l3h8p16s8ep20lr0.0001,36864,0.7407678961753845
a449a6e42349,weather,patchtst,rls_feat_noclip,rls_ablation,1.0,48,3,pt_d128l3h8p16s8ep20lr0.0001,36864,0.7232163548469543
f29cfccac9cd,weather,patchtst,snaive,naive,1.0,48,3,pt_d128l3h8p16s8ep20lr0.0001,36864,1.7683537006378174
54cb93d74b3a,weather,patchtst,bias_ema,simple,1.0,96,3,pt_d128l3h8p16s8ep20lr0.0001,36864,0.8703298568725586
4125fe26ab3e,weather,patchtst,elf_linear,elf,1.0,96,3,pt_d128l3h8p16s8ep20lr0.0001,36864,0.6251745223999023
82a6b341904c,weather,patchtst,elf_mix,elf,1.0,96,3,pt_d128l3h8p16s8ep20lr0.0001,36864,0.5764517784118652
a055948592df,weather,patchtst,frozen,frozen,1.0,96,3,pt_d128l3h8p16s8ep20lr0.0001,36864,1.1076197624206543
9a75f58e081e,weather,patchtst,gd_calib_sgd0.0001,gd,1.0,96,3,pt_d128l3h8p16s8ep20lr0.0001,36864,0.6928930878639221
b32623f86875,weather,patchtst,gd_calib_sgd0.001,gd,1.0,96,3,pt_d128l3h8p16s8ep20lr0.0001,36864,0.6633797287940979
f9d7455036c7,weather,patchtst,gd_calib_sgd0.01,gd,1.0,96,3,pt_d128l3h8p16s8ep20lr0.0001,36864,118241544.0
ccf7c6f4185a,weather,patchtst,gd_calib_sgd0.1,gd,1.0,96,3,pt_d128l3h8p16s8ep20lr0.0001,36864,
b4fe8b31c248,weather,patchtst,gd_feat_adam0.01,gd,1.0,96,3,pt_d128l3h8p16s8ep20lr0.0001,36864,1.280341625213623
69da78972884,weather,patchtst,gd_feat_sgd0.0001,gd,1.0,96,3,pt_d128l3h8p16s8ep20lr0.0001,36864,0.6730939745903015
3c6b22efc813,weather,patchtst,gd_feat_sgd0.001,gd,1.0,96,3,pt_d128l3h8p16s8ep20lr0.0001,36864,17.55568504333496
526722e04078,weather,patchtst,gd_feat_sgd0.01,gd,1.0,96,3,pt_d128l3h8p16s8ep20lr0.0001,36864,
653298720e74,weather,patchtst,gd_feat_sgd0.1,gd,1.0,96,3,pt_d128l3h8p16s8ep20lr0.0001,36864,
8a11ee68de29,weather,patchtst,gd_feat_sgddec0.001,gd,1.0,96,3,pt_d128l3h8p16s8ep20lr0.0001,36864,0.6695371866226196
52b40a0eb04c,weather,patchtst,gd_feat_sgddec0.01,gd,1.0,96,3,pt_d128l3h8p16s8ep20lr0.0001,36864,6.49943375335444e+22
71f7911694dd,weather,patchtst,gd_feat_sgddec0.1,gd,1.0,96,3,pt_d128l3h8p16s8ep20lr0.0001,36864,
06e73b791054,weather,patchtst,naive,naive,1.0,96,3,pt_d128l3h8p16s8ep20lr0.0001,36864,1.0429818630218506
17eaf61598f4,weather,patchtst,nlms_feat,classic,1.0,96,3,pt_d128l3h8p16s8ep20lr0.0001,36864,2.5420384407043457
9c54e4b38f35,weather,patchtst,nlms_feat_mu0.02,classic,1.0,96,3,pt_d128l3h8p16s8ep20lr0.0001,36864,0.7938547134399414
cd114bb495e1,weather,patchtst,nlms_feat_mu0.05,classic,1.0,96,3,pt_d128l3h8p16s8ep20lr0.0001,36864,1.38080632686615
02c49eb49521,weather,patchtst,nlms_feat_mu0.3,classic,1.0,96,3,pt_d128l3h8p16s8ep20lr0.0001,36864,5.346818447113037
ac47219c5889,weather,patchtst,rls_bank_dftl,rls_ablation,1.0,96,3,pt_d128l3h8p16s8ep20lr0.0001,36864,1.379469394683838
e92cf37abbd8,weather,patchtst,rls_bank_ftl,rls_ablation,1.0,96,3,pt_d128l3h8p16s8ep20lr0.0001,36864,1.2604751586914062
5ca80840b20a,weather,patchtst,rls_bank_med,rls,1.0,96,3,pt_d128l3h8p16s8ep20lr0.0001,36864,0.6667400002479553
85266d25f244,weather,patchtst,rls_bank_med_noclip,rls_ablation,1.0,96,3,pt_d128l3h8p16s8ep20lr0.0001,36864,0.6660980582237244
e10b774e343e,weather,patchtst,rls_calib,rls,1.0,96,3,pt_d128l3h8p16s8ep20lr0.0001,36864,0.66065913438797
a471f8c40c50,weather,patchtst,rls_feat,rls,1.0,96,3,pt_d128l3h8p16s8ep20lr0.0001,36864,0.7060765624046326
6cdeec0b7991,weather,patchtst,rls_feat_l0.99,rls_sweep,1.0,96,3,pt_d128l3h8p16s8ep20lr0.0001,36864,1.55136239528656
233dd5a0f941,weather,patchtst,rls_feat_l0.995,rls_sweep,1.0,96,3,pt_d128l3h8p16s8ep20lr0.0001,36864,1.2762997150421143
0af6e01d8d68,weather,patchtst,rls_feat_l0.9995,rls_sweep,1.0,96,3,pt_d128l3h8p16s8ep20lr0.0001,36864,0.6771705150604248
c7c32bba113f,weather,patchtst,rls_feat_l0.9999,rls_sweep,1.0,96,3,pt_d128l3h8p16s8ep20lr0.0001,36864,0.7126531600952148
3294ef0066b8,weather,patchtst,rls_feat_l1,rls_sweep,1.0,96,3,pt_d128l3h8p16s8ep20lr0.0001,36864,0.7402295470237732
0cd7c6631de9,weather,patchtst,rls_feat_noclip,rls_ablation,1.0,96,3,pt_d128l3h8p16s8ep20lr0.0001,36864,0.7060766220092773
6d34d450257c,weather,patchtst,snaive,naive,1.0,96,3,pt_d128l3h8p16s8ep20lr0.0001,36864,1.7683537006378174
b33fa575288c,weather,patchtst,bias_ema,simple,2.0,1,3,pt_d128l3h8p16s8ep20lr0.0001,36864,0.5091982483863831
0ba0e937da60,weather,patchtst,elf_linear,elf,2.0,1,3,pt_d128l3h8p16s8ep20lr0.0001,36864,0.7295518517494202
c09d7076043f,weather,patchtst,elf_mix,elf,2.0,1,3,pt_d128l3h8p16s8ep20lr0.0001,36864,0.5641832947731018
41f743b0fafb,weather,patchtst,frozen,frozen,2.0,1,3,pt_d128l3h8p16s8ep20lr0.0001,36864,1.117791771888733
286ae8c62795,weather,patchtst,gd_calib_sgd0.0001,gd,2.0,1,3,pt_d128l3h8p16s8ep20lr0.0001,36864,0.6799973249435425
f9d4db609ec9,weather,patchtst,gd_calib_sgd0.001,gd,2.0,1,3,pt_d128l3h8p16s8ep20lr0.0001,36864,0.5992389917373657
56eefba0a7fd,weather,patchtst,gd_calib_sgd0.01,gd,2.0,1,3,pt_d128l3h8p16s8ep20lr0.0001,36864,2825992011776.0
dcd96e0d596d,weather,patchtst,gd_calib_sgd0.1,gd,2.0,1,3,pt_d128l3h8p16s8ep20lr0.0001,36864,
a75931e5ee50,weather,patchtst,gd_feat_adam0.01,gd,2.0,1,3,pt_d128l3h8p16s8ep20lr0.0001,36864,0.6089004874229431
92f52b08a867,weather,patchtst,gd_feat_sgd0.0001,gd,2.0,1,3,pt_d128l3h8p16s8ep20lr0.0001,36864,0.651685357093811
4349927a0537,weather,patchtst,gd_feat_sgd0.001,gd,2.0,1,3,pt_d128l3h8p16s8ep20lr0.0001,36864,1225.1361083984375
766f42be466a,weather,patchtst,gd_feat_sgd0.01,gd,2.0,1,3,pt_d128l3h8p16s8ep20lr0.0001,36864,
8cd34c2274f7,weather,patchtst,gd_feat_sgd0.1,gd,2.0,1,3,pt_d128l3h8p16s8ep20lr0.0001,36864,
4abc87f9421e,weather,patchtst,gd_feat_sgddec0.001,gd,2.0,1,3,pt_d128l3h8p16s8ep20lr0.0001,36864,0.6447873711585999
85093335b66e,weather,patchtst,gd_feat_sgddec0.01,gd,2.0,1,3,pt_d128l3h8p16s8ep20lr0.0001,36864,1.6449071218069745e+25
032a8c6ba6cf,weather,patchtst,gd_feat_sgddec0.1,gd,2.0,1,3,pt_d128l3h8p16s8ep20lr0.0001,36864,
b220005b7820,weather,patchtst,naive,naive,2.0,1,3,pt_d128l3h8p16s8ep20lr0.0001,36864,1.0429818630218506
2b37744e19bf,weather,patchtst,nlms_feat,classic,2.0,1,3,pt_d128l3h8p16s8ep20lr0.0001,36864,1.2409112453460693
3e2d08a2febc,weather,patchtst,nlms_feat_mu0.02,classic,2.0,1,3,pt_d128l3h8p16s8ep20lr0.0001,36864,0.6817488670349121
b820c3b74fcc,weather,patchtst,nlms_feat_mu0.05,classic,2.0,1,3,pt_d128l3h8p16s8ep20lr0.0001,36864,0.9635206460952759
f1a34b88c72d,weather,patchtst,nlms_feat_mu0.3,classic,2.0,1,3,pt_d128l3h8p16s8ep20lr0.0001,36864,1.4410526752471924
68a28840e65f,weather,patchtst,rls_bank_dftl,rls_ablation,2.0,1,3,pt_d128l3h8p16s8ep20lr0.0001,36864,1.5087324380874634
347daf02aaa0,weather,patchtst,rls_bank_ftl,rls_ablation,2.0,1,3,pt_d128l3h8p16s8ep20lr0.0001,36864,1.4272147417068481
57b3d47a54ec,weather,patchtst,rls_bank_med,rls,2.0,1,3,pt_d128l3h8p16s8ep20lr0.0001,36864,0.688642680644989
d84617590194,weather,patchtst,rls_bank_med_noclip,rls_ablation,2.0,1,3,pt_d128l3h8p16s8ep20lr0.0001,36864,0.6859546899795532
6a4e64945e92,weather,patchtst,rls_calib,rls,2.0,1,3,pt_d128l3h8p16s8ep20lr0.0001,36864,0.6440714597702026
7fd9a9e897d7,weather,patchtst,rls_feat,rls,2.0,1,3,pt_d128l3h8p16s8ep20lr0.0001,36864,0.8865392804145813
69245d9b5b83,weather,patchtst,rls_feat_l0.99,rls_sweep,2.0,1,3,pt_d128l3h8p16s8ep20lr0.0001,36864,1.6163883209228516
0a6842af7cfc,weather,patchtst,rls_feat_l0.995,rls_sweep,2.0,1,3,pt_d128l3h8p16s8ep20lr0.0001,36864,1.56114661693573
cc25bdec0e80,weather,patchtst,rls_feat_l0.9995,rls_sweep,2.0,1,3,pt_d128l3h8p16s8ep20lr0.0001,36864,0.7191072702407837
1f1605d5f436,weather,patchtst,rls_feat_l0.9999,rls_sweep,2.0,1,3,pt_d128l3h8p16s8ep20lr0.0001,36864,0.6902868747711182
3ac935eec7f8,weather,patchtst,rls_feat_l1,rls_sweep,2.0,1,3,pt_d128l3h8p16s8ep20lr0.0001,36864,0.7181825041770935
9ec37987f341,weather,patchtst,rls_feat_noclip,rls_ablation,2.0,1,3,pt_d128l3h8p16s8ep20lr0.0001,36864,0.8865410685539246
006a1a920d86,weather,patchtst,snaive,naive,2.0,1,3,pt_d128l3h8p16s8ep20lr0.0001,36864,1.7683537006378174
b09406ddfa09,weather,patchtst,bias_ema,simple,2.0,24,3,pt_d128l3h8p16s8ep20lr0.0001,36864,0.822943925857544
283fc24265fd,weather,patchtst,elf_linear,elf,2.0,24,3,pt_d128l3h8p16s8ep20lr0.0001,36864,0.7744545936584473
e477aec640df,weather,patchtst,elf_mix,elf,2.0,24,3,pt_d128l3h8p16s8ep20lr0.0001,36864,0.5935646891593933
eef5547dd2bd,weather,patchtst,frozen,frozen,2.0,24,3,pt_d128l3h8p16s8ep20lr0.0001,36864,1.117791771888733
08a704fd20e1,weather,patchtst,gd_calib_sgd0.0001,gd,2.0,24,3,pt_d128l3h8p16s8ep20lr0.0001,36864,0.6888821721076965
229f4e82b60a,weather,patchtst,gd_calib_sgd0.001,gd,2.0,24,3,pt_d128l3h8p16s8ep20lr0.0001,36864,0.6546996235847473
8b90e11fbf46,weather,patchtst,gd_calib_sgd0.01,gd,2.0,24,3,pt_d128l3h8p16s8ep20lr0.0001,36864,102772842496.0
d6240e3f2637,weather,patchtst,gd_calib_sgd0.1,gd,2.0,24,3,pt_d128l3h8p16s8ep20lr0.0001,36864,
a28baabe9c69,weather,patchtst,gd_feat_adam0.01,gd,2.0,24,3,pt_d128l3h8p16s8ep20lr0.0001,36864,0.9942950010299683
7e0b6d09959f,weather,patchtst,gd_feat_sgd0.0001,gd,2.0,24,3,pt_d128l3h8p16s8ep20lr0.0001,36864,0.6680969595909119
bc79e11bcd00,weather,patchtst,gd_feat_sgd0.001,gd,2.0,24,3,pt_d128l3h8p16s8ep20lr0.0001,36864,14.840087890625
4dc183cd5679,weather,patchtst,gd_feat_sgd0.01,gd,2.0,24,3,pt_d128l3h8p16s8ep20lr0.0001,36864,
8a44ae511116,weather,patchtst,gd_feat_sgd0.1,gd,2.0,24,3,pt_d128l3h8p16s8ep20lr0.0001,36864,
43a2623003c2,weather,patchtst,gd_feat_sgddec0.001,gd,2.0,24,3,pt_d128l3h8p16s8ep20lr0.0001,36864,0.661374032497406
7801f72bba2f,weather,patchtst,gd_feat_sgddec0.01,gd,2.0,24,3,pt_d128l3h8p16s8ep20lr0.0001,36864,1.328361592480869e+22
d6a34ff898bd,weather,patchtst,gd_feat_sgddec0.1,gd,2.0,24,3,pt_d128l3h8p16s8ep20lr0.0001,36864,
11b490d8e734,weather,patchtst,naive,naive,2.0,24,3,pt_d128l3h8p16s8ep20lr0.0001,36864,1.0429818630218506
23421f7a1e05,weather,patchtst,nlms_feat,classic,2.0,24,3,pt_d128l3h8p16s8ep20lr0.0001,36864,2.171933650970459
6e55f4448a80,weather,patchtst,nlms_feat_mu0.02,classic,2.0,24,3,pt_d128l3h8p16s8ep20lr0.0001,36864,0.8055102229118347
d2a19a8dbd0d,weather,patchtst,nlms_feat_mu0.05,classic,2.0,24,3,pt_d128l3h8p16s8ep20lr0.0001,36864,1.3547122478485107
9ecf3b0c47f5,weather,patchtst,nlms_feat_mu0.3,classic,2.0,24,3,pt_d128l3h8p16s8ep20lr0.0001,36864,4.080020427703857
0f54a1e2e85f,weather,patchtst,rls_bank_dftl,rls_ablation,2.0,24,3,pt_d128l3h8p16s8ep20lr0.0001,36864,2.18632173538208
04f932b0e31b,weather,patchtst,rls_bank_ftl,rls_ablation,2.0,24,3,pt_d128l3h8p16s8ep20lr0.0001,36864,2.0942118167877197
0c04146d6727,weather,patchtst,rls_bank_med,rls,2.0,24,3,pt_d128l3h8p16s8ep20lr0.0001,36864,0.7742895483970642
2a8ee7cf5b3f,weather,patchtst,rls_bank_med_noclip,rls_ablation,2.0,24,3,pt_d128l3h8p16s8ep20lr0.0001,36864,0.7709367871284485
42ac41acc44d,weather,patchtst,rls_calib,rls,2.0,24,3,pt_d128l3h8p16s8ep20lr0.0001,36864,0.6759387254714966
e18366789962,weather,patchtst,rls_feat,rls,2.0,24,3,pt_d128l3h8p16s8ep20lr0.0001,36864,1.0601527690887451
127ef1526905,weather,patchtst,rls_feat_l0.99,rls_sweep,2.0,24,3,pt_d128l3h8p16s8ep20lr0.0001,36864,2.3327507972717285
f54ee4ede789,weather,patchtst,rls_feat_l0.995,rls_sweep,2.0,24,3,pt_d128l3h8p16s8ep20lr0.0001,36864,2.2785089015960693
e7e6f13378be,weather,patchtst,rls_feat_l0.9995,rls_sweep,2.0,24,3,pt_d128l3h8p16s8ep20lr0.0001,36864,0.7885475158691406
181a593b08ee,weather,patchtst,rls_feat_l0.9999,rls_sweep,2.0,24,3,pt_d128l3h8p16s8ep20lr0.0001,36864,0.7104474902153015
e26612a5de85,weather,patchtst,rls_feat_l1,rls_sweep,2.0,24,3,pt_d128l3h8p16s8ep20lr0.0001,36864,0.7339996099472046
d84b60789b8f,weather,patchtst,rls_feat_noclip,rls_ablation,2.0,24,3,pt_d128l3h8p16s8ep20lr0.0001,36864,1.0601552724838257
d8e0cbf8702f,weather,patchtst,snaive,naive,2.0,24,3,pt_d128l3h8p16s8ep20lr0.0001,36864,1.7683537006378174
1dbf0ea5fc4f,weather,patchtst,bias_ema,simple,2.0,48,3,pt_d128l3h8p16s8ep20lr0.0001,36864,0.9720078110694885
7d35f2db1de4,weather,patchtst,elf_linear,elf,2.0,48,3,pt_d128l3h8p16s8ep20lr0.0001,36864,0.6859614849090576
0eeb6228e388,weather,patchtst,elf_mix,elf,2.0,48,3,pt_d128l3h8p16s8ep20lr0.0001,36864,0.5853767991065979
46f344d73779,weather,patchtst,frozen,frozen,2.0,48,3,pt_d128l3h8p16s8ep20lr0.0001,36864,1.117791771888733
a3c970bc5993,weather,patchtst,gd_calib_sgd0.0001,gd,2.0,48,3,pt_d128l3h8p16s8ep20lr0.0001,36864,0.6927893757820129
5de7438f5a2e,weather,patchtst,gd_calib_sgd0.001,gd,2.0,48,3,pt_d128l3h8p16s8ep20lr0.0001,36864,0.6735637784004211
5f69eb9d3ca8,weather,patchtst,gd_calib_sgd0.01,gd,2.0,48,3,pt_d128l3h8p16s8ep20lr0.0001,36864,18254379008.0
4090d62ab0ad,weather,patchtst,gd_calib_sgd0.1,gd,2.0,48,3,pt_d128l3h8p16s8ep20lr0.0001,36864,
aabedba1945c,weather,patchtst,gd_feat_adam0.01,gd,2.0,48,3,pt_d128l3h8p16s8ep20lr0.0001,36864,1.2051475048065186
26f6165cb033,weather,patchtst,gd_feat_sgd0.0001,gd,2.0,48,3,pt_d128l3h8p16s8ep20lr0.0001,36864,0.6720054745674133
bddfcaba8ae5,weather,patchtst,gd_feat_sgd0.001,gd,2.0,48,3,pt_d128l3h8p16s8ep20lr0.0001,36864,9.297323226928711
0002df4537e2,weather,patchtst,gd_feat_sgd0.01,gd,2.0,48,3,pt_d128l3h8p16s8ep20lr0.0001,36864,
905f89266932,weather,patchtst,gd_feat_sgd0.1,gd,2.0,48,3,pt_d128l3h8p16s8ep20lr0.0001,36864,
192532835834,weather,patchtst,gd_feat_sgddec0.001,gd,2.0,48,3,pt_d128l3h8p16s8ep20lr0.0001,36864,0.6698259115219116
f656cdd4457c,weather,patchtst,gd_feat_sgddec0.01,gd,2.0,48,3,pt_d128l3h8p16s8ep20lr0.0001,36864,1.64759981501698e+22
ce95fa660b6f,weather,patchtst,gd_feat_sgddec0.1,gd,2.0,48,3,pt_d128l3h8p16s8ep20lr0.0001,36864,
c2194e462412,weather,patchtst,naive,naive,2.0,48,3,pt_d128l3h8p16s8ep20lr0.0001,36864,1.0429818630218506
8c7a02a8cd95,weather,patchtst,nlms_feat,classic,2.0,48,3,pt_d128l3h8p16s8ep20lr0.0001,36864,2.4415807723999023
1bbe2caa0dfe,weather,patchtst,nlms_feat_mu0.02,classic,2.0,48,3,pt_d128l3h8p16s8ep20lr0.0001,36864,0.8309710621833801
082e7a00782f,weather,patchtst,nlms_feat_mu0.05,classic,2.0,48,3,pt_d128l3h8p16s8ep20lr0.0001,36864,1.467789649963379
8b9537d965a8,weather,patchtst,nlms_feat_mu0.3,classic,2.0,48,3,pt_d128l3h8p16s8ep20lr0.0001,36864,4.580332279205322
2cf965d5e737,weather,patchtst,rls_bank_dftl,rls_ablation,2.0,48,3,pt_d128l3h8p16s8ep20lr0.0001,36864,1.3295326232910156
5c69553b0345,weather,patchtst,rls_bank_ftl,rls_ablation,2.0,48,3,pt_d128l3h8p16s8ep20lr0.0001,36864,1.2222119569778442
c479f0260ed3,weather,patchtst,rls_bank_med,rls,2.0,48,3,pt_d128l3h8p16s8ep20lr0.0001,36864,0.6923560500144958
b1c94870af0f,weather,patchtst,rls_bank_med_noclip,rls_ablation,2.0,48,3,pt_d128l3h8p16s8ep20lr0.0001,36864,0.6911342740058899
c934f868ace4,weather,patchtst,rls_calib,rls,2.0,48,3,pt_d128l3h8p16s8ep20lr0.0001,36864,0.668502688407898
19bc0dded6bb,weather,patchtst,rls_feat,rls,2.0,48,3,pt_d128l3h8p16s8ep20lr0.0001,36864,0.7767924070358276
56301edcf235,weather,patchtst,rls_feat_l0.99,rls_sweep,2.0,48,3,pt_d128l3h8p16s8ep20lr0.0001,36864,1.5784374475479126
567e3f380903,weather,patchtst,rls_feat_l0.995,rls_sweep,2.0,48,3,pt_d128l3h8p16s8ep20lr0.0001,36864,1.4230865240097046
71a81d122f7a,weather,patchtst,rls_feat_l0.9995,rls_sweep,2.0,48,3,pt_d128l3h8p16s8ep20lr0.0001,36864,0.7022429704666138
0ecc3adc4d21,weather,patchtst,rls_feat_l0.9999,rls_sweep,2.0,48,3,pt_d128l3h8p16s8ep20lr0.0001,36864,0.710497260093689
c3458bfa9e6c,weather,patchtst,rls_feat_l1,rls_sweep,2.0,48,3,pt_d128l3h8p16s8ep20lr0.0001,36864,0.7356138229370117
233e64967a97,weather,patchtst,rls_feat_noclip,rls_ablation,2.0,48,3,pt_d128l3h8p16s8ep20lr0.0001,36864,0.7767929434776306
4918027b4ddf,weather,patchtst,snaive,naive,2.0,48,3,pt_d128l3h8p16s8ep20lr0.0001,36864,1.7683537006378174
ce8826ef4d56,weather,patchtst,bias_ema,simple,2.0,96,3,pt_d128l3h8p16s8ep20lr0.0001,36864,0.8766373991966248
3fc38c65470b,weather,patchtst,elf_linear,elf,2.0,96,3,pt_d128l3h8p16s8ep20lr0.0001,36864,0.6251745223999023
84a411a43090,weather,patchtst,elf_mix,elf,2.0,96,3,pt_d128l3h8p16s8ep20lr0.0001,36864,0.5778390765190125
bacd45b301de,weather,patchtst,frozen,frozen,2.0,96,3,pt_d128l3h8p16s8ep20lr0.0001,36864,1.117791771888733
1a0880b8463f,weather,patchtst,gd_calib_sgd0.0001,gd,2.0,96,3,pt_d128l3h8p16s8ep20lr0.0001,36864,0.6954520344734192
1b5e7027fb41,weather,patchtst,gd_calib_sgd0.001,gd,2.0,96,3,pt_d128l3h8p16s8ep20lr0.0001,36864,0.6676260232925415
1f9db56acf07,weather,patchtst,gd_calib_sgd0.01,gd,2.0,96,3,pt_d128l3h8p16s8ep20lr0.0001,36864,171686384.0
678b1f32efc1,weather,patchtst,gd_calib_sgd0.1,gd,2.0,96,3,pt_d128l3h8p16s8ep20lr0.0001,36864,
953dbe9ec105,weather,patchtst,gd_feat_adam0.01,gd,2.0,96,3,pt_d128l3h8p16s8ep20lr0.0001,36864,1.3065747022628784
297662822b4a,weather,patchtst,gd_feat_sgd0.0001,gd,2.0,96,3,pt_d128l3h8p16s8ep20lr0.0001,36864,0.6742392778396606
3cf2987e5388,weather,patchtst,gd_feat_sgd0.001,gd,2.0,96,3,pt_d128l3h8p16s8ep20lr0.0001,36864,12.002618789672852
84d3049cdf20,weather,patchtst,gd_feat_sgd0.01,gd,2.0,96,3,pt_d128l3h8p16s8ep20lr0.0001,36864,
a18990e3b1cd,weather,patchtst,gd_feat_sgd0.1,gd,2.0,96,3,pt_d128l3h8p16s8ep20lr0.0001,36864,
a2ca60f71cf4,weather,patchtst,gd_feat_sgddec0.001,gd,2.0,96,3,pt_d128l3h8p16s8ep20lr0.0001,36864,0.671110987663269
df530d36191d,weather,patchtst,gd_feat_sgddec0.01,gd,2.0,96,3,pt_d128l3h8p16s8ep20lr0.0001,36864,3.3198670161289714e+23
5e16faba3fa4,weather,patchtst,gd_feat_sgddec0.1,gd,2.0,96,3,pt_d128l3h8p16s8ep20lr0.0001,36864,
3c408a077ce2,weather,patchtst,naive,naive,2.0,96,3,pt_d128l3h8p16s8ep20lr0.0001,36864,1.0429818630218506
f22c0c11753c,weather,patchtst,nlms_feat,classic,2.0,96,3,pt_d128l3h8p16s8ep20lr0.0001,36864,2.5793657302856445
cc4c3c091471,weather,patchtst,nlms_feat_mu0.02,classic,2.0,96,3,pt_d128l3h8p16s8ep20lr0.0001,36864,0.7999172210693359
3a9e2d52b547,weather,patchtst,nlms_feat_mu0.05,classic,2.0,96,3,pt_d128l3h8p16s8ep20lr0.0001,36864,1.3996078968048096
f0dd68a4da20,weather,patchtst,nlms_feat_mu0.3,classic,2.0,96,3,pt_d128l3h8p16s8ep20lr0.0001,36864,5.433411121368408
248a7f8ad06c,weather,patchtst,rls_bank_dftl,rls_ablation,2.0,96,3,pt_d128l3h8p16s8ep20lr0.0001,36864,1.2519829273223877
7d6288a024b4,weather,patchtst,rls_bank_ftl,rls_ablation,2.0,96,3,pt_d128l3h8p16s8ep20lr0.0001,36864,1.1918545961380005
75753f4f115d,weather,patchtst,rls_bank_med,rls,2.0,96,3,pt_d128l3h8p16s8ep20lr0.0001,36864,0.6834712028503418
a3ad3186d55b,weather,patchtst,rls_bank_med_noclip,rls_ablation,2.0,96,3,pt_d128l3h8p16s8ep20lr0.0001,36864,0.6824277639389038
4ced8dc992e1,weather,patchtst,rls_calib,rls,2.0,96,3,pt_d128l3h8p16s8ep20lr0.0001,36864,0.6666418313980103
11b487e4fe47,weather,patchtst,rls_feat,rls,2.0,96,3,pt_d128l3h8p16s8ep20lr0.0001,36864,0.7495132684707642
1b68a14c876e,weather,patchtst,rls_feat_l0.99,rls_sweep,2.0,96,3,pt_d128l3h8p16s8ep20lr0.0001,36864,1.3743587732315063
3f1861a4aca9,weather,patchtst,rls_feat_l0.995,rls_sweep,2.0,96,3,pt_d128l3h8p16s8ep20lr0.0001,36864,1.204986572265625
fd8fc6c90831,weather,patchtst,rls_feat_l0.9995,rls_sweep,2.0,96,3,pt_d128l3h8p16s8ep20lr0.0001,36864,0.6929492354393005
a0f75f580c1d,weather,patchtst,rls_feat_l0.9999,rls_sweep,2.0,96,3,pt_d128l3h8p16s8ep20lr0.0001,36864,0.7097756862640381
86b38b7a69a4,weather,patchtst,rls_feat_l1,rls_sweep,2.0,96,3,pt_d128l3h8p16s8ep20lr0.0001,36864,0.7348114252090454
02f158183257,weather,patchtst,rls_feat_noclip,rls_ablation,2.0,96,3,pt_d128l3h8p16s8ep20lr0.0001,36864,0.7495138645172119
798b58cd3107,weather,patchtst,snaive,naive,2.0,96,3,pt_d128l3h8p16s8ep20lr0.0001,36864,1.7683537006378174
74550f3db176,weather,patchtst_ext,elf_linear,elf,0.0,1,3,patchtst_ext,36863,0.7303228378295898
d80afe42074a,weather,patchtst_ext,elf_mix,elf,0.0,1,3,patchtst_ext,36863,0.5737560987472534
37ba85285657,weather,patchtst_ext,bias_ema,simple,0.0,24,3,patchtst_ext,36863,0.771468997001648
9de0093170c9,weather,patchtst_ext,cosa,external_tta,0.0,24,3,patchtst_ext,36863,0.6479999423027039
12292e8489d7,weather,patchtst_ext,dynatta,external_tta,0.0,24,3,patchtst_ext,36863,0.6964621543884277
64b20dca1974,weather,patchtst_ext,elf_linear,elf,0.0,24,3,patchtst_ext,36863,0.7746297717094421
54c8adcdcb66,weather,patchtst_ext,elf_mix,elf,0.0,24,3,patchtst_ext,36863,0.6097615957260132
1de7ab81ec91,weather,patchtst_ext,frozen,external_tta,0.0,24,3,patchtst_ext,36863,0.6551956534385681
c95482168e1b,weather,patchtst_ext,frozen,frozen,0.0,24,3,patchtst_ext,36863,0.6551956534385681
0688d432f8d2,weather,patchtst_ext,gd_calib_sgd0.0001,gd,0.0,24,3,patchtst_ext,36863,0.630699634552002
0ece224406f2,weather,patchtst_ext,gd_calib_sgd0.001,gd,0.0,24,3,patchtst_ext,36863,0.6707224249839783
d90718ae810c,weather,patchtst_ext,gd_calib_sgd0.01,gd,0.0,24,3,patchtst_ext,36863,inf
52a5f24b012a,weather,patchtst_ext,gd_calib_sgd0.1,gd,0.0,24,3,patchtst_ext,36863,
144a5d95f451,weather,patchtst_ext,gd_feat_adam0.01,gd,0.0,24,3,patchtst_ext,36863,0.9974096417427063
d623b7f5cbbb,weather,patchtst_ext,gd_feat_sgd0.0001,gd,0.0,24,3,patchtst_ext,36863,0.6129751801490784
8bbf326896fe,weather,patchtst_ext,gd_feat_sgd0.001,gd,0.0,24,3,patchtst_ext,36863,49555.359375
03e1f51e1b42,weather,patchtst_ext,gd_feat_sgd0.01,gd,0.0,24,3,patchtst_ext,36863,
90b385089a51,weather,patchtst_ext,gd_feat_sgd0.1,gd,0.0,24,3,patchtst_ext,36863,
21196fc7b9b4,weather,patchtst_ext,gd_feat_sgddec0.001,gd,0.0,24,3,patchtst_ext,36863,0.6272431015968323
425ec240f4eb,weather,patchtst_ext,gd_feat_sgddec0.01,gd,0.0,24,3,patchtst_ext,36863,2.145044380964929e+30
a96f4dea2caa,weather,patchtst_ext,gd_feat_sgddec0.1,gd,0.0,24,3,patchtst_ext,36863,
90dae7ed3fa5,weather,patchtst_ext,naive,naive,0.0,24,3,patchtst_ext,36863,1.043002724647522
4e42458ae63c,weather,patchtst_ext,nlms_feat,classic,0.0,24,3,patchtst_ext,36863,1.9945385456085205
d3e08cb2b9d6,weather,patchtst_ext,nlms_feat_mu0.02,classic,0.0,24,3,patchtst_ext,36863,0.7773370146751404
68896b417292,weather,patchtst_ext,nlms_feat_mu0.05,classic,0.0,24,3,patchtst_ext,36863,1.230473518371582
ab32ab1f0e81,weather,patchtst_ext,nlms_feat_mu0.3,classic,0.0,24,3,patchtst_ext,36863,3.8828537464141846
71fdd9b69f35,weather,patchtst_ext,petsa,external_tta,0.0,24,3,patchtst_ext,36863,0.7867808938026428
ab32ae5bfefe,weather,patchtst_ext,rls_bank_dftl,rls_ablation,0.0,24,3,patchtst_ext,36863,2.730501651763916
5d9823b944b2,weather,patchtst_ext,rls_bank_ftl,rls_ablation,0.0,24,3,patchtst_ext,36863,2.407561779022217
3e700f030a5c,weather,patchtst_ext,rls_bank_med,rls,0.0,24,3,patchtst_ext,36863,0.6235012412071228
002ed3fcc494,weather,patchtst_ext,rls_bank_med_noclip,rls_ablation,0.0,24,3,patchtst_ext,36863,0.6230382323265076
3182eac9a670,weather,patchtst_ext,rls_calib,rls,0.0,24,3,patchtst_ext,36863,0.659400463104248
e62464107720,weather,patchtst_ext,rls_feat,rls,0.0,24,3,patchtst_ext,36863,0.695128321647644
34908fe5b647,weather,patchtst_ext,rls_feat_l0.99,rls_sweep,0.0,24,3,patchtst_ext,36863,3.079909563064575
f3a70f8036c3,weather,patchtst_ext,rls_feat_l0.995,rls_sweep,0.0,24,3,patchtst_ext,36863,1.6426914930343628
5a76c772dea3,weather,patchtst_ext,rls_feat_l0.9995,rls_sweep,0.0,24,3,patchtst_ext,36863,0.6302666664123535
17b84c654b5a,weather,patchtst_ext,rls_feat_l0.9999,rls_sweep,0.0,24,3,patchtst_ext,36863,0.6019185185432434
d38129261dc6,weather,patchtst_ext,rls_feat_l1,rls_sweep,0.0,24,3,patchtst_ext,36863,0.6042457818984985
7823fb7bb621,weather,patchtst_ext,rls_feat_noclip,rls_ablation,0.0,24,3,patchtst_ext,36863,0.6951284408569336
546e0b8b1f1b,weather,patchtst_ext,snaive,naive,0.0,24,3,patchtst_ext,36863,1.7682995796203613
5ae502526e60,weather,patchtst_ext,tafas,external_tta,0.0,24,3,patchtst_ext,36863,0.6556541919708252
164ba199d24e,weather,patchtst_ext,bias_ema,simple,0.0,48,3,patchtst_ext,36863,0.7881006002426147
472d7e388a06,weather,patchtst_ext,cosa,external_tta,0.0,48,3,patchtst_ext,36863,0.665244996547699
a846d2250775,weather,patchtst_ext,dynatta,external_tta,0.0,48,3,patchtst_ext,36863,0.6702088713645935
f656effcbf83,weather,patchtst_ext,elf_linear,elf,0.0,48,3,patchtst_ext,36863,0.6858108639717102
4818e35c9ecd,weather,patchtst_ext,elf_mix,elf,0.0,48,3,patchtst_ext,36863,0.6015082001686096
b6980f5373be,weather,patchtst_ext,frozen,frozen,0.0,48,3,patchtst_ext,36863,0.6551956534385681
33955d5339b3,weather,patchtst_ext,gd_calib_sgd0.0001,gd,0.0,48,3,patchtst_ext,36863,0.6317386031150818
2ec46d0892f5,weather,patchtst_ext,gd_calib_sgd0.001,gd,0.0,48,3,patchtst_ext,36863,0.692506730556488
ba858047c495,weather,patchtst_ext,gd_calib_sgd0.01,gd,0.0,48,3,patchtst_ext,36863,inf
827b56d1dee1,weather,patchtst_ext,gd_calib_sgd0.1,gd,0.0,48,3,patchtst_ext,36863,
59c046922207,weather,patchtst_ext,gd_feat_adam0.01,gd,0.0,48,3,patchtst_ext,36863,1.2187350988388062
6a643e1fd92a,weather,patchtst_ext,gd_feat_sgd0.0001,gd,0.0,48,3,patchtst_ext,36863,0.6142850518226624
d098bee31eb9,weather,patchtst_ext,gd_feat_sgd0.001,gd,0.0,48,3,patchtst_ext,36863,48474.1796875
a33d48b01957,weather,patchtst_ext,gd_feat_sgd0.01,gd,0.0,48,3,patchtst_ext,36863,
3ca8001c4422,weather,patchtst_ext,gd_feat_sgd0.1,gd,0.0,48,3,patchtst_ext,36863,
138956d9e245,weather,patchtst_ext,gd_feat_sgddec0.001,gd,0.0,48,3,patchtst_ext,36863,0.6315791010856628
a722c3041057,weather,patchtst_ext,gd_feat_sgddec0.01,gd,0.0,48,3,patchtst_ext,36863,2.708439929564207e+30
b270fc6eaa12,weather,patchtst_ext,gd_feat_sgddec0.1,gd,0.0,48,3,patchtst_ext,36863,
86d97a2ca3aa,weather,patchtst_ext,naive,naive,0.0,48,3,patchtst_ext,36863,1.043002724647522
3dadc025747d,weather,patchtst_ext,nlms_feat,classic,0.0,48,3,patchtst_ext,36863,2.086397886276245
b654f42fbf55,weather,patchtst_ext,nlms_feat_mu0.02,classic,0.0,48,3,patchtst_ext,36863,0.7882996797561646
019995a6fa97,weather,patchtst_ext,nlms_feat_mu0.05,classic,0.0,48,3,patchtst_ext,36863,1.287616491317749
495cac8fbb25,weather,patchtst_ext,nlms_feat_mu0.3,classic,0.0,48,3,patchtst_ext,36863,3.748452663421631
622d51e80448,weather,patchtst_ext,petsa,external_tta,0.0,48,3,patchtst_ext,36863,0.7869556546211243
74865f67c815,weather,patchtst_ext,rls_bank_dftl,rls_ablation,0.0,48,3,patchtst_ext,36863,1.171858310699463
0dad473eb1e8,weather,patchtst_ext,rls_bank_ftl,rls_ablation,0.0,48,3,patchtst_ext,36863,0.9451267123222351
aa1168bdd104,weather,patchtst_ext,rls_bank_med,rls,0.0,48,3,patchtst_ext,36863,0.6090564131736755
ba6aaf19dec6,weather,patchtst_ext,rls_bank_med_noclip,rls_ablation,0.0,48,3,patchtst_ext,36863,0.6080955266952515
07ccc78b784d,weather,patchtst_ext,rls_calib,rls,0.0,48,3,patchtst_ext,36863,0.6324343085289001
c42124f95604,weather,patchtst_ext,rls_feat,rls,0.0,48,3,patchtst_ext,36863,0.6474771499633789
09aa1a64b1f3,weather,patchtst_ext,rls_feat_l0.99,rls_sweep,0.0,48,3,patchtst_ext,36863,1.4057186841964722
cd038c3c5c87,weather,patchtst_ext,rls_feat_l0.995,rls_sweep,0.0,48,3,patchtst_ext,36863,1.0381702184677124
79f7b7a0210c,weather,patchtst_ext,rls_feat_l0.9995,rls_sweep,0.0,48,3,patchtst_ext,36863,0.6145585775375366
3256d1ac8e68,weather,patchtst_ext,rls_feat_l0.9999,rls_sweep,0.0,48,3,patchtst_ext,36863,0.6000835299491882
ae0b7e8784cb,weather,patchtst_ext,rls_feat_l1,rls_sweep,0.0,48,3,patchtst_ext,36863,0.6027966737747192
2a6e32ef9a26,weather,patchtst_ext,rls_feat_noclip,rls_ablation,0.0,48,3,patchtst_ext,36863,0.6474771499633789
5782190bdda5,weather,patchtst_ext,snaive,naive,0.0,48,3,patchtst_ext,36863,1.7682995796203613
1e58ee9e2ed3,weather,patchtst_ext,tafas,external_tta,0.0,48,3,patchtst_ext,36863,0.6552960276603699
d78e18e6b5d5,weather,patchtst_ext,bias_ema,simple,0.0,96,3,patchtst_ext,36863,0.7717573046684265
7bd4cbae7bce,weather,patchtst_ext,cosa,external_tta,0.0,96,3,patchtst_ext,36863,0.6597189903259277
e88d4967da44,weather,patchtst_ext,dynatta,external_tta,0.0,96,3,patchtst_ext,36863,0.6756017804145813
c1ab130a5d2e,weather,patchtst_ext,elf_linear,elf,0.0,96,3,patchtst_ext,36863,0.6252904534339905
50033320a62f,weather,patchtst_ext,elf_mix,elf,0.0,96,3,patchtst_ext,36863,0.5934363007545471
c71f2c08e745,weather,patchtst_ext,frozen,frozen,0.0,96,3,patchtst_ext,36863,0.6551956534385681
994e90e57fac,weather,patchtst_ext,gd_calib_sgd0.0001,gd,0.0,96,3,patchtst_ext,36863,0.6314388513565063
d7cc8ce7661c,weather,patchtst_ext,gd_calib_sgd0.001,gd,0.0,96,3,patchtst_ext,36863,0.7086820602416992
c6c8c8234243,weather,patchtst_ext,gd_calib_sgd0.01,gd,0.0,96,3,patchtst_ext,36863,inf
0b649775b16b,weather,patchtst_ext,gd_calib_sgd0.1,gd,0.0,96,3,patchtst_ext,36863,
23891b0a0d6a,weather,patchtst_ext,gd_feat_adam0.01,gd,0.0,96,3,patchtst_ext,36863,1.3501574993133545
728da6323063,weather,patchtst_ext,gd_feat_sgd0.0001,gd,0.0,96,3,patchtst_ext,36863,0.61529541015625
ce8441b22c6f,weather,patchtst_ext,gd_feat_sgd0.001,gd,0.0,96,3,patchtst_ext,36863,106667.3984375
a230c76904f3,weather,patchtst_ext,gd_feat_sgd0.01,gd,0.0,96,3,patchtst_ext,36863,
4917c8ee691d,weather,patchtst_ext,gd_feat_sgd0.1,gd,0.0,96,3,patchtst_ext,36863,
fdce3aa07736,weather,patchtst_ext,gd_feat_sgddec0.001,gd,0.0,96,3,patchtst_ext,36863,0.6332111954689026
06d88aa37b8a,weather,patchtst_ext,gd_feat_sgddec0.01,gd,0.0,96,3,patchtst_ext,36863,inf
2d64ac8f2c39,weather,patchtst_ext,gd_feat_sgddec0.1,gd,0.0,96,3,patchtst_ext,36863,
c053103dabf0,weather,patchtst_ext,naive,naive,0.0,96,3,patchtst_ext,36863,1.043002724647522
a9234ba7baee,weather,patchtst_ext,nlms_feat,classic,0.0,96,3,patchtst_ext,36863,1.9409176111221313
3dc3f7d713a3,weather,patchtst_ext,nlms_feat_mu0.02,classic,0.0,96,3,patchtst_ext,36863,0.7645273208618164
4c8978ba0fe7,weather,patchtst_ext,nlms_feat_mu0.05,classic,0.0,96,3,patchtst_ext,36863,1.1801543235778809
b8522b14e17c,weather,patchtst_ext,nlms_feat_mu0.3,classic,0.0,96,3,patchtst_ext,36863,3.9128623008728027
55c1e7c6e493,weather,patchtst_ext,petsa,external_tta,0.0,96,3,patchtst_ext,36863,0.7863579392433167
aeacb677a646,weather,patchtst_ext,rls_bank_dftl,rls_ablation,0.0,96,3,patchtst_ext,36863,1.2288793325424194
9630e29f8daa,weather,patchtst_ext,rls_bank_ftl,rls_ablation,0.0,96,3,patchtst_ext,36863,1.0087493658065796
170273586478,weather,patchtst_ext,rls_bank_med,rls,0.0,96,3,patchtst_ext,36863,0.6065641641616821
0a5a4260abc6,weather,patchtst_ext,rls_bank_med_noclip,rls_ablation,0.0,96,3,patchtst_ext,36863,0.6058602333068848
5bddb38beaa3,weather,patchtst_ext,rls_calib,rls,0.0,96,3,patchtst_ext,36863,0.6282175183296204
e511cf57fa57,weather,patchtst_ext,rls_feat,rls,0.0,96,3,patchtst_ext,36863,0.6454799175262451
23be9ad56385,weather,patchtst_ext,rls_feat_l0.99,rls_sweep,0.0,96,3,patchtst_ext,36863,1.5528162717819214
bdf76571f3e1,weather,patchtst_ext,rls_feat_l0.995,rls_sweep,0.0,96,3,patchtst_ext,36863,1.1113637685775757
b7d6825b7ecc,weather,patchtst_ext,rls_feat_l0.9995,rls_sweep,0.0,96,3,patchtst_ext,36863,0.6125615239143372
8b2c10626815,weather,patchtst_ext,rls_feat_l0.9999,rls_sweep,0.0,96,3,patchtst_ext,36863,0.5976572036743164
63e9463b0799,weather,patchtst_ext,rls_feat_l1,rls_sweep,0.0,96,3,patchtst_ext,36863,0.6003132462501526
88983b026906,weather,patchtst_ext,rls_feat_noclip,rls_ablation,0.0,96,3,patchtst_ext,36863,0.6454799175262451
a7f6f33f7efb,weather,patchtst_ext,snaive,naive,0.0,96,3,patchtst_ext,36863,1.7682995796203613
6099925210fb,weather,patchtst_ext,tafas,external_tta,0.0,96,3,patchtst_ext,36863,0.6550305485725403
